school_id,fund,fy27_proposed_budget
400009,Charter Core Instructional Funding,9260083.24
400009,EBF - Bilingual Programs,107010.0
400009,Mandated Parent Involvement,2526.72
400009,Title I - School Discretionary,275628.76
400009,Title IIA Teacher Quality,7365.0
400009,Title III - Language Acquisition,18000.0
400009,Title IV Part A,9339.72
400011,Charter Core Instructional Funding,6978066.8
400011,Lunchroom Fund,103588.403944
400011,Mandated Parent Involvement,4745.0
400011,Title I - School Discretionary,314267.4
400011,Title IIA Teacher Quality,10770.0
400011,Title IV Part A,5550.0
400021,Charter Core Instructional Funding,9825872.44
400021,Mandated Parent Involvement,11634.05
400021,School and District Improvement Grant (Title 1003a) Cohort 22,31000.0
400021,Title I - School Discretionary,603387.65
400021,Title IIA Teacher Quality,14832.36
400021,Title IV Part A,7818.0
400023,Charter Core Instructional Funding,9410960.36
400023,EBF - Bilingual Programs,5000.0
400023,Mandated Parent Involvement,10400.9
400023,Title I - School Discretionary,481792.29000000004
400023,Title IIA Teacher Quality,9003.35
400023,Title III - Language Acquisition,500.0
400023,Title IV Part A,9118.99
400024,Charter Core Instructional Funding,10580258.04
400024,EBF - Bilingual Programs,107010.0
400024,Mandated Parent Involvement,11160.099999999999
400024,Title I - School Discretionary,516111.33999999997
400024,Title IIA Teacher Quality,10224.26
400024,Title III - Language Acquisition,18000.0
400024,Title IV Part A,10628.15
400025,Charter Core Instructional Funding,9071486.84
400025,EBF - Bilingual Programs,107010.0
400025,Mandated Parent Involvement,7216.200000000001
400025,School and District Improvement Grant (Title 1003a) Cohort 22,31000.0
400025,Title I - School Discretionary,459152.54000000004
400025,Title IIA Teacher Quality,7215.0
400025,Title III - Language Acquisition,18000.0
400025,Title IV Part A,9510.96
400026,Charter Core Instructional Funding,6751751.12
400026,EBF - Bilingual Programs,2000.0
400026,Mandated Parent Involvement,7405.5
400026,School and District Improvement Grant (Title 1003a) 27-4331-39,50000.0
400026,Title I - School Discretionary,394914.63
400026,Title IIA Teacher Quality,5370.0
400026,Title III - Language Acquisition,200.0
400026,Title IV Part A,8197.8
400027,Charter Core Instructional Funding,8769732.6
400027,EBF - Bilingual Programs,107010.0
400027,Mandated Parent Involvement,5581.6
400027,Title I - School Discretionary,344850.94
400027,Title IIA Teacher Quality,6975.0
400027,Title III - Language Acquisition,18000.0
400027,Title IV Part A,10270.4
400028,Charter Core Instructional Funding,7977627.72
400028,EBF - Bilingual Programs,107010.0
400028,Mandated Parent Involvement,9149.0
400028,School and District Improvement Grant (Title 1003a) 27-4331-39,15000.0
400028,Title I - School Discretionary,425345.42000000004
400028,Title IIA Teacher Quality,6345.0
400028,Title III - Language Acquisition,18000.0
400028,Title IV Part A,6845.0
400029,Charter Core Instructional Funding,9241223.6
400029,EBF - Bilingual Programs,3000.0
400029,Mandated Parent Involvement,10466.67
400029,School and District Improvement Grant (Title 1003a) 27-4331-39,15000.0
400029,Title I - School Discretionary,504553.14
400029,Title IIA Teacher Quality,8925.01
400029,Title III - Language Acquisition,300.0
400029,Title IV Part A,12155.79
400030,Charter Core Instructional Funding,10089907.4
400030,EBF - Bilingual Programs,107010.0
400030,Mandated Parent Involvement,7555.950000000001
400030,Title I - School Discretionary,486719.45999999996
400030,Title I School Improvement & Accountability (Cohort 15) -4331-35,20000.0
400030,Title IIA Teacher Quality,8025.0
400030,Title III - Language Acquisition,18000.0
400030,Title IV Part A,12763.0
400031,Charter Core Instructional Funding,11146047.24
400031,EBF - Bilingual Programs,1000.0
400031,Mandated Parent Involvement,8873.34
400031,Title I - School Discretionary,598302.43
400031,Title I School Improvement & Accountability (Cohort 15) -4331-35,5500.0
400031,Title IIA Teacher Quality,14090.0
400031,Title III - Language Acquisition,100.0
400031,Title IV Part A,8865.0
400032,Charter Core Instructional Funding,3828506.92
400032,EBF - Bilingual Programs,3000.0
400032,Mandated Parent Involvement,2577.6
400032,Title I - School Discretionary,209980.47
400032,Title IIA Teacher Quality,3045.0
400032,Title III - Language Acquisition,300.0
400032,Title IV Part A,6480.0
400033,Charter Core Instructional Funding,21613147.44
400033,EBF - Bilingual Programs,9000.0
400033,Mandated Parent Involvement,19695.62
400033,School and District Improvement Grant (Title 1003a) Cohort 22,75000.0
400033,Title I - School Discretionary,1130736.69
400033,Title IIA Teacher Quality,17241.24
400033,Title III - Language Acquisition,900.0
400033,Title IV Part A,29307.9
400034,Charter Core Instructional Funding,17105693.48
400034,EBF - Bilingual Programs,107010.0
400034,Mandated Parent Involvement,12455.25
400034,Title I - School Discretionary,806037.36
400034,Title IIA Teacher Quality,19908.96
400034,Title III - Language Acquisition,18000.0
400034,Title IV Part A,13685.0
400035,Charter Core Instructional Funding,11749555.72
400035,EBF - Bilingual Programs,107010.0
400035,Lunchroom Fund,98316.221096
400035,Mandated Parent Involvement,8273.65
400035,Title I - School Discretionary,573014.79
400035,Title IIA Teacher Quality,18330.0
400035,Title III - Language Acquisition,18000.0
400035,Title IV Part A,9345.0
400039,Charter Core Instructional Funding,7147803.56
400039,EBF - Bilingual Programs,107010.0
400039,Mandated Parent Involvement,7612.45
400039,School and District Improvement Grant (Title 1003a) 27-4331-39,50000.0
400039,Title I - School Discretionary,365857.46
400039,Title IIA Teacher Quality,5685.0
400039,Title III - Language Acquisition,18000.0
400039,Title IV Part A,6985.0
400044,Charter Core Instructional Funding,13298661.6
400044,EBF - Bilingual Programs,107010.0
400044,Lunchroom Fund,142534.64441
400044,Mandated Parent Involvement,21465.92
400044,Title I - School Discretionary,916883.3200000001
400044,Title I School Improvement & Accountability (Cohort 15) -4331-35,20000.0
400044,Title IIA Teacher Quality,15197.4
400044,Title III - Language Acquisition,18000.0
400044,Title IV Part A,15222.6
400046,Charter Core Instructional Funding,8958329.0
400046,Mandated Parent Involvement,10503.2
400046,Title I - School Discretionary,515703.60000000003
400046,Title IIA Teacher Quality,7125.0
400046,Title IV Part A,14340.0
400047,Charter Core Instructional Funding,7242101.76
400047,EBF - Bilingual Programs,5000.0
400047,Mandated Parent Involvement,8553.7
400047,Title I - School Discretionary,422807.77
400047,Title IIA Teacher Quality,5760.0
400047,Title III - Language Acquisition,500.0
400047,Title IV Part A,5760.0
400048,Charter Core Instructional Funding,7732452.4
400048,EBF - Bilingual Programs,4000.0
400048,Mandated Parent Involvement,8661.619999999999
400048,Title I - School Discretionary,428365.01
400048,Title IIA Teacher Quality,11199.32
400048,Title III - Language Acquisition,400.0
400048,Title IV Part A,6150.0
400049,Charter Core Instructional Funding,8599995.84
400049,EBF - Bilingual Programs,4000.0
400049,Mandated Parent Involvement,11065.2
400049,Title I - School Discretionary,542118.24
400049,Title I School Improvement & Accountability (Cohort 15) -4331-35,20000.0
400049,Title IIA Teacher Quality,13815.0
400049,Title III - Language Acquisition,400.0
400049,Title IV Part A,13815.0
400050,Charter Core Instructional Funding,7279821.04
400050,EBF - Bilingual Programs,107010.0
400050,Mandated Parent Involvement,3973.36
400050,Title I - School Discretionary,262953.8
400050,Title IIA Teacher Quality,7200.0
400050,Title III - Language Acquisition,18000.0
400050,Title IV Part A,7134.9
400051,Charter Core Instructional Funding,13013151.6
400051,EBF - Bilingual Programs,107010.0
400051,Mandated Parent Involvement,11317.8
400051,Title I - School Discretionary,577792.52
400051,Title IIA Teacher Quality,13775.08
400051,Title III - Language Acquisition,18000.0
400051,Title IV Part A,13775.08
400052,Charter Core Instructional Funding,20097760.6
400052,EBF - Bilingual Programs,16000.0
400052,Mandated Parent Involvement,21681.23
400052,School and District Improvement Grant (Title 1003a) Cohort 22,31000.0
400052,Title I - School Discretionary,1044397.43
400052,Title IIA Teacher Quality,22680.04
400052,Title III - Language Acquisition,1600.0
400052,Title IV Part A,21910.5
400053,Charter Core Instructional Funding,12221046.72
400053,EBF - Bilingual Programs,107010.0
400053,Mandated Parent Involvement,12339.6
400053,Title I - School Discretionary,558273.26
400053,Title IIA Teacher Quality,12938.28
400053,Title III - Language Acquisition,18000.0
400053,Title IV Part A,12938.28
400054,Charter Core Instructional Funding,18972797.84
400054,EBF - Bilingual Programs,107010.0
400054,Mandated Parent Involvement,19182.71
400054,Title I - School Discretionary,944884.3200000001
400054,Title IIA Teacher Quality,20038.44
400054,Title III - Language Acquisition,18000.0
400054,Title IV Part A,20035.08
400055,Charter Core Instructional Funding,8769732.6
400055,EBF - Bilingual Programs,107010.0
400055,Mandated Parent Involvement,9532.97
400055,Title I - School Discretionary,427530.42000000004
400055,Title IIA Teacher Quality,9755.0
400055,Title III - Language Acquisition,18000.0
400055,Title IV Part A,9755.0
400056,Charter Core Instructional Funding,5714470.92
400056,EBF - Bilingual Programs,57505.0
400056,Mandated Parent Involvement,6786.95
400056,School and District Improvement Grant (Title 1003a) 27-4331-39,15000.0
400056,Title I - School Discretionary,305307.16
400056,Title IIA Teacher Quality,6103.28
400056,Title III - Language Acquisition,5000.0
400056,Title IV Part A,6100.08
400057,Charter Core Instructional Funding,14796884.8
400057,EBF - Bilingual Programs,107010.0
400057,Mandated Parent Involvement,18266.75
400057,Title I - School Discretionary,858281.1000000001
400057,Title IIA Teacher Quality,19118.44
400057,Title III - Language Acquisition,18000.0
400057,Title IV Part A,19115.08
400058,Charter Core Instructional Funding,3506151.2
400058,EBF - Bilingual Programs,1000.0
400058,Lunchroom Fund,131489.426904
400058,Mandated Parent Involvement,5151.9
400058,Title I - School Discretionary,310921.02
400058,Title IIA Teacher Quality,3405.0
400058,Title III - Language Acquisition,100.0
400058,Title IV Part A,3405.0
400058,Workers'& Unemployment Compensation/Tort,157966.2661528
400059,Charter Core Instructional Funding,2193275.2
400059,Mandated Parent Involvement,3307.3500000000004
400059,Title I - School Discretionary,194780.76
400059,Title I School Improvement & Accountability (Cohort 15) -4331-35,5500.0
400059,Title IIA Teacher Quality,2400.0
400059,Title IV Part A,2130.0
400060,Charter Core Instructional Funding,6317979.4
400060,EBF - Bilingual Programs,107010.0
400060,Lunchroom Fund,118368.5825399
400060,Mandated Parent Involvement,5673.9
400060,School and District Improvement Grant (Title 1003a) Cohort 22,75000.0
400060,Title I - School Discretionary,280436.82
400060,Title IIA Teacher Quality,10800.0
400060,Title III - Language Acquisition,18000.0
400060,Title IV Part A,6979.16
400061,Charter Core Instructional Funding,14672799.92
400061,EBF - Bilingual Programs,3000.0
400061,Mandated Parent Involvement,17290.2
400061,Title I - School Discretionary,812016.51
400061,Title I School Improvement & Accountability (Cohort 15) -4331-35,30000.0
400061,Title IIA Teacher Quality,14254.119999999999
400061,Title III - Language Acquisition,300.0
400061,Title IV Part A,14241.34
400062,Charter Core Instructional Funding,6280260.12
400062,EBF - Bilingual Programs,1000.0
400062,Mandated Parent Involvement,6760.05
400062,Title I - School Discretionary,315916.56
400062,Title IIA Teacher Quality,6016.1
400062,Title III - Language Acquisition,100.0
400062,Title IV Part A,6003.0
400064,Charter Core Instructional Funding,5921926.96
400064,EBF - Bilingual Programs,4000.0
400064,Mandated Parent Involvement,6946.950000000001
400064,School and District Improvement Grant (Title 1003a) 27-4331-39,50000.0
400064,Title I - School Discretionary,338516.65
400064,Title IIA Teacher Quality,5706.48
400064,Title III - Language Acquisition,400.0
400064,Title IV Part A,6016.4
400066,Charter Core Instructional Funding,6626162.4
400066,EBF - Bilingual Programs,2000.0
400066,Mandated Parent Involvement,9363.6
400066,Title I - School Discretionary,438912.14
400066,Title I School Improvement & Accountability (Cohort 15) -4331-35,30000.0
400066,Title IIA Teacher Quality,7725.74
400066,Title III - Language Acquisition,200.0
400066,Title IV Part A,7708.29
400069,Charter Core Instructional Funding,5251504.0
400069,EBF - Bilingual Programs,4000.0
400069,Mandated Parent Involvement,7360.8
400069,School and District Improvement Grant (Title 1003a) Cohort 22,31000.0
400069,Title I - School Discretionary,331115.43000000005
400069,Title IIA Teacher Quality,5100.0
400069,Title III - Language Acquisition,400.0
400069,Title IV Part A,9255.0
400071,Charter Core Instructional Funding,6765172.8
400071,EBF - Bilingual Programs,57505.0
400071,Mandated Parent Involvement,7357.92
400071,School and District Improvement Grant (Title 1003a) 27-4331-39,15000.0
400071,Title I - School Discretionary,414364.73
400071,Title IIA Teacher Quality,9866.77
400071,Title III - Language Acquisition,5000.0
400071,Title IV Part A,6570.0
400075,Charter Core Instructional Funding,7259432.0
400075,EBF - Bilingual Programs,12000.0
400075,Lunchroom Fund,181421.1352779
400075,Mandated Parent Involvement,9353.2
400075,Title I - School Discretionary,443528.73
400075,Title I School Improvement & Accountability (Cohort 15) -4331-35,5500.0
400075,Title IIA Teacher Quality,8925.0
400075,Title III - Language Acquisition,1200.0
400075,Title IV Part A,9012.71
400076,Charter Core Instructional Funding,4680016.8
400076,EBF - Bilingual Programs,6000.0
400076,Mandated Parent Involvement,4881.3
400076,Title I - School Discretionary,237128.40999999997
400076,Title IIA Teacher Quality,5703.84
400076,Title III - Language Acquisition,600.0
400076,Title IV Part A,4545.0
400077,Charter Core Instructional Funding,11881573.2
400077,EBF - Bilingual Programs,11000.0
400077,Lunchroom Fund,213417.608068
400077,Mandated Parent Involvement,9528.0
400077,School and District Improvement Grant (Title 1003a) 27-4331-39,50000.0
400077,Title I - School Discretionary,546541.3
400077,Title IIA Teacher Quality,11783.119999999999
400077,Title III - Language Acquisition,1100.0
400077,Title IV Part A,9450.0
400079,Charter Core Instructional Funding,9674995.32
400079,EBF - Bilingual Programs,107010.0
400079,Mandated Parent Involvement,9052.0
400079,Title I - School Discretionary,477163.42
400079,Title IIA Teacher Quality,10365.0
400079,Title III - Language Acquisition,18000.0
400079,Title IV Part A,10365.0
400080,Charter Core Instructional Funding,9090346.48
400080,EBF - Bilingual Programs,107010.0
400080,Mandated Parent Involvement,8516.55
400080,Title I - School Discretionary,497749.4
400080,Title I School Improvement & Accountability (Cohort 15) -4331-35,5500.0
400080,Title IIA Teacher Quality,10530.0
400080,Title III - Language Acquisition,18000.0
400080,Title IV Part A,10530.0
400085,Charter Core Instructional Funding,12051309.96
400085,EBF - Bilingual Programs,107010.0
400085,Mandated Parent Involvement,11564.85
400085,Title I - School Discretionary,585822.98
400085,Title IIA Teacher Quality,12859.92
400085,Title III - Language Acquisition,18000.0
400085,Title IV Part A,12859.92
400086,Charter Core Instructional Funding,2251093.6
400086,EBF - Bilingual Programs,5000.0
400086,Lunchroom Fund,187490.659534
400086,Mandated Parent Involvement,1967.05
400086,Title I - School Discretionary,283353.56
400086,Title IIA Teacher Quality,2520.0
400086,Title III - Language Acquisition,500.0
400086,Title IV Part A,2520.0
400089,Charter Core Instructional Funding,9335521.8
400089,EBF - Bilingual Programs,107010.0
400089,Mandated Parent Involvement,9175.75
400089,Title I - School Discretionary,518457.1
400089,Title IIA Teacher Quality,9965.0
400089,Title III - Language Acquisition,18000.0
400089,Title IV Part A,9965.0
400091,Charter Core Instructional Funding,2874149.574
400091,EBF - Bilingual Programs,16000.0
400091,General Education Fund,729761.8
400091,Lunchroom Fund,166517.836626
400091,Mandated Parent Involvement,6702.219999999999
400091,Special Education Fund,713488.0
400091,Title I - School Discretionary,286852.47000000003
400091,Title IIA Teacher Quality,4350.0
400091,Title III - Language Acquisition,1600.0
400091,Title IV Part A,5276.1
400092,Charter Core Instructional Funding,5412716.68
400092,EBF - Bilingual Programs,1000.0
400092,Mandated Parent Involvement,7040.03
400092,School and District Improvement Grant (Title 1003a) 27-4331-39,50000.0
400092,Title I - School Discretionary,339253.70999999996
400092,Title IIA Teacher Quality,4305.0
400092,Title III - Language Acquisition,100.0
400092,Title IV Part A,8490.0
400096,Charter Core Instructional Funding,9084696.08
400096,EBF - Bilingual Programs,107010.0
400096,Mandated Parent Involvement,9128.5
400096,School and District Improvement Grant (Title 1003a) Cohort 22,75000.0
400096,Title I - School Discretionary,587585.0800000001
400096,Title IIA Teacher Quality,10319.35
400096,Title III - Language Acquisition,18000.0
400096,Title IV Part A,8837.5
400097,Charter Core Instructional Funding,15677284.0
400097,EBF - Bilingual Programs,107010.0
400097,Mandated Parent Involvement,20622.21
400097,Title I - School Discretionary,1007884.41
400097,Title IIA Teacher Quality,21896.62
400097,Title III - Language Acquisition,18000.0
400097,Title IV Part A,21893.82
400098,Charter Core Instructional Funding,17954377.28
400098,EBF - Bilingual Programs,107010.0
400098,Mandated Parent Involvement,17464.35
400098,Title I - School Discretionary,855151.77
400098,Title IIA Teacher Quality,20005.0
400098,Title III - Language Acquisition,18000.0
400098,Title IV Part A,20005.0
400104,Charter Core Instructional Funding,9033767.56
400104,EBF - Bilingual Programs,107010.0
400104,Lunchroom Fund,273407.489026
400104,Mandated Parent Involvement,11429.7
400104,Title I - School Discretionary,499609.69999999995
400104,Title IIA Teacher Quality,9815.0
400104,Title III - Language Acquisition,18000.0
400104,Title IV Part A,15615.0
400106,Charter Core Instructional Funding,8309732.8
400106,EBF - Bilingual Programs,7000.0
400106,Mandated Parent Involvement,10346.76
400106,Title I - School Discretionary,534578.36
400106,Title IIA Teacher Quality,10595.08
400106,Title III - Language Acquisition,700.0
400106,Title IV Part A,10595.08
400107,Charter Core Instructional Funding,6023784.0
400107,EBF - Bilingual Programs,57505.0
400107,Mandated Parent Involvement,8461.900000000001
400107,Title I - School Discretionary,418094.98
400107,Title I School Improvement & Accountability (Cohort 15) -4331-35,20000.0
400107,Title IIA Teacher Quality,5850.0
400107,Title III - Language Acquisition,5000.0
400107,Title IV Part A,11700.0
400111,Charter Core Instructional Funding,9260083.24
400111,EBF - Bilingual Programs,2000.0
400111,Mandated Parent Involvement,8540.6
400111,Title I - School Discretionary,463356.43
400111,Title I School Improvement & Accountability (Cohort 15) -4331-35,20000.0
400111,Title IIA Teacher Quality,7365.0
400111,Title III - Language Acquisition,200.0
400111,Title IV Part A,7365.0
400112,Charter Core Instructional Funding,10316223.08
400112,EBF - Bilingual Programs,107010.0
400112,Mandated Parent Involvement,8841.9
400112,School and District Improvement Grant (Title 1003a) 27-4331-39,15000.0
400112,Title I - School Discretionary,614493.29
400112,Title IIA Teacher Quality,10849.92
400112,Title III - Language Acquisition,18000.0
400112,Title IV Part A,10849.92
400115,Charter Core Instructional Funding,20764463.64
400115,EBF - Bilingual Programs,107010.0
400115,Mandated Parent Involvement,21866.17
400115,Title I - School Discretionary,1162144.65
400115,Title IIA Teacher Quality,16515.0
400115,Title III - Language Acquisition,18000.0
400115,Title IV Part A,16515.0
400116,Charter Core Instructional Funding,6054675.2
400116,EBF - Bilingual Programs,107010.0
400116,Lunchroom Fund,90603.885538
400116,Mandated Parent Involvement,6983.65
400116,Title I - School Discretionary,425422.39
400116,Title IIA Teacher Quality,5880.0
400116,Title III - Language Acquisition,18000.0
400116,Title IV Part A,7932.29
400117,Charter Core Instructional Funding,10655696.6
400117,EBF - Bilingual Programs,9000.0
400117,Mandated Parent Involvement,11169.6
400117,Title I - School Discretionary,516005.33
400117,Title IIA Teacher Quality,11775.0
400117,Title III - Language Acquisition,900.0
400117,Title IV Part A,11775.0
400118,Charter Core Instructional Funding,5016664.24
400118,EBF - Bilingual Programs,3000.0
400118,Mandated Parent Involvement,6413.05
400118,Title I - School Discretionary,308052.36
400118,Title IIA Teacher Quality,5915.4
400118,Title III - Language Acquisition,300.0
400118,Title IV Part A,5971.32
400119,Charter Core Instructional Funding,3375875.56
400119,EBF - Bilingual Programs,3000.0
400119,Lunchroom Fund,103053.51944
400119,Mandated Parent Involvement,5665.4
400119,Title I - School Discretionary,232594.27000000002
400119,Title IIA Teacher Quality,5925.0
400119,Title III - Language Acquisition,300.0
400119,Title IV Part A,5925.0
400120,Charter Core Instructional Funding,8071925.92
400120,EBF - Bilingual Programs,107010.0
400120,Mandated Parent Involvement,7803.05
400120,Title I - School Discretionary,439889.1
400120,Title IIA Teacher Quality,8735.08
400120,Title III - Language Acquisition,18000.0
400120,Title IV Part A,8734.92
400123,Lunchroom Fund,33824.991102
400124,Lunchroom Fund,47073.991102
400125,Lunchroom Fund,82698.571924
400128,Lunchroom Fund,47073.991102
400130,Lunchroom Fund,49490.061895
400133,Lunchroom Fund,98316.221096
400135,Lunchroom Fund,28992.849516000002
400139,Lunchroom Fund,79272.184478
400143,Lunchroom Fund,51906.132688
400145,Lunchroom Fund,51147.386752
400146,Charter Core Instructional Funding,10872477.12
400146,EBF - Bilingual Programs,57505.0
400146,Lunchroom Fund,288217.354902
400146,Mandated Parent Involvement,11373.869999999999
400146,Title I - School Discretionary,573403.37
400146,Title IIA Teacher Quality,10812.7
400146,Title III - Language Acquisition,5000.0
400146,Title IV Part A,10718.4
400147,Charter Core Instructional Funding,2765130.107
400147,EBF - Bilingual Programs,2000.0
400147,General Education Fund,1467099.1800000002
400147,Lunchroom Fund,88746.781166
400147,Mandated Parent Involvement,4379.1
400147,Special Education Fund,332957.2
400147,Title I - School Discretionary,289541.07
400147,Title IIA Teacher Quality,8205.0
400147,Title III - Language Acquisition,200.0
400147,Title IV Part A,8205.0
400149,Charter Core Instructional Funding,10410521.28
400149,EBF - Bilingual Programs,107010.0
400149,Mandated Parent Involvement,10334.81
400149,Title I - School Discretionary,541715.23
400149,Title IIA Teacher Quality,11723.82
400149,Title III - Language Acquisition,18000.0
400149,Title IV Part A,11723.68
400150,Lunchroom Fund,135950.325664
400151,Charter Core Instructional Funding,2960963.48
400151,EBF - Bilingual Programs,2000.0
400151,Mandated Parent Involvement,3334.05
400151,Title I - School Discretionary,175625.51
400151,Title IIA Teacher Quality,2355.0
400151,Title III - Language Acquisition,200.0
400151,Title IV Part A,2355.0
400153,Charter Core Instructional Funding,8392539.8
400153,EBF - Bilingual Programs,107010.0
400153,Mandated Parent Involvement,8797.8
400153,School and District Improvement Grant (Title 1003a) Cohort 22,31000.0
400153,Title I - School Discretionary,489679.81
400153,Title IIA Teacher Quality,11498.4
400153,Title III - Language Acquisition,18000.0
400153,Title IV Part A,11498.4
400156,Charter Core Instructional Funding,11337070.4
400156,EBF - Bilingual Programs,57505.0
400156,Mandated Parent Involvement,14008.9
400156,Title I - School Discretionary,696891.65
400156,Title IIA Teacher Quality,15328.64
400156,Title III - Language Acquisition,5000.0
400156,Title IV Part A,15328.82
400157,Charter Core Instructional Funding,4401996.0
400157,EBF - Bilingual Programs,57505.0
400157,Mandated Parent Involvement,5289.39
400157,Title I - School Discretionary,300755.51
400157,Title IIA Teacher Quality,6974.84
400157,Title III - Language Acquisition,5000.0
400157,Title IV Part A,6043.82
400159,Charter Core Instructional Funding,8864030.8
400159,EBF - Bilingual Programs,107010.0
400159,Mandated Parent Involvement,10823.9
400159,Title I - School Discretionary,598371.21
400159,Title IIA Teacher Quality,14130.0
400159,Title III - Language Acquisition,18000.0
400159,Title IV Part A,14130.0
400161,Charter Core Instructional Funding,4394296.12
400161,EBF - Bilingual Programs,3000.0
400161,Mandated Parent Involvement,5558.7
400161,Title I - School Discretionary,298784.8
400161,Title I School Improvement & Accountability (Cohort 15) -4331-35,5500.0
400161,Title IIA Teacher Quality,4755.0
400161,Title III - Language Acquisition,300.0
400161,Title IV Part A,5775.0
400162,Charter Core Instructional Funding,18595605.04
400162,EBF - Bilingual Programs,107010.0
400162,Lunchroom Fund,262382.330762
400162,Mandated Parent Involvement,16578.15
400162,Title I - School Discretionary,923523.05
400162,Title I School Improvement & Accountability (Cohort 15) -4331-35,5500.0
400162,Title IIA Teacher Quality,19710.0
400162,Title III - Language Acquisition,18000.0
400162,Title IV Part A,29550.0
400163,Charter Core Instructional Funding,14596092.0
400163,EBF - Bilingual Programs,57505.0
400163,Lunchroom Fund,463339.12451800006
400163,Mandated Parent Involvement,20704.69
400163,School and District Improvement Grant (Title 1003a) Cohort 22,31000.0
400163,Title I - School Discretionary,1029700.0800000001
400163,Title IIA Teacher Quality,17737.32
400163,Title III - Language Acquisition,5000.0
400163,Title IV Part A,17760.0
400164,Charter Core Instructional Funding,2149998.96
400164,EBF - Bilingual Programs,107010.0
400164,Lunchroom Fund,71056.886522
400164,Mandated Parent Involvement,1463.8000000000002
400164,Title I - School Discretionary,84364.48999999999
400164,Title I School Improvement & Accountability (Cohort 15) -4331-35,30000.0
400164,Title IIA Teacher Quality,3150.0
400164,Title III - Language Acquisition,18000.0
400164,Title IV Part A,3150.0
400165,Charter Core Instructional Funding,3130700.24
400165,EBF - Bilingual Programs,1000.0
400165,Mandated Parent Involvement,3728.24
400165,Title I - School Discretionary,192102.32
400165,Title I School Improvement & Accountability (Cohort 15) -4331-35,20000.0
400165,Title IIA Teacher Quality,2490.0
400165,Title III - Language Acquisition,100.0
400165,Title IV Part A,5130.0
400167,Charter Core Instructional Funding,14050431.8
400167,EBF - Bilingual Programs,107010.0
400167,Lunchroom Fund,129388.589104
400167,Mandated Parent Involvement,17312.6
400167,Title I - School Discretionary,795650.21
400167,Title IIA Teacher Quality,22200.0
400167,Title III - Language Acquisition,18000.0
400167,Title IV Part A,11175.0
400168,Charter Core Instructional Funding,10900871.92
400168,EBF - Bilingual Programs,57505.0
400168,Mandated Parent Involvement,11255.7
400168,Title I - School Discretionary,578115.23
400168,Title IIA Teacher Quality,11497.29
400168,Title III - Language Acquisition,5000.0
400168,Title IV Part A,16830.0
400169,Charter Core Instructional Funding,21632007.08
400169,EBF - Bilingual Programs,107010.0
400169,Mandated Parent Involvement,21311.27
400169,Title I - School Discretionary,969437.8
400169,Title IIA Teacher Quality,22855.0
400169,Title III - Language Acquisition,18000.0
400169,Title IV Part A,22855.0
400170,Charter Core Instructional Funding,6085566.4
400170,EBF - Bilingual Programs,107010.0
400170,Mandated Parent Involvement,7424.12
400170,Title I - School Discretionary,358424.89
400170,Title IIA Teacher Quality,8422.5
400170,Title III - Language Acquisition,18000.0
400170,Title IV Part A,8422.5
400173,Charter Core Instructional Funding,4132828.87
400173,EBF - Bilingual Programs,107010.0
400173,General Education Fund,2192761.1399999997
400173,Mandated Parent Involvement,7718.15
400173,Special Education Fund,690293.0
400173,Title I - School Discretionary,525429.0800000001
400173,Title IIA Teacher Quality,12585.0
400173,Title III - Language Acquisition,18000.0
400173,Title IV Part A,12585.0
400175,Charter Core Instructional Funding,2329052.241
400175,EBF - Bilingual Programs,13000.0
400175,General Education Fund,591358.7
400175,Lunchroom Fund,47073.991102
400175,Mandated Parent Involvement,3711.45
400175,Special Education Fund,338560.0
400175,Title I - School Discretionary,259088.46
400175,Title IIA Teacher Quality,6765.0
400175,Title III - Language Acquisition,1300.0
400175,Title IV Part A,6765.0
400176,Charter Core Instructional Funding,1922706.956
400176,EBF - Bilingual Programs,107010.0
400176,General Education Fund,1020133.48
400176,Lunchroom Fund,46512.067502
400176,Mandated Parent Involvement,2839.0
400176,Special Education Fund,232725.0
400176,Title I - School Discretionary,207464.57
400176,Title IIA Teacher Quality,5700.0
400176,Title III - Language Acquisition,18000.0
400176,Title IV Part A,5700.0
400178,Charter Core Instructional Funding,14182449.28
400178,EBF - Bilingual Programs,17000.0
400178,Mandated Parent Involvement,19044.7
400178,School and District Improvement Grant (Title 1003a) 27-4331-39,50000.0
400178,Title I - School Discretionary,932384.2
400178,Title IIA Teacher Quality,14048.22
400178,Title III - Language Acquisition,1700.0
400178,Title IV Part A,22650.0
400179,Charter Core Instructional Funding,21009638.96
400179,EBF - Bilingual Programs,107010.0
400179,Mandated Parent Involvement,22291.4
400179,Title I - School Discretionary,1069294.56
400179,Title IIA Teacher Quality,23503.82
400179,Title III - Language Acquisition,18000.0
400179,Title IV Part A,23503.82
400180,Charter Core Instructional Funding,15754512.0
400180,EBF - Bilingual Programs,107010.0
400180,Mandated Parent Involvement,15859.369999999999
400180,Title I - School Discretionary,837920.3999999999
400180,Title IIA Teacher Quality,17854.8
400180,Title III - Language Acquisition,18000.0
400180,Title IV Part A,17880.0
400181,Charter Core Instructional Funding,10561398.4
400181,EBF - Bilingual Programs,3000.0
400181,Mandated Parent Involvement,12804.0
400181,Title I - School Discretionary,609996.8200000001
400181,Title IIA Teacher Quality,8400.0
400181,Title III - Language Acquisition,300.0
400181,Title IV Part A,12625.0
609674,Athletic Directors,109639.84000000001
609674,Core Instructional Positions,4072253.5552101
609674,EBF - Bilingual Programs,140233.4866889
609674,General Education Fund,974248.4571552
609674,IDEA Part B Flow-Through  (LEA Flowthru Instruction),537039.061007
609674,Lunchroom Fund,212930.0492
609674,Mandated Parent Involvement,7665.0
609674,Need-Based Flexible Funding,963409.5486788
609674,R. O. T. C. Salaries,240570.03215619997
609674,SY23-24 Chi-Rise project and the Crown Family Philanthropies fund,100763.20081439998
609674,Special Education Fund,3441788.2423604
609674,Title I - District Initiatives,216951.2806506
609674,Title I - District Initiatives - SIS,162914.05642409998
609674,Title I - School Discretionary,206849.6823639
609674,Title I - School Improvement Priority Initiative,184729.3196452
609674,Title Ii - Tier I Support,15217.5
609674,Whole School Safety Plans,80000.2648798
609674,Workers'& Unemployment Compensation/Tort,673095.264381
609676,Athletic Director Stipends,60000.0
609676,Core Instructional Positions,2477872.7143311
609676,General Education Fund,680462.5783281
609676,IDEA Part B Flow-Through  (LEA Flowthru Instruction),268169.2095282
609676,Lunchroom Fund,189502.721426
609676,Mandated Parent Involvement,5437.0
609676,Need-Based Flexible Funding,510781.6372376
609676,R. O. T. C. Salaries,238234.1524
609676,School and District Improvement Grant (Title 1003a) Cohort 18,5499.59
609676,Special Education Fund,1748292.5568249
609676,Title I - District Initiatives,73705.0373027
609676,Title I - District Initiatives - SIS,173513.7349369
609676,Title I - School Discretionary,136038.2087596
609676,Title Ii - Tier I Support,15217.5
609676,Whole School Safety Plans,79999.6721643
609676,Workers'& Unemployment Compensation/Tort,465453.769077
609678,Athletic Directors,109236.9025
609678,Core Instructional Positions,12540783.8533024
609678,EBF - Bilingual Programs,129067.8296973
609678,General Education Fund,1108802.3461894
609678,IDEA Part B Flow-Through  (LEA Flowthru Instruction),343608.33608429995
609678,Internal Accounts Book Transfers,223288.36299599998
609678,Lunchroom Fund,409292.381586
609678,Need-Based Flexible Funding,2155829.92585524
609678,Special Education Fund,3645202.8718002
609678,Title Ii - Tier I Support,15217.5
609678,Whole School Safety Plans,64999.59547768
609678,Workers'& Unemployment Compensation/Tort,743807.098409
609679,Athletic Directors,109236.9025
609679,Core Instructional Positions,8399055.5664661
609679,EBF - Bilingual Programs,309401.26592619997
609679,General Education Fund,1124053.984243
609679,IDEA Part B Flow-Through  (LEA Flowthru Instruction),257356.44228430002
609679,International Baccalaureate Program,368134.519581
609679,Lunchroom Fund,281243.144412
609679,Mandated Parent Involvement,14795.0
609679,Need-Based Flexible Funding,1834289.9147161
609679,R. O. T. C. Salaries,382841.92437100003
609679,Special Education Fund,3607960.2446286
609679,Title I - District Initiatives - SIS,148602.7942488
609679,Title I - School Discretionary,405904.91365450004
609679,Title Ii - Tier I Support,15217.5
609679,Whole School Safety Plans,74999.9020097
609679,Workers'& Unemployment Compensation/Tort,256852.109002
609680,Athletic Directors,103552.2
609680,Core Instructional Positions,8731798.0642832
609680,Critical Language Initiative,171186.47924760001
609680,EBF - Bilingual Programs,70900.2384304
609680,General Education Fund,1043479.8492915999
609680,IDEA Part B Flow-Through  (LEA Flowthru Instruction),162914.0564241
609680,Internal Accounts Book Transfers,864879.1206885
609680,Lunchroom Fund,178751.36278
609680,Need-Based Flexible Funding,1508888.6895244
609680,Special Education Fund,2376956.7671225
609680,Title Ii - Tier I Support,15217.5
609680,Workers'& Unemployment Compensation/Tort,419307.773876
609682,Athletic Director Stipends,60000.0
609682,CTU Sustainable Schools Initiative,206687.6884574
609682,Core Instructional Positions,2004362.3709126
609682,EBF - Bilingual Programs,122242.2487138
609682,General Education Fund,814851.8921594
609682,IDEA Part B Flow-Through  (LEA Flowthru Instruction),135714.2889672
609682,Lunchroom Fund,121978.939564
609682,Mandated Parent Involvement,2416.0
609682,Need-Based Flexible Funding,525271.955928733
609682,Positions Allocated on Appeal,381278.11076
609682,School and District Improvement Grant (Title 1003a) Cohort 18,30217.897
609682,Special Education Fund,1391818.8882029
609682,Title I - District Initiatives,94802.9487029
609682,Title I - District Initiatives - SIS,141113.9275962
609682,Title I - School Discretionary,75205.5089789
609682,Title I - School Improvement Priority Initiative,134668.2157
609682,Whole School Safety Plans,79999.6975097
609682,Workers'& Unemployment Compensation/Tort,332719.2291085
609691,Athletic Director Stipends,60000.0
609691,Athletic Directors,109236.9025
609691,Core Instructional Positions,7118817.6026837
609691,EBF - Bilingual Programs,261652.0289301
609691,General Education Fund,943965.5762223
609691,IDEA Part B Flow-Through  (LEA Flowthru Instruction),289558.694764
609691,Lunchroom Fund,307647.388446
609691,Mandated Parent Involvement,9916.0
609691,Need-Based Flexible Funding,1504005.7242858
609691,SY23-24 Chi-Rise project and the Crown Family Philanthropies fund,117419.2220658
609691,Special Education Fund,3247345.2308812
609691,Title I - District Initiatives - SIS,120995.89236079999
609691,Title I - School Discretionary,282133.0305578
609691,Title IV Part A,156209.411322
609691,Title Ii - Tier I Support,15217.5
609691,Whole School Safety Plans,80000.4254942
609691,Workers'& Unemployment Compensation/Tort,331985.1687474
609692,Athletic Directors,107967.5512
609692,CFF Circle of Service's Expanding Skilled Trades and Work-Based L,135712.59598
609692,Core Instructional Positions,7595218.3018801
609692,General Education Fund,1042976.1699421
609692,IDEA Part B Flow-Through  (LEA Flowthru Instruction),273365.3238367
609692,Lunchroom Fund,217211.44625799998
609692,Mandated Parent Involvement,16467.0
609692,Need-Based Flexible Funding,1665570.29244929
609692,Special Education Fund,3697845.8769055
609692,Title I - District Initiatives,91127.00751
609692,Title I - District Initiatives - SIS,162026.9553874
609692,Title I - School Discretionary,431150.9004326
609692,Title Ii - Tier I Support,15217.5
609692,Whole School Safety Plans,79999.5003798
609692,Workers'& Unemployment Compensation/Tort,387225.06413799996
609693,Athletic Directors,109236.9025
609693,CBA - Teacher Assistants K-2nd,381278.11077
609693,Core Instructional Positions,7893061.707472783
609693,EBF - Bilingual Programs,140666.2997678
609693,General Education Fund,978717.9121739999
609693,IDEA Part B Flow-Through  (LEA Flowthru Instruction),135714.2889672
609693,Lunchroom Fund,280454.38425199996
609693,Mandated Parent Involvement,13130.0
609693,Need-Based Flexible Funding,1679093.60874321
609693,Special Education Fund,3316934.5448156
609693,Title I - District Initiatives - SIS,126063.72563360001
609693,Title I - School Discretionary,373573.794151
609693,Title Ii - Tier I Support,15217.5
609693,Whole School Safety Plans,80000.35635
609693,Workers'& Unemployment Compensation/Tort,365634.60263940005
609694,Athletic Directors,109236.9025
609694,Core Instructional Positions,7082827.9932279
609694,EBF - Bilingual Programs,86713.4616444
609694,General Education Fund,978565.1122266001
609694,IDEA Part B Flow-Through  (LEA Flowthru Instruction),143790.898938
609694,Lunchroom Fund,292614.605934
609694,Mandated Parent Involvement,4874.0
609694,Need-Based Flexible Funding,1473003.4289109
609694,Special Education Fund,1809572.0084636002
609694,Title I - District Initiatives - SIS,162784.8538936
609694,Title I - School Discretionary,182115.32981574998
609694,Title Ii - Tier I Support,15217.5
609694,Workers'& Unemployment Compensation/Tort,383382.448297
609695,Athletic Directors,109236.9025
609695,CBA - Teacher Assistants K-2nd,254185.40718
609695,Core Instructional Positions,9553161.6818746
609695,EBF - Bilingual Programs,137449.8811113
609695,General Education Fund,1041584.1304016
609695,IDEA Part B Flow-Through  (LEA Flowthru Instruction),268509.4108904
609695,International Baccalaureate Program,537676.227545
609695,Lunchroom Fund,291866.698608
609695,Need-Based Flexible Funding,1845398.9906404
609695,Special Education Fund,3755873.6793881
609695,Title Ii - Tier I Support,15217.5
609695,Whole School Safety Plans,64999.998506200005
609695,Workers'& Unemployment Compensation/Tort,401510.77947
609698,Athletic Director Stipends,60000.0
609698,Athletic Directors,109236.9025
609698,Core Instructional Positions,3625032.6419356
609698,EBF - Bilingual Programs,170455.0700486
609698,General Education Fund,949264.8761652
609698,IDEA Part B Flow-Through  (LEA Flowthru Instruction),459036.513344
609698,International Baccalaureate Program,325496.8408826
609698,Lunchroom Fund,221175.500494
609698,Mandated Parent Involvement,6553.0
609698,Need-Based Flexible Funding,794059.5593741001
609698,R. O. T. C. Salaries,218273.6814436
609698,School and District Improvement Grant (Title 1003a) Cohort 18,30217.580727649998
609698,Special Education Fund,2533389.8069732
609698,Title I - District Initiatives - SIS,129826.6080828
609698,Title I - School Discretionary,181356.2185021
609698,Whole School Safety Plans,74999.688528
609698,Workers'& Unemployment Compensation/Tort,464737.16602699994
609704,Athletic Director Stipends,60000.0
609704,Athletic Directors,109236.9025
609704,CFF The Tullman Family Donations to Schools project,114752.2906106
609704,CTU Sustainable Schools Initiative,228811.9471501
609704,Core Instructional Positions,3129177.6321256
609704,EBF - Bilingual Programs,160069.2727969
609704,General Education Fund,763707.730024
609704,IDEA Part B Flow-Through  (LEA Flowthru Instruction),254822.7214374
609704,International Baccalaureate Program,323899.508735
609704,Lunchroom Fund,353928.958428
609704,Mandated Parent Involvement,3940.0
609704,Need-Based Flexible Funding,708451.71363294
609704,R. O. T. C. Salaries,339885.8066
609704,School and District Improvement Grant (Title 1003a) Cohort 18,30218.5
609704,Special Education Fund,2011941.8245666
609704,Title I - District Initiatives - SIS,148598.7967
609704,Title I - School Discretionary,114367.22584130001
609704,Title I - School Improvement Priority Initiative,134668.2157
609704,Whole School Safety Plans,79999.8579568
609704,Workers'& Unemployment Compensation/Tort,764863.6117979999
609705,Athletic Director Stipends,60000.0
609705,CTU Sustainable Schools Initiative,106391.13061440001
609705,Core Instructional Positions,1335150.1721922
609705,General Education Fund,454630.7720035
609705,IDEA Part B Flow-Through  (LEA Flowthru Instruction),170940.0759671
609705,Lunchroom Fund,137596.588736
609705,Mandated Parent Involvement,2939.0
609705,Need-Based Flexible Funding,479999.79149368
609705,R. O. T. C. Salaries,241681.4084
609705,School and District Improvement Grant (Title 1003a) Cohort 18,30218.0
609705,Special Education Fund,1106801.406639
609705,Title I - District Initiatives - SIS,125864.545216
609705,Title I - School Discretionary,75401.93706689999
609705,Title I - School Improvement Priority Initiative,182508.25577010002
609705,Whole School Safety Plans,80000.22015
609705,Workers'& Unemployment Compensation/Tort,565015.318521
609708,Athletic Director Stipends,60000.0
609708,Athletic Directors,109236.9025
609708,Core Instructional Positions,3829442.7057735003
609708,EBF - Bilingual Programs,316305.4806938
609708,General Education Fund,922337.0388837999
609708,IDEA Part B Flow-Through  (LEA Flowthru Instruction),315009.3960918
609708,Lunchroom Fund,234424.500494
609708,Mandated Parent Involvement,3604.0
609708,Need-Based Flexible Funding,865691.2511352
609708,R. O. T. C. Salaries,392209.32064999995
609708,School and District Improvement Grant (Title 1003a) Cohort 18,30217.897
609708,Special Education Fund,2292412.2881812
609708,Title I - District Initiatives - SIS,148689.0382626
609708,Title I - School Discretionary,116906.978531
609708,Title I - School Improvement Priority Initiative,123752.2086121
609708,Whole School Safety Plans,75000.1787936
609708,Workers'& Unemployment Compensation/Tort,509100.20612399996
609709,Athletic Director Stipends,60000.0
609709,Core Instructional Positions,2099009.3250212
609709,EBF - Bilingual Programs,107904.0192657
609709,General Education Fund,860470.0841282001
609709,Lunchroom Fund,313841.520076
609709,Mandated Parent Involvement,1891.0
609709,Need-Based Flexible Funding,528389.395914
609709,R. O. T. C. Salaries,177840.63979240003
609709,Special Education Fund,1636065.6193292001
609709,Title I - District Initiatives,105949.3857177
609709,Title I - District Initiatives - SIS,145767.795836
609709,Title I - School Discretionary,63244.442043300005
609709,Title I - School Improvement Priority Initiative,151876.8685906
609709,Title I School Improvement & Accountability (Cohort 15) -4331-35,30217.88736503
609709,Whole School Safety Plans,80000.0646726
609709,Workers'& Unemployment Compensation/Tort,390989.0751762
609710,Athletic Director Stipends,60000.0
609710,Core Instructional Positions,1297141.622957
609710,General Education Fund,484877.6094381
609710,IDEA Part B Flow-Through  (LEA Flowthru Instruction),123404.78223259999
609710,Lunchroom Fund,151737.252782
609710,Mandated Parent Involvement,2548.0
609710,Need-Based Flexible Funding,480000.30511180003
609710,R. O. T. C. Salaries,199968.13066039997
609710,School and District Improvement Grant (Title 1003a) Cohort 18,30218.26369772
609710,Special Education Fund,1654032.7806312
609710,Title I - District Initiatives - SIS,108362.51186
609710,Title I - School Discretionary,67188.1894295
609710,Title I - School Improvement Priority Initiative,142465.6443309
609710,Whole School Safety Plans,79999.9128418
609710,Workers'& Unemployment Compensation/Tort,344083.7772383
609712,Athletic Director Stipends,60000.0
609712,Core Instructional Positions,1493242.724598
609712,General Education Fund,428012.3745383
609712,IDEA Part B Flow-Through  (LEA Flowthru Instruction),136031.4589506
609712,Lunchroom Fund,124347.588736
609712,Mandated Parent Involvement,811.0
609712,Need-Based Flexible Funding,479999.9741701
609712,Special Education Fund,612856.188692
609712,Title I - District Initiatives - SIS,125864.54521600001
609712,Title I - School Discretionary,24062.1125
609712,Title I - School Improvement Priority Initiative,153150.1843856
609712,Title I School Improvement & Accountability (Cohort 15) -4331-35,30217.75
609712,Whole School Safety Plans,80000.01105290001
609712,Workers'& Unemployment Compensation/Tort,210743.2830216
609713,Athletic Directors,108984.12000000001
609713,Core Instructional Positions,5332544.7050564
609713,EBF - Bilingual Programs,63546.351793
609713,General Education Fund,953057.0191205
609713,IDEA Part B Flow-Through  (LEA Flowthru Instruction),266249.6473758
609713,International Baccalaureate Program,361409.64176100004
609713,Lunchroom Fund,215097.52120000002
609713,Mandated Parent Involvement,11692.0
609713,Need-Based Flexible Funding,1211925.99380031
609713,R. O. T. C. Salaries,241273.7990659
609713,School and District Improvement Grant (Title 1003a) 27-4331-39,15217.5
609713,Special Education Fund,2576382.0466783
609713,Title I - District Initiatives - SIS,173753.8084246
609713,Title I - School Discretionary,306127.8484995
609713,Title I - School Improvement Priority Initiative,134668.2157
609713,Whole School Safety Plans,79999.635125
609713,Workers'& Unemployment Compensation/Tort,779134.078847
609715,Athletic Director Stipends,60000.0
609715,Athletic Directors,109236.9025
609715,CTU Sustainable Schools Initiative,237079.7028835
609715,Core Instructional Positions,11936102.9526941
609715,EBF - Bilingual Programs,471187.113229
609715,Early Childhood Instruction,1420.3
609715,General Education Fund,1163939.153381
609715,IDEA Part B Flow-Through  (LEA Flowthru Instruction),775256.4423749999
609715,International Baccalaureate Program,168719.890159
609715,Lunchroom Fund,438138.57142600004
609715,Mandated Parent Involvement,15079.0
609715,Need-Based Flexible Funding,2407625.6271726
609715,SY23-24 Chi-Rise project and the Crown Family Philanthropies fund,120119.8462
609715,School and District Improvement Grant (Title 1003a) Cohort 18,5500.0
609715,Special Education Fund,4075801.5441179
609715,Title I - District Initiatives,91396.34947059999
609715,Title I - District Initiatives - SIS,160447.5890726
609715,Title I - School Discretionary,437735.7223509
609715,Title Ii - Tier I Support,15217.5
609715,Workers'& Unemployment Compensation/Tort,754730.7214329999
609716,Athletic Director Stipends,60000.0
609716,Athletic Directors,109236.9025
609716,Core Instructional Positions,3370176.0404776
609716,EBF - Bilingual Programs,225049.1716839
609716,General Education Fund,861152.2457506
609716,IDEA Part B Flow-Through  (LEA Flowthru Instruction),112591.90097049999
609716,Lunchroom Fund,227662.516336
609716,Mandated Parent Involvement,4312.0
609716,Need-Based Flexible Funding,907929.53062314
609716,R. O. T. C. Salaries,230077.54115600002
609716,School and District Improvement Grant (Title 1003a) Cohort 18,30218.3013431
609716,Special Education Fund,2047475.9017321998
609716,Title I - District Initiatives - SIS,152551.35655710002
609716,Title I - School Discretionary,134206.16935061
609716,Title I - School Improvement Priority Initiative,139745.9768091
609716,Workers'& Unemployment Compensation/Tort,398672.505078
609718,Athletic Directors,109236.9025
609718,CBA - Teacher Assistants K-2nd,254185.40717999998
609718,Core Instructional Positions,9408282.9881554
609718,EBF - Bilingual Programs,320292.5651353
609718,General Education Fund,1051204.3369206
609718,IDEA Part B Flow-Through  (LEA Flowthru Instruction),887946.9520014001
609718,International Baccalaureate Program,329716.22393599997
609718,Lunchroom Fund,387133.01092000003
609718,Mandated Parent Involvement,8458.4
609718,Need-Based Flexible Funding,1996352.99909028
609718,School and District Improvement Grant (Title 1003a) Cohort 18,5500.0
609718,Special Education Fund,4043649.8016190003
609718,Title I - District Initiatives - SIS,173641.6710824
609718,Title I - School Discretionary,292551.9996913
609718,Title Ii - Tier I Support,15217.5
609718,Whole School Safety Plans,74999.9986106
609718,Workers'& Unemployment Compensation/Tort,581713.417818
609719,Athletic Directors,103801.15199999999
609719,CBA - Teacher Assistants K-2nd,381278.11076999997
609719,Core Instructional Positions,8886525.7371095
609719,EBF - Bilingual Programs,329205.0684392
609719,FACILITRO,1014.5
609719,General Education Fund,940245.8934263999
609719,IDEA Part B Flow-Through  (LEA Flowthru Instruction),627147.044265
609719,Internal Accounts Book Transfers,65072.15612
609719,Lunchroom Fund,327943.656862
609719,Mandated Parent Involvement,11408.9
609719,Need-Based Flexible Funding,1823295.26931776
609719,R. O. T. C. Salaries,207680.7385965
609719,Special Education Fund,3743416.6520919
609719,Title I - District Initiatives,142009.5096547
609719,Title I - District Initiatives - SIS,159164.36591750002
609719,Title I - School Discretionary,346318.14411402
609719,Title Ii - Tier I Support,15217.5
609719,Whole School Safety Plans,74999.72894249999
609719,Workers'& Unemployment Compensation/Tort,382785.191293
609720,Athletic Directors,109236.90250000001
609720,CBA - Teacher Assistants K-2nd,127092.70359
609720,Core Instructional Positions,30998021.9829095
609720,Critical Language Initiative,158938.8167355
609720,EBF - Bilingual Programs,175134.0954617
609720,General Education Fund,2098542.0966136
609720,IDEA Part B Flow-Through  (LEA Flowthru Instruction),548515.967829
609720,Internal Accounts Book Transfers,416764.1718042
609720,Lunchroom Fund,377536.04301200004
609720,Need-Based Flexible Funding,5183429.764617
609720,R. O. T. C. Salaries,360554.714358
609720,Special Education Fund,7844761.835687
609720,Title Ii - Tier I Support,15217.5
609720,Workers'& Unemployment Compensation/Tort,803796.210615
609722,Athletic Director Stipends,60000.0
609722,Core Instructional Positions,1117375.1646481
609722,General Education Fund,480824.4321036
609722,IDEA Part B Flow-Through  (LEA Flowthru Instruction),106799.1476786
609722,Lunchroom Fund,136226.725248
609722,Mandated Parent Involvement,1833.0
609722,Need-Based Flexible Funding,554999.78894982
609722,R. O. T. C. Salaries,250837.956
609722,School and District Improvement Grant (Title 1003a) Cohort 18,30218.5
609722,Special Education Fund,480295.76205679995
609722,Title I - District Initiatives - SIS,125864.545216
609722,Title I - School Discretionary,48355.0
609722,Title I - School Improvement Priority Initiative,142631.08791610002
609722,Whole School Safety Plans,79999.94271999999
609722,Workers'& Unemployment Compensation/Tort,311948.0466778
609723,Athletic Director Stipends,60000.0
609723,Core Instructional Positions,1553498.5236136
609723,EBF - Bilingual Programs,63546.351793
609723,Full Service Community Schools 23,89900.64
609723,General Education Fund,513228.9413151
609723,IDEA Part B Flow-Through  (LEA Flowthru Instruction),150665.998035
609723,Lunchroom Fund,172181.105266
609723,Mandated Parent Involvement,3660.0
609723,Need-Based Flexible Funding,479999.5736223
609723,Special Education Fund,1580960.033402
609723,Title I - District Initiatives - SIS,173753.6512266
609723,Title I - School Discretionary,95159.85399999999
609723,Title I - School Improvement Priority Initiative,134668.2157
609723,Title I School Improvement & Accountability (Cohort 15) -4331-35,30217.529000000002
609723,Whole School Safety Plans,80000.08785
609723,Workers'& Unemployment Compensation/Tort,411921.505078
609724,Athletic Directors,103457.144
609724,CBA - Teacher Assistants K-2nd,254185.40717
609724,CTU Sustainable Schools Initiative,109158.6745
609724,Core Instructional Positions,12353759.4256428
609724,EBF - Bilingual Programs,502951.588088
609724,General Education Fund,1312556.766085
609724,IDEA Part B Flow-Through  (LEA Flowthru Instruction),428071.256653
609724,Lunchroom Fund,441308.56991799996
609724,Mandated Parent Involvement,15795.0
609724,Need-Based Flexible Funding,2418378.3760262
609724,School and District Improvement Grant (Title 1003a) Cohort 23,31217.5
609724,Special Education Fund,3116155.2689175
609724,Title I - District Initiatives,86667.1555479
609724,Title I - District Initiatives - SIS,141807.5577759
609724,Title I - School Discretionary,463378.4166165
609724,Title I - School Improvement Priority Initiative,134668.2157
609724,Workers'& Unemployment Compensation/Tort,369944.636224
609725,Athletic Directors,112216.95999999999
609725,CBA - Teacher Assistants K-2nd,381278.11077
609725,Core Instructional Positions,7964688.3388616005
609725,General Education Fund,989614.4993896
609725,IDEA Part B Flow-Through  (LEA Flowthru Instruction),170748.05995310002
609725,International Baccalaureate Program,365146.52662
609725,Lunchroom Fund,285873.44012
609725,Mandated Parent Involvement,13415.0
609725,Need-Based Flexible Funding,1675053.3663049
609725,R. O. T. C. Salaries,379591.3642
609725,Special Education Fund,2694083.5921300002
609725,Title I - District Initiatives - SIS,171672.8917933
609725,Title I - School Discretionary,378045.14501564
609725,Title Ii - Tier I Support,15217.5
609725,Whole School Safety Plans,74999.9128463
609725,Workers'& Unemployment Compensation/Tort,1137653.36857
609726,Athletic Directors,109639.84
609726,Core Instructional Positions,6239297.2442548
609726,Funds Allocated on Appeal,56000.0
609726,General Education Fund,886670.0729302
609726,Internal Accounts Book Transfers,83910.8295613
609726,Lunchroom Fund,232021.329076
609726,Mandated Parent Involvement,4645.0
609726,Need-Based Flexible Funding,1462450.00330732
609726,Special Education Fund,2530538.2017272003
609726,Title I - District Initiatives - SIS,142246.4419509
609726,Title I - School Discretionary,173594.96630580002
609726,Title Ii - Tier I Support,15217.5
609726,Workers'& Unemployment Compensation/Tort,497362.375912
609727,Athletic Directors,101804.97566440002
609727,Core Instructional Positions,2450922.7784606
609727,General Education Fund,737433.3619793999
609727,Internal Accounts Book Transfers,130819.53070999999
609727,Lunchroom Fund,234210.495228
609727,Mandated Parent Involvement,5610.0
609727,Need-Based Flexible Funding,565384.7338678
609727,School and District Improvement Grant (Title 1003a) Cohort 17,30218.5
609727,Special Education Fund,1673506.7938361
609727,Title I - District Initiatives - SIS,171564.8252201
609727,Title I - School Discretionary,143901.072846
609727,Workers'& Unemployment Compensation/Tort,580762.085202
609728,Athletic Directors,109236.9025
609728,Core Instructional Positions,7318981.4909244
609728,EBF - Bilingual Programs,410805.76290900004
609728,General Education Fund,1092387.146194
609728,IDEA Part B Flow-Through  (LEA Flowthru Instruction),443172.033455
609728,Lunchroom Fund,264980.07408
609728,Mandated Parent Involvement,5220.0
609728,Need-Based Flexible Funding,1305997.367458
609728,R. O. T. C. Salaries,389127.26540000003
609728,Special Education Fund,2619943.3923899
609728,Title I - District Initiatives,122929.9444781
609728,Title I - District Initiatives - SIS,110070.8947514
609728,Title I - School Discretionary,177480.0547075
609728,Title Ii - Tier I Support,15217.5
609728,Workers'& Unemployment Compensation/Tort,375076.7147396
609729,Athletic Directors,109236.9025
609729,CTU Sustainable Schools Initiative,151069.2949665
609729,Core Instructional Positions,8335582.4936503
609729,EBF - Bilingual Programs,464587.968197
609729,General Education Fund,1113635.107309
609729,IDEA Part B Flow-Through  (LEA Flowthru Instruction),703285.9036710999
609729,International Baccalaureate Program,321428.6830989
609729,Lunchroom Fund,326142.7691183
609729,Mandated Parent Involvement,7400.15
609729,Need-Based Flexible Funding,1750710.1982394
609729,R. O. T. C. Salaries,225647.14107460002
609729,School and District Improvement Grant (Title 1003a) Cohort 18,5499.6045
609729,Special Education Fund,4334134.0772549
609729,Title I - District Initiatives - SIS,151608.6458649
609729,Title I - School Discretionary,236632.9506416
609729,Title Ii - Tier I Support,15217.5
609729,Whole School Safety Plans,74999.9020097
609729,Workers'& Unemployment Compensation/Tort,561606.770586
609730,Athletic Directors,107164.32800000001
609730,CBA - Teacher Assistants K-2nd,254185.40718
609730,Core Instructional Positions,9189351.4400883
609730,EBF - Bilingual Programs,259805.312486
609730,General Education Fund,1050268.5048266
609730,IDEA Part B Flow-Through  (LEA Flowthru Instruction),284654.0989269
609730,International Baccalaureate Program,513264.653128
609730,Lunchroom Fund,312748.452558
609730,Mandated Parent Involvement,8505.0
609730,Need-Based Flexible Funding,1944521.9312033
609730,R. O. T. C. Salaries,297035.5474
609730,Special Education Fund,3254813.329505
609730,Title I - District Initiatives - SIS,156405.6083286
609730,Title I - School Discretionary,289170.3108686
609730,Title Ii - Tier I Support,15217.5
609730,Workers'& Unemployment Compensation/Tort,477876.14473999996
609732,Athletic Directors,109236.9025
609732,CTU Sustainable Schools Initiative,99685.20310000001
609732,Core Instructional Positions,7000682.3649814
609732,EBF - Bilingual Programs,303091.6725757
609732,General Education Fund,825290.8441412
609732,IDEA Part B Flow-Through  (LEA Flowthru Instruction),474465.553955
609732,International Baccalaureate Program,312125.4918272
609732,Lunchroom Fund,320954.146838
609732,Mandated Parent Involvement,7453.0
609732,Need-Based Flexible Funding,1534518.6852975
609732,R. O. T. C. Salaries,365436.165283
609732,Special Education Fund,2354637.7932035998
609732,Title I - District Initiatives,76740.5676947
609732,Title I - District Initiatives - SIS,93208.3874733
609732,Title I - School Discretionary,229023.98831110002
609732,Title I - School Improvement Priority Initiative,134668.2157
609732,Title IV Part A,128874.58790910001
609732,Title Ii - Tier I Support,15217.5
609732,Whole School Safety Plans,74999.9298917
609732,Workers'& Unemployment Compensation/Tort,389680.460239
609733,Athletic Directors,109639.84000000001
609733,Core Instructional Positions,4235386.2670917
609733,EBF - Bilingual Programs,274012.137546
609733,General Education Fund,721791.1383867
609733,IDEA Part B Flow-Through  (LEA Flowthru Instruction),374645.95824400004
609733,Lunchroom Fund,176769.27956
609733,Mandated Parent Involvement,5486.0
609733,Need-Based Flexible Funding,944962.04098233
609733,R. O. T. C. Salaries,210114.3365865
609733,School and District Improvement Grant (Title 1003a) Cohort 18,5500.0
609733,Special Education Fund,2629640.7615134
609733,Title I - District Initiatives,196731.2569685
609733,Title I - District Initiatives - SIS,112986.7663378
609733,Title I - School Discretionary,164592.23097787
609733,Title Ii - Tier I Support,15217.5
609733,Workers'& Unemployment Compensation/Tort,456700.578219
609734,Athletic Directors,123409.95999999999
609734,Core Instructional Positions,28489106.4021772
609734,EBF - Bilingual Programs,600638.033724
609734,General Education Fund,2075605.9425718
609734,IDEA Part B Flow-Through  (LEA Flowthru Instruction),1004862.0509326
609734,International Baccalaureate Program,722172.907144
609734,Lunchroom Fund,796218.397838
609734,Mandated Parent Involvement,12196.5
609734,Need-Based Flexible Funding,4957899.1073865
609734,R. O. T. C. Salaries,334938.56865300005
609734,Special Education Fund,9657744.219992999
609734,Title I - District Initiatives - SIS,153587.2404727
609734,Title I - School Discretionary,547545.29190818
609734,Title Ii - Tier I Support,15217.5
609734,Whole School Safety Plans,130000.4823309
609734,Workers'& Unemployment Compensation/Tort,593194.401835
609735,Athletic Director Stipends,60000.0
609735,CBA - Teacher Assistants K-2nd,127092.70359
609735,Core Instructional Positions,1465227.2196154
609735,EBF - Bilingual Programs,148896.0331117
609735,General Education Fund,490617.7762523
609735,IDEA Part B Flow-Through  (LEA Flowthru Instruction),280479.37128910003
609735,Lunchroom Fund,136966.995136
609735,Mandated Parent Involvement,1611.0
609735,Need-Based Flexible Funding,480000.1037096
609735,School and District Improvement Grant (Title 1003a) Cohort 18,30218.5
609735,Special Education Fund,1498054.5767639999
609735,Title I - District Initiatives - SIS,157361.6170425
609735,Title I - School Discretionary,52268.97256122
609735,Title I - School Improvement Priority Initiative,134668.2157
609735,Whole School Safety Plans,79999.68898548
609735,Workers'& Unemployment Compensation/Tort,424121.06415500003
609737,AMERICAN DISABILITIES ACT(ADA),79025.62247
609737,Athletic Directors,109236.90250000001
609737,CBA - Teacher Assistants K-2nd,127092.70359
609737,Core Instructional Positions,11827329.2705239
609737,EBF - Bilingual Programs,148169.6737372
609737,General Education Fund,1185877.0068846
609737,IDEA Part B Flow-Through  (LEA Flowthru Instruction),286002.7305761
609737,Internal Accounts Book Transfers,9312.1
609737,Lunchroom Fund,381923.5169363
609737,Mandated Parent Involvement,9421.15
609737,Need-Based Flexible Funding,2217099.7013996
609737,Special Education Fund,1850104.4934064
609737,Title I - District Initiatives - SIS,123120.145842
609737,Title I - School Discretionary,331749.2005345
609737,Title Ii - Tier I Support,15217.5
609737,Whole School Safety Plans,64999.5409074
609737,Workers'& Unemployment Compensation/Tort,316929.0985218
609738,Athletic Directors,118666.0
609738,Core Instructional Positions,14478904.9338536
609738,EBF - Bilingual Programs,173408.6848383
609738,General Education Fund,1369075.928761
609738,IDEA Part B Flow-Through  (LEA Flowthru Instruction),396792.16537209996
609738,International Baccalaureate Program,516042.397443
609738,Lunchroom Fund,333472.59861
609738,Mandated Parent Involvement,4992.0
609738,Need-Based Flexible Funding,2629608.3776912
609738,R. O. T. C. Salaries,249617.01200000002
609738,Special Education Fund,3374548.7777962
609738,Title I - District Initiatives - SIS,134176.7124391
609738,Title I - School Discretionary,249599.8061309
609738,Title Ii - Tier I Support,15217.5
609738,Workers'& Unemployment Compensation/Tort,924102.051942
609739,Athletic Directors,112216.96
609739,CTU Sustainable Schools Initiative,112928.6540998
609739,Core Instructional Positions,9532066.552102901
609739,EBF - Bilingual Programs,293114.54708469997
609739,General Education Fund,1132419.0469561
609739,IDEA Part B Flow-Through  (LEA Flowthru Instruction),527353.8988332
609739,International Baccalaureate Program,368447.48525
609739,Lunchroom Fund,364844.979328
609739,Mandated Parent Involvement,11676.0
609739,Need-Based Flexible Funding,1948547.7952090001
609739,SY23-24 Chi-Rise project and the Crown Family Philanthropies fund,91988.2847396
609739,School and District Improvement Grant (Title 1003a) Cohort 18,5500.0
609739,Special Education Fund,3694837.2068119
609739,Title I - District Initiatives - SIS,151524.0366844
609739,Title I - School Discretionary,354421.8652173
609739,Title Ii - Tier I Support,15217.5
609739,Workers'& Unemployment Compensation/Tort,245197.9343895
609740,Athletic Director Stipends,60000.0
609740,Core Instructional Positions,1804321.1714925999
609740,EBF - Bilingual Programs,148154.21546140002
609740,FACILITRO,1014.5
609740,General Education Fund,672170.455631
609740,IDEA Part B Flow-Through  (LEA Flowthru Instruction),169474.43752859998
609740,Lunchroom Fund,130490.64122
609740,Mandated Parent Involvement,2361.4
609740,Need-Based Flexible Funding,554999.9101177
609740,School and District Improvement Grant (Title 1003a) Cohort 23,75217.51000000001
609740,Special Education Fund,1202657.3163582
609740,Title I - District Initiatives - SIS,152551.3565571
609740,Title I - School Discretionary,70847.867514
609740,Title I - School Improvement Priority Initiative,134668.2157
609740,Whole School Safety Plans,75000.42272769999
609740,Workers'& Unemployment Compensation/Tort,301821.7153198
609741,Athletic Directors,109236.9025
609741,CTU Sustainable Schools Initiative,93451.410325
609741,Core Instructional Positions,11051237.3338592
609741,EBF - Bilingual Programs,446509.51024699997
609741,General Education Fund,1298179.003293
609741,IDEA Part B Flow-Through  (LEA Flowthru Instruction),487037.963426
609741,International Baccalaureate Program,178959.61911070003
609741,Lunchroom Fund,326640.838302
609741,Mandated Parent Involvement,15563.0
609741,Need-Based Flexible Funding,2329535.6319966
609741,R. O. T. C. Salaries,444754.939258
609741,Special Education Fund,1878602.3652691
609741,Title I - District Initiatives,116157.33568250001
609741,Title I - District Initiatives - SIS,148689.0382626
609741,Title I - School Discretionary,447189.5537171
609741,Title Ii - Tier I Support,15217.5
609741,Whole School Safety Plans,79999.6975097
609741,Workers'& Unemployment Compensation/Tort,427116.18539800006
609744,Alternative and Specialty Schools Support,439999.9356
609744,Athletic Director Stipends,60000.0
609744,EBF - Bilingual Programs,138691.5180951
609744,General Education Fund,696191.8143853
609744,IDEA Part B Flow-Through  (LEA Flowthru Instruction),858019.078912
609744,Lunchroom Fund,167805.36144
609744,Mandated Parent Involvement,3199.0
609744,Special Education Fund,10823442.9824484
609744,Specialty Schools,675966.7349427
609744,Title I - District Initiatives - SIS,142485.8889862
609744,Title I - School Discretionary,88536.0
609744,Title Ii - Tier I Support,15217.5
609744,Workers'& Unemployment Compensation/Tort,77464.2648798
609745,Alternative and Specialty Schools Support,607454.0900634
609745,Athletic Director Stipends,60000.0
609745,EBF - Bilingual Programs,133520.1662569
609745,General Education Fund,641876.8333804
609745,IDEA Part B Flow-Through  (LEA Flowthru Instruction),912730.487171
609745,Lunchroom Fund,160701.14544000002
609745,Mandated Parent Involvement,5514.0
609745,Special Education Fund,11583995.9197017
609745,Specialty Schools,651233.4863361
609745,Title I - District Initiatives - SIS,139422.7162564
609745,Title I - School Discretionary,146518.75
609745,Title I - School Improvement Priority Initiative,161728.2065986
609745,Title Ii - Tier I Support,15217.5
609745,Workers'& Unemployment Compensation/Tort,319465.0724806
609746,Athletic Directors,103552.2
609746,CBA - Teacher Assistants K-2nd,381278.11077
609746,Core Instructional Positions,14072197.0794893
609746,Critical Language Initiative,169619.08159760002
609746,EBF - Bilingual Programs,122242.2487138
609746,General Education Fund,1428439.7927966001
609746,IDEA Part B Flow-Through  (LEA Flowthru Instruction),115959.59424810001
609746,Lunchroom Fund,317789.406988
609746,Mandated Parent Involvement,9699.0
609746,Need-Based Flexible Funding,2868396.44340632
609746,Special Education Fund,2632367.8863939
609746,Title I - District Initiatives,105638.41274130001
609746,Title I - District Initiatives - SIS,127152.2856523
609746,Title I - School Discretionary,370470.2619088
609746,Title Ii - Tier I Support,15217.5
609746,Whole School Safety Plans,75000.3095
609746,Workers'& Unemployment Compensation/Tort,965504.5213710001
609748,Alternative Schools Dropouts,2052542.0959616
609748,Alternative and Specialty Schools Support,440000.0
609748,General Education Fund,779936.8149144
609748,Mandated Parent Involvement,660.0
609748,Special Education Fund,2226651.7632890004
609748,Title I - District Initiatives,5674421.8147635
609748,Title I - District Initiatives - SIS,199667.06974890002
609748,Title I - School Discretionary,24153.0
609748,Title I - School Improvement Priority Initiative,69675.445534
609748,Title Ii - Tier I Support,15217.5
609749,Athletic Directors,109981.7878396
609749,Core Instructional Positions,7666710.4386107
609749,EBF - Bilingual Programs,44492.1534448
609749,General Education Fund,984712.3373882
609749,IDEA Part B Flow-Through  (LEA Flowthru Instruction),107702.3370359
609749,Internal Accounts Book Transfers,185720.33039080002
609749,Lunchroom Fund,241165.66630799999
609749,Need-Based Flexible Funding,1440824.9999659
609749,Special Education Fund,3028692.855673
609749,Title Ii - Tier I Support,15217.5
609749,Workers'& Unemployment Compensation/Tort,398028.969377
609750,Alternative Schools Dropouts,304752.6821925
609750,Alternative and Specialty Schools Support,439999.78729604
609750,General Education Fund,674419.8926102
609750,Lunchroom Fund,85432.532512
609750,Mandated Parent Involvement,394.0
609750,Special Education Fund,829513.010792
609750,Title I - District Initiatives,1103632.994283
609750,Title I - District Initiatives - SIS,171774.5410098
609750,Title I - School Discretionary,10714.0
609750,Title Ii - Tier I Support,15217.5
609750,Workers'& Unemployment Compensation/Tort,79691.94737529999
609751,Athletic Directors,121311.656
609751,Core Instructional Positions,5339298.1387173
609751,General Education Fund,945189.1769419
609751,IDEA Part B Flow-Through  (LEA Flowthru Instruction),161406.6357874
609751,Lunchroom Fund,232840.631746
609751,Mandated Parent Involvement,10144.0
609751,Need-Based Flexible Funding,1315617.5945562
609751,R. O. T. C. Salaries,371395.59817
609751,School and District Improvement Grant (Title 1003a) Cohort 23,31218.5
609751,Special Education Fund,2460232.2606774
609751,Title I - District Initiatives - SIS,153587.24047269998
609751,Title I - School Discretionary,283241.24535922
609751,Title I - School Improvement Priority Initiative,134668.2157
609751,Whole School Safety Plans,79999.635125
609751,Workers'& Unemployment Compensation/Tort,467278.11884699995
609753,Athletic Directors,109236.9025
609753,Core Instructional Positions,4863846.5882094
609753,EBF - Bilingual Programs,127092.70358999999
609753,General Education Fund,1062692.1023565
609753,IDEA Part B Flow-Through  (LEA Flowthru Instruction),480571.176987
609753,Lunchroom Fund,257157.40006800002
609753,Mandated Parent Involvement,2983.0
609753,Need-Based Flexible Funding,1227399.58065202
609753,Other Gen Ed Funded Programs,250000.0
609753,Special Education Fund,6110295.5342333
609753,Title I - District Initiatives - SIS,125864.545216
609753,Title I - School Discretionary,119490.97380569999
609753,Title Ii - Tier I Support,15217.5
609753,Workers'& Unemployment Compensation/Tort,230091.7661528
609754,Athletic Director Stipends,60000.0
609754,Core Instructional Positions,1374750.38861258
609754,EBF - Bilingual Programs,68530.4803173
609754,General Education Fund,464390.5814984
609754,IDEA Part B Flow-Through  (LEA Flowthru Instruction),157074.8412306
609754,Lunchroom Fund,188132.857934
609754,Mandated Parent Involvement,2914.3
609754,Need-Based Flexible Funding,480000.06325748
609754,R. O. T. C. Salaries,527230.72297
609754,Special Education Fund,1073668.639259
609754,Special Override Positions,59088.80897500001
609754,Title I - District Initiatives - SIS,138843.84407999998
609754,Title I - School Discretionary,76859.4190705
609754,Title IV Part A,137619.3486395
609754,Title Ii - Tier I Support,15217.5
609754,Whole School Safety Plans,80000.1266977
609754,Workers'& Unemployment Compensation/Tort,334082.6349236
609755,Athletic Directors,109236.9025
609755,Core Instructional Positions,14901448.0436126
609755,EBF - Bilingual Programs,63546.351793
609755,FACILITRO,2014.5
609755,General Education Fund,1399043.549003
609755,IDEA Part B Flow-Through  (LEA Flowthru Instruction),130591.6688464
609755,Internal Accounts Book Transfers,317680.4111319
609755,Lunchroom Fund,275637.394648
609755,Need-Based Flexible Funding,2509712.9976394
609755,Special Education Fund,5507420.239832
609755,Title Ii - Tier I Support,15217.5
609755,Whole School Safety Plans,75000.45580719999
609755,Workers'& Unemployment Compensation/Tort,517042.956191
609756,Athletic Directors,109236.9025
609756,Core Instructional Positions,20942119.6301741
609756,EBF - Bilingual Programs,499997.63553499995
609756,Full Service Community Schools 23,73717.6192
609756,General Education Fund,1607838.0968038
609756,IDEA Part B Flow-Through  (LEA Flowthru Instruction),622470.0732145
609756,International Baccalaureate Program,463092.553739
609756,Lunchroom Fund,582196.151591
609756,Mandated Parent Involvement,28993.5
609756,Need-Based Flexible Funding,4120962.00083112
609756,R. O. T. C. Salaries,203116.9078532
609756,Special Education Fund,5364004.3087273
609756,Title I - District Initiatives - SIS,140167.6025962
609756,Title I - School Discretionary,833090.3690039
609756,Title Ii - Tier I Support,15217.5
609756,Workers'& Unemployment Compensation/Tort,655887.018141
609759,Athletic Director Stipends,60000.0
609759,Athletic Directors,109236.9025
609759,Core Instructional Positions,3677037.7635077005
609759,EBF - Bilingual Programs,122242.2487138
609759,General Education Fund,690422.583077
609759,IDEA Part B Flow-Through  (LEA Flowthru Instruction),477036.175543
609759,International Baccalaureate Program,295277.1957847
609759,Lunchroom Fund,350193.465172
609759,Mandated Parent Involvement,4543.0
609759,Need-Based Flexible Funding,928595.4892167
609759,R. O. T. C. Salaries,375662.62583000003
609759,School and District Improvement Grant (Title 1003a) Cohort 18,20217.75
609759,Special Education Fund,2563012.4721922
609759,Title I - District Initiatives,211860.0829067
609759,Title I - District Initiatives - SIS,105699.9653588
609759,Title I - School Discretionary,134750.0911414
609759,Workers'& Unemployment Compensation/Tort,620800.582316
609760,Athletic Directors,109236.9025
609760,Core Instructional Positions,2866499.3698982997
609760,EBF - Bilingual Programs,165080.8265831
609760,General Education Fund,693649.4865924
609760,IDEA Part B Flow-Through  (LEA Flowthru Instruction),172848.9510006
609760,Lunchroom Fund,207703.98333200003
609760,Mandated Parent Involvement,5983.0
609760,Need-Based Flexible Funding,713764.5024843999
609760,R. O. T. C. Salaries,831324.526955
609760,Special Education Fund,1195647.1665317
609760,Special Override Positions,61343.7175
609760,Title I - District Initiatives - SIS,164734.7973464
609760,Title I - School Discretionary,157790.45755387
609760,Title Ii - Tier I Support,15217.5
609760,Whole School Safety Plans,74999.7717806
609760,Workers'& Unemployment Compensation/Tort,326383.1301221
609761,Athletic Director Stipends,60000.0
609761,Athletic Directors,109236.9025
609761,Core Instructional Positions,2421990.5474446
609761,EBF - Bilingual Programs,63818.4103789
609761,General Education Fund,676721.455079
609761,IDEA Part B Flow-Through  (LEA Flowthru Instruction),269289.1682785
609761,Lunchroom Fund,338473.799946
609761,Mandated Parent Involvement,5057.0
609761,Need-Based Flexible Funding,549268.945343639
609761,R. O. T. C. Salaries,244165.9071575
609761,School and District Improvement Grant (Title 1003a) Cohort 23,31217.5
609761,Special Education Fund,1149359.5051865
609761,Title I - District Initiatives - SIS,158286.34451939998
609761,Title I - School Discretionary,133357.7849921
609761,Title IV Part A,117498.1803
609761,Whole School Safety Plans,79999.808327
609761,Workers'& Unemployment Compensation/Tort,370996.560728
609762,Athletic Director Stipends,60000.0
609762,Athletic Directors,109236.9025
609762,Core Instructional Positions,2957666.9077006
609762,General Education Fund,814755.0280879
609762,IDEA Part B Flow-Through  (LEA Flowthru Instruction),308150.83164530003
609762,Lunchroom Fund,257128.384852
609762,Mandated Parent Involvement,5655.0
609762,Need-Based Flexible Funding,630818.46189078
609762,R. O. T. C. Salaries,264959.6126
609762,SY23-24 Chi-Rise project and the Crown Family Philanthropies fund,138339.29260400002
609762,School and District Improvement Grant (Title 1003a) Cohort 18,5500.0
609762,Special Education Fund,1821056.6634386
609762,Title I - District Initiatives - SIS,173017.63440059999
609762,Title I - School Discretionary,149136.89475140002
609762,Title Ii - Tier I Support,15217.5
609762,Whole School Safety Plans,79999.5354146
609762,Workers'& Unemployment Compensation/Tort,506331.036647
609764,Athletic Directors,109085.0
609764,Core Instructional Positions,10391735.2935175
609764,EBF - Bilingual Programs,419671.361206
609764,General Education Fund,1153642.3791094
609764,IDEA Part B Flow-Through  (LEA Flowthru Instruction),653044.869934
609764,International Baccalaureate Program,353939.84724709997
609764,Lunchroom Fund,401310.3560347
609764,Mandated Parent Involvement,16564.0
609764,Need-Based Flexible Funding,2282585.80069512
609764,Special Education Fund,2463442.581066
609764,Title I - District Initiatives,107021.65644270001
609764,Title I - District Initiatives - SIS,157424.8507533
609764,Title I - School Discretionary,462501.0419386
609764,Title Ii - Tier I Support,15217.5
609764,Workers'& Unemployment Compensation/Tort,504228.985724
609766,Alternative and Specialty Schools Support,440000.2277465
609766,Athletic Director Stipends,60000.0
609766,EBF - Bilingual Programs,142532.767144
609766,General Education Fund,687415.6979985
609766,IDEA Part B Flow-Through  (LEA Flowthru Instruction),555073.650735
609766,Lunchroom Fund,118698.243048
609766,Mandated Parent Involvement,2624.0
609766,Special Education Fund,7909623.4018283
609766,Specialty Schools,618367.7138094
609766,Title I - District Initiatives - SIS,123120.145842
609766,Title I - School Discretionary,73934.75036070001
609766,Title Ii - Tier I Support,15217.5
609766,Workers'& Unemployment Compensation/Tort,149827.7343182
609769,Alternative and Specialty Schools Support,439999.81
609769,Athletic Director Stipends,60000.0
609769,EBF - Bilingual Programs,155310.8793583
609769,General Education Fund,828647.4988326
609769,IDEA Part B Flow-Through  (LEA Flowthru Instruction),283430.6660511
609769,Lunchroom Fund,65050.433278000004
609769,Mandated Parent Involvement,4547.0
609769,Special Education Fund,8810304.9315405
609769,Specialty Schools,251803.7912551
609769,Title I - District Initiatives - SIS,128095.5699952
609769,Title I - School Discretionary,115884.0
609769,Title Ii - Tier I Support,15217.5
609769,Workers'& Unemployment Compensation/Tort,157676.0343911
609772,Core Instructional Positions,3260263.5450724
609772,EBF - Bilingual Programs,156882.6871769
609772,Early Childhood Instruction,24000.0
609772,General Education Fund,654437.5564789
609772,Lunchroom Fund,170679.182866
609772,Mandated Parent Involvement,4278.0
609772,Need-Based Flexible Funding,295275.0411996
609772,Personalized Learning,181214.7127669
609772,Preschool For All (locally funded),2550.0
609772,School and District Improvement Grant (Title 1003a) Cohort 23,31218.2
609772,Special Education Fund,2020240.5315901001
609772,State Preschool For All Age 3-5,912035.9320789999
609772,Title I - District Initiatives - SIS,155056.5577759
609772,Title I - School Discretionary,126875.383604
609772,Title I - School Improvement Priority Initiative,134668.2157
609772,Workers'& Unemployment Compensation/Tort,166318.5859293
609773,CBA - Teacher Assistants K-2nd,62710.6564
609773,Core Instructional Positions,1769795.0419063
609773,Critical Language Initiative,115137.3203508
609773,Early Childhood Instruction,12000.0
609773,General Education Fund,707543.6854319
609773,IDEA Part B Flow-Through  (LEA Flowthru Instruction),133755.5896682
609773,Internal Accounts Book Transfers,375555.4515885
609773,International Baccalaureate Program,365856.86979900004
609773,Lunchroom Fund,82651.150303
609773,Need-Based Flexible Funding,160000.366623
609773,Preschool For All (locally funded),216257.9452622
609773,Special Education Fund,2173062.2753318
609773,Title Ii - Tier I Support,15217.5
609773,Workers'& Unemployment Compensation/Tort,101923.57924009999
609774,CBA - Teacher Assistants K-2nd,62710.6564
609774,Core Instructional Positions,3176686.0837050998
609774,Critical Language Initiative,258896.7188419
609774,EBF - Bilingual Programs,86704.3424172
609774,Early Childhood Instruction,99000.0
609774,General Education Fund,785656.7563912
609774,Internal Accounts Book Transfers,286924.6985557
609774,Lunchroom Fund,251993.16151379998
609774,Need-Based Flexible Funding,238975.1
609774,Preschool For All (locally funded),1414751.3527554001
609774,Special Education Fund,2257039.5521293
609774,Title Ii - Tier I Support,15217.5
609774,Workers'& Unemployment Compensation/Tort,147661.3480681
609777,Cellular Revenue,26998.96694489
609777,Core Instructional Positions,1749372.9515891
609777,EBF - Bilingual Programs,112744.721624
609777,Early Childhood Instruction,24000.0
609777,General Education Fund,458554.0331065
609777,IDEA Part B Flow-Through  (LEA Flowthru Instruction),145871.0129436
609777,Lunchroom Fund,165370.041356
609777,Mandated Parent Involvement,1386.0
609777,Need-Based Flexible Funding,159999.646071
609777,Preschool For All (locally funded),515114.8847978
609777,Special Education Fund,1580973.0023078
609777,Title I - School Discretionary,45646.0
609777,Title IV Part A,140378.1763227
609777,Title Ii - Tier I Support,15217.5
609777,Workers'& Unemployment Compensation/Tort,157185.0990333
609779,Core Instructional Positions,8646160.3900181
609779,EBF - Bilingual Programs,471219.00790500006
609779,Early Childhood Instruction,36000.0
609779,General Education Fund,1066243.0329585
609779,IDEA Part B Flow-Through  (LEA Flowthru Instruction),288378.25864250003
609779,Lunchroom Fund,460740.609474
609779,Mandated Parent Involvement,12125.0
609779,Need-Based Flexible Funding,803099.119138
609779,Preschool For All (locally funded),3150.0
609779,Special Education Fund,4405739.1645927
609779,State Preschool For All Age 3-5,1144877.009379
609779,Title I - District Initiatives - SIS,347507.43327840004
609779,Title I - School Discretionary,359625.0853817
609779,Title Ii - Tier I Support,15217.5
609779,Workers'& Unemployment Compensation/Tort,157515.0977833
609780,Athletic Director Stipends,60000.0
609780,Athletic Directors,109236.9025
609780,Core Instructional Positions,3483092.0767234
609780,EBF - Bilingual Programs,126246.88444999998
609780,General Education Fund,655031.7101572
609780,IDEA Part B Flow-Through  (LEA Flowthru Instruction),294649.50148750003
609780,Lunchroom Fund,238918.61104000002
609780,Mandated Parent Involvement,6086.0
609780,Need-Based Flexible Funding,1029524.996028
609780,R. O. T. C. Salaries,734379.277094
609780,Special Education Fund,1673661.7364421
609780,Title I - District Initiatives - SIS,173379.3512196
609780,Title I - School Discretionary,165579.64146945
609780,Title Ii - Tier I Support,15217.5
609780,Workers'& Unemployment Compensation/Tort,286569.5411639
609782,CBA - Teacher Assistants K-2nd,254185.40718
609782,Core Instructional Positions,2791179.2322984
609782,EBF - Bilingual Programs,81249.0188997
609782,Early Childhood Instruction,198999.9964
609782,General Education Fund,763337.1463771999
609782,IDEA Part B Flow-Through  (LEA Flowthru Instruction),120995.8923608
609782,Internal Accounts Book Transfers,362460.28945660003
609782,Lunchroom Fund,216886.84422199999
609782,Need-Based Flexible Funding,192633.55267382
609782,Preschool For All (locally funded),2313938.0441821
609782,Special Education Fund,1331407.0173308
609782,Title Ii - Tier I Support,15217.5
609782,Workers'& Unemployment Compensation/Tort,216640.98848
609783,Alternative Schools Dropouts,1419367.894558
609783,Alternative and Specialty Schools Support,439999.679425
609783,General Education Fund,773516.7632005
609783,IDEA Part B Flow-Through  (LEA Flowthru Instruction),167719.23633359998
609783,Mandated Parent Involvement,996.0
609783,Special Education Fund,3587241.417988
609783,Title I - District Initiatives,4420649.4098337
609783,Title I - District Initiatives - SIS,144748.6538459
609783,Title I - School Discretionary,32319.0
609783,Title I - School Improvement Priority Initiative,82471.653384
609783,Title Ii - Tier I Support,15217.5
609786,Core Instructional Positions,1600684.759728
609786,Early Childhood Instruction,12000.0
609786,General Education Fund,524339.968613
609786,IDEA Part B Flow-Through  (LEA Flowthru Instruction),118634.3164027
609786,Lunchroom Fund,89804.51944
609786,Mandated Parent Involvement,3280.0
609786,Need-Based Flexible Funding,234999.5062949
609786,Personalized Learning,136010.42335
609786,Preschool For All (locally funded),600.0
609786,Special Education Fund,1217654.251684
609786,State Preschool For All Age 3-5,224935.812428
609786,Title I - School Discretionary,85279.8009813
609786,Title Ii - Tier I Support,15217.5
609786,Workers'& Unemployment Compensation/Tort,146268.74540780002
609788,Core Instructional Positions,1635240.158636384
609788,Early Childhood Instruction,12000.0
609788,General Education Fund,483832.09706
609788,IDEA Part B Flow-Through  (LEA Flowthru Instruction),167924.8235466
609788,International Baccalaureate Program,160779.7938121
609788,Lunchroom Fund,97591.784254
609788,Mandated Parent Involvement,2379.0
609788,Need-Based Flexible Funding,235000.1105009
609788,Preschool For All (locally funded),975.0
609788,Special Education Fund,948558.229725
609788,State Preschool For All Age 3-5,321442.3804238
609788,Title I - District Initiatives - SIS,119104.4574014
609788,Title I - School Discretionary,69068.8
609788,Title Ii - Tier I Support,15217.5
609788,Workers'& Unemployment Compensation/Tort,77464.2648798
609789,Core Instructional Positions,2843989.0286003
609789,EBF - Bilingual Programs,147409.9663966
609789,Early Childhood Instruction,24000.0
609789,General Education Fund,936356.84427
609789,Lunchroom Fund,149431.926371
609789,Mandated Parent Involvement,4313.0
609789,Need-Based Flexible Funding,307430.1852
609789,Preschool For All (locally funded),1200.0
609789,School and District Improvement Grant (Title 1003a) Cohort 18,20218.5
609789,Special Education Fund,2857344.6602217997
609789,State Preschool For All Age 3-5,325350.7683235
609789,Title I - District Initiatives - SIS,171543.6766773
609789,Title I - School Discretionary,123941.95179199999
609789,Title IV Part A,124376.545216
609789,Workers'& Unemployment Compensation/Tort,173288.822897
609790,Core Instructional Positions,2893957.1684906003
609790,EBF - Bilingual Programs,134493.9425532
609790,Early Childhood Instruction,24000.0
609790,General Education Fund,872413.6232517
609790,IDEA Part B Flow-Through  (LEA Flowthru Instruction),246003.8797012
609790,Lunchroom Fund,152471.294356
609790,Mandated Parent Involvement,5000.25
609790,Need-Based Flexible Funding,286661.6415973
609790,Preschool For All (locally funded),1950.0
609790,School and District Improvement Grant (Title 1003a) Cohort 23,75218.1754545
609790,Special Education Fund,2606395.9913314
609790,State Preschool For All Age 3-5,783877.9638345999
609790,Title I - District Initiatives - SIS,161247.63275309998
609790,Title I - School Discretionary,134944.5722778
609790,Title I - School Improvement Priority Initiative,169259.25577010002
609790,Workers'& Unemployment Compensation/Tort,74136.9020097
609791,Core Instructional Positions,1887824.2610848
609791,EBF - Bilingual Programs,76109.104737
609791,Early Childhood Instruction,12000.0
609791,General Education Fund,519367.6366288
609791,IDEA Part B Flow-Through  (LEA Flowthru Instruction),129667.94499110001
609791,Lunchroom Fund,177168.0854019
609791,Mandated Parent Involvement,3030.0
609791,Need-Based Flexible Funding,200000.11756235998
609791,Positions Allocated on Appeal,127092.70359
609791,Preschool For All (locally funded),1950.0
609791,Special Education Fund,1554157.561008
609791,State Preschool For All Age 3-5,693925.9685954
609791,Title I - District Initiatives - SIS,125864.545216
609791,Title I - School Discretionary,81755.181437
609791,Title Ii - Tier I Support,15217.5
609791,Workers'& Unemployment Compensation/Tort,154638.90327860002
609792,Core Instructional Positions,5465061.9348452
609792,EBF - Bilingual Programs,305900.43452400004
609792,Early Childhood Instruction,61000.0
609792,General Education Fund,851234.5379148
609792,IDEA Part B Flow-Through  (LEA Flowthru Instruction),281185.3201227
609792,Lunchroom Fund,324105.2451299
609792,Mandated Parent Involvement,2588.5
609792,Need-Based Flexible Funding,454199.53984943
609792,Preschool For All (locally funded),1391414.9374469
609792,Special Education Fund,3644518.5838035005
609792,Title I - District Initiatives - SIS,269011.4762664
609792,Title I - School Discretionary,109384.5768475
609792,Title Ii - Tier I Support,15217.5
609792,Workers'& Unemployment Compensation/Tort,73975.9654
609793,Core Instructional Positions,3378076.095825
609793,EBF - Bilingual Programs,134001.3536964
609793,Early Childhood Instruction,24000.0
609793,General Education Fund,806308.3305429
609793,IDEA Part B Flow-Through  (LEA Flowthru Instruction),101219.5722778
609793,Lunchroom Fund,221913.90199599997
609793,Mandated Parent Involvement,4588.62
609793,Need-Based Flexible Funding,356071.73886516
609793,Preschool For All (locally funded),1200.0
609793,School and District Improvement Grant (Title 1003a) Cohort 23,75218.45160079
609793,Special Education Fund,2756653.8811168997
609793,State Preschool For All Age 3-5,448858.070923
609793,Title I - District Initiatives,413371.97684330004
609793,Title I - District Initiatives - SIS,166354.281693
609793,Title I - School Discretionary,133204.27675473
609793,Title I - School Improvement Priority Initiative,156699.4330785
609793,Workers'& Unemployment Compensation/Tort,157966.2661528
609794,Core Instructional Positions,1832474.172252
609794,General Education Fund,478641.834379
609794,Internal Accounts Book Transfers,110232.9844403
609794,Need-Based Flexible Funding,260000.3720758
609794,Regional Gifted Centers,148455.44286060001
609794,Special Education Fund,777563.570009
609794,Title Ii - Tier I Support,15217.5
609794,Workers'& Unemployment Compensation/Tort,174783.8322403
609795,Core Instructional Positions,1644445.5204114001
609795,EBF - Bilingual Programs,81064.42602
609795,Early Childhood Instruction,12000.0
609795,General Education Fund,473525.5582268
609795,IDEA Part B Flow-Through  (LEA Flowthru Instruction),152584.6766008
609795,Lunchroom Fund,82793.543822
609795,Mandated Parent Involvement,1066.0
609795,Need-Based Flexible Funding,200000.325344
609795,Preschool For All (locally funded),975.0
609795,Special Education Fund,329221.4309673
609795,State Preschool For All Age 3-5,348982.4462161
609795,Title I - School Discretionary,31968.30458966
609795,Title Ii - Tier I Support,15217.5
609795,Workers'& Unemployment Compensation/Tort,79603.0430276
609796,Core Instructional Positions,6189052.8548663
609796,EBF - Bilingual Programs,165909.1380831
609796,Early Childhood Instruction,12000.0
609796,General Education Fund,782164.3124596
609796,IDEA Part B Flow-Through  (LEA Flowthru Instruction),162914.0564241
609796,Lunchroom Fund,149552.65112
609796,Need-Based Flexible Funding,557874.2301896
609796,Preschool For All (locally funded),600.0
609796,Regional Gifted Centers,154651.7736679
609796,Special Education Fund,3582873.2306019003
609796,State Preschool For All Age 3-5,246515.5233166
609796,Title Ii - Tier I Support,15217.5
609796,Workers'& Unemployment Compensation/Tort,221545.5961242
609797,CTU Sustainable Schools Initiative,95467.39015
609797,Core Instructional Positions,1857539.9537328999
609797,EBF - Bilingual Programs,61162.422392
609797,Early Childhood Instruction,12000.0
609797,General Education Fund,513632.2538428
609797,Lunchroom Fund,150606.117964
609797,Mandated Parent Involvement,3280.0
609797,Need-Based Flexible Funding,200000.1750457
609797,Preschool For All (locally funded),600.0
609797,Special Education Fund,803374.9872979999
609797,State Preschool For All Age 3-5,200961.0984915
609797,Title I - School Discretionary,85280.0
609797,Title Ii - Tier I Support,15217.5
609797,Workers'& Unemployment Compensation/Tort,80139.5563246
609798,CBA - Teacher Assistants K-2nd,254185.40718
609798,Core Instructional Positions,3594404.5894908
609798,Critical Language Initiative,107528.8473558
609798,EBF - Bilingual Programs,163655.8549924
609798,Early Childhood Instruction,24000.006955
609798,Funds Allocated on Appeal,51150.0
609798,General Education Fund,637084.6239830999
609798,IDEA Part B Flow-Through  (LEA Flowthru Instruction),149731.97592680002
609798,International Baccalaureate Program,175946.457711
609798,Lunchroom Fund,89804.51944
609798,Need-Based Flexible Funding,299810.8736238
609798,Preschool For All (locally funded),473671.377855
609798,Special Education Fund,2079661.244019
609798,Title Ii - Tier I Support,15217.5
609798,Workers'& Unemployment Compensation/Tort,71638.3953366
609799,CBA - Teacher Assistants K-2nd,127092.70359
609799,Core Instructional Positions,6060382.3953317
609799,Critical Language Initiative,175270.5634159
609799,EBF - Bilingual Programs,131176.8369698
609799,General Education Fund,796494.7374976999
609799,IDEA Part B Flow-Through  (LEA Flowthru Instruction),293741.5268636
609799,Internal Accounts Book Transfers,338525.82972750004
609799,Lunchroom Fund,123119.5968499
609799,Need-Based Flexible Funding,397101.92756166
609799,Regional Gifted Centers,154781.5356686
609799,Special Education Fund,5061451.4036462
609799,Title Ii - Tier I Support,15217.5
609799,Workers'& Unemployment Compensation/Tort,167275.4473287
609800,Core Instructional Positions,2062968.3238943
609800,Early Childhood Instruction,37000.0
609800,General Education Fund,693611.1213114001
609800,IDEA Part B Flow-Through  (LEA Flowthru Instruction),161335.92176939998
609800,Lunchroom Fund,77866.430338
609800,Mandated Parent Involvement,3367.0
609800,Need-Based Flexible Funding,199999.18061393
609800,Preschool For All (locally funded),1200.0
609800,Special Education Fund,1294362.969359
609800,State Preschool For All Age 3-5,430297.125491
609800,Title I - District Initiatives - SIS,158995.6825175
609800,Title I - School Discretionary,90137.9902923
609800,Title Ii - Tier I Support,15217.5
609800,Workers'& Unemployment Compensation/Tort,94281.83097000001
609803,CBA - Teacher Assistants K-2nd,381278.11076
609803,Core Instructional Positions,4113159.9995027
609803,EBF - Bilingual Programs,75194.6905757
609803,Early Childhood Instruction,61000.0
609803,General Education Fund,650684.1518834
609803,IDEA Part B Flow-Through  (LEA Flowthru Instruction),129093.56144840001
609803,Internal Accounts Book Transfers,241620.289479
609803,Lunchroom Fund,180779.69735789998
609803,Need-Based Flexible Funding,275394.21036229003
609803,Preschool For All (locally funded),940402.452758
609803,Special Education Fund,2552750.7216910003
609803,Title Ii - Tier I Support,15217.5
609803,Workers'& Unemployment Compensation/Tort,158733.4727875
609804,Core Instructional Positions,4781197.738144999
609804,EBF - Bilingual Programs,217589.2957831
609804,Early Childhood Instruction,36000.0
609804,General Education Fund,905989.76997
609804,IDEA Part B Flow-Through  (LEA Flowthru Instruction),299306.65379929997
609804,Lunchroom Fund,288935.6134659
609804,Mandated Parent Involvement,6976.0
609804,Need-Based Flexible Funding,450186.36720675
609804,Preschool For All (locally funded),671238.602507
609804,Special Education Fund,2718753.7991033
609804,Title I - District Initiatives - SIS,271727.50710309995
609804,Title I - School Discretionary,204666.3049989
609804,Title Ii - Tier I Support,15217.5
609804,Workers'& Unemployment Compensation/Tort,69579.027999
609805,Core Instructional Positions,2130065.7232576
609805,EBF - Bilingual Programs,58311.392548
609805,Early Childhood Instruction,12000.0
609805,General Education Fund,642945.6509677
609805,Lunchroom Fund,143714.5196
609805,Mandated Parent Involvement,3771.0
609805,Need-Based Flexible Funding,200000.25
609805,Preschool For All (locally funded),600.0
609805,Special Education Fund,1197564.4841429999
609805,State Preschool For All Age 3-5,230460.31123549998
609805,Title I - District Initiatives - SIS,165006.8382153
609805,Title I - School Discretionary,100196.272606
609805,Title Ii - Tier I Support,15217.5
609805,Workers'& Unemployment Compensation/Tort,157063.5784419
609806,Core Instructional Positions,2988708.47056266
609806,EBF - Bilingual Programs,109772.2743482
609806,Early Childhood Instruction,12000.0
609806,General Education Fund,611332.9563527
609806,IDEA Part B Flow-Through  (LEA Flowthru Instruction),117360.2406473
609806,Lunchroom Fund,156963.5196
609806,Mandated Parent Involvement,4425.0
609806,Need-Based Flexible Funding,328712.2342017
609806,Preschool For All (locally funded),600.0
609806,School and District Improvement Grant (Title 1003a) Cohort 17,50217.5
609806,Special Education Fund,2106175.47984
609806,State Preschool For All Age 3-5,243554.18537550003
609806,Title I - District Initiatives - SIS,123032.0153271
609806,Title I - School Discretionary,131249.9734815
609806,Title I - School Improvement Priority Initiative,136067.902723
609806,Workers'& Unemployment Compensation/Tort,157063.5784419
609807,Core Instructional Positions,2532640.6334498
609807,EBF - Bilingual Programs,165464.1116831
609807,Early Childhood Instruction,12000.0
609807,General Education Fund,674715.8903439
609807,IDEA Part B Flow-Through  (LEA Flowthru Instruction),139325.1995135
609807,Lunchroom Fund,212528.93610989998
609807,Mandated Parent Involvement,5370.0
609807,Need-Based Flexible Funding,279893.70783118997
609807,Preschool For All (locally funded),600.0
609807,Special Education Fund,2333804.1242708997
609807,State Preschool For All Age 3-5,188090.7826514
609807,Title I - District Initiatives - SIS,128656.5404159
609807,Title I - School Discretionary,146099.61789377
609807,Title Ii - Tier I Support,15217.5
609807,Workers'& Unemployment Compensation/Tort,72363.4694399
609808,Core Instructional Positions,3025503.5821889
609808,EBF - Bilingual Programs,47327.509633400005
609808,Early Childhood Instruction,24000.0
609808,General Education Fund,865035.8658282
609808,Lunchroom Fund,314190.4785259
609808,Mandated Parent Involvement,5647.0
609808,Need-Based Flexible Funding,284978.1274593
609808,Preschool For All (locally funded),1575.0
609808,School and District Improvement Grant (Title 1003a) Cohort 17,5500.1013
609808,Special Education Fund,2878483.6322543
609808,State Preschool For All Age 3-5,584711.7797296001
609808,Title I - District Initiatives,122929.94447810002
609808,Title I - District Initiatives - SIS,173696.9940377
609808,Title I - School Discretionary,150042.9440146
609808,Title Ii - Tier I Support,15217.5
609808,Workers'& Unemployment Compensation/Tort,170865.9837318
609809,CBA - Teacher Assistants K-2nd,127092.70358999999
609809,Core Instructional Positions,4413383.0660003
609809,EBF - Bilingual Programs,143311.4603969
609809,Early Childhood Instruction,24000.0
609809,FACILITRO,1014.5
609809,General Education Fund,814572.5565958
609809,IDEA Part B Flow-Through  (LEA Flowthru Instruction),134579.62855229998
609809,Internal Accounts Book Transfers,78060.781689
609809,Lunchroom Fund,80329.922752
609809,Need-Based Flexible Funding,376105.0916799
609809,Preschool For All (locally funded),1067512.5961689
609809,School and District Improvement Grant (Title 1003a) 27-4331-40,15217.5
609809,Special Education Fund,2973799.3826754
609809,Workers'& Unemployment Compensation/Tort,151601.1668913
609810,Core Instructional Positions,6087856.3512712
609810,EBF - Bilingual Programs,319537.7090808
609810,Early Childhood Instruction,24000.0
609810,Funds Allocated on Appeal,40000.0
609810,General Education Fund,915593.5905206
609810,IDEA Part B Flow-Through  (LEA Flowthru Instruction),291761.5656779
609810,Lunchroom Fund,160264.187304
609810,Mandated Parent Involvement,4291.35
609810,Need-Based Flexible Funding,526604.3000052
609810,Preschool For All (locally funded),1330810.901459
609810,School and District Improvement Grant (Title 1003a) Cohort 22,31218.5
609810,Special Education Fund,2908731.427892
609810,Title I - District Initiatives - SIS,259545.97645979997
609810,Title I - School Discretionary,163915.2088127
609810,Title I - School Improvement Priority Initiative,134668.2157
609810,Workers'& Unemployment Compensation/Tort,241505.398526
609811,Core Instructional Positions,1674272.4717929
609811,EBF - Bilingual Programs,114752.2906106
609811,Early Childhood Instruction,12000.0
609811,General Education Fund,524606.6472686
609811,IDEA Part B Flow-Through  (LEA Flowthru Instruction),137119.8538609
609811,Lunchroom Fund,82651.150303
609811,Mandated Parent Involvement,3011.0
609811,Need-Based Flexible Funding,199999.742275
609811,Preschool For All (locally funded),975.0
609811,Special Education Fund,2318785.535731
609811,State Preschool For All Age 3-5,352208.5405677
609811,Title I - District Initiatives - SIS,125864.545216
609811,Title I - School Discretionary,79404.0
609811,Title Ii - Tier I Support,15217.5
609811,Workers'& Unemployment Compensation/Tort,80502.00127040001
609812,Core Instructional Positions,1778906.7566316
609812,Early Childhood Instruction,12000.0
609812,General Education Fund,479571.522015
609812,IDEA Part B Flow-Through  (LEA Flowthru Instruction),248424.59762800002
609812,Internal Accounts Book Transfers,12433.14
609812,Lunchroom Fund,128873.56466589999
609812,Mandated Parent Involvement,3599.55
609812,Need-Based Flexible Funding,159999.99736
609812,Preschool For All (locally funded),330768.5644741
609812,Special Education Fund,1875724.9177255002
609812,Title I - School Discretionary,91741.30928
609812,Title I - School Improvement Priority Initiative,179634.1589408
609812,Title Ii - Tier I Support,15217.5
609812,Workers'& Unemployment Compensation/Tort,164041.1336528
609813,Core Instructional Positions,1108795.5681375
609813,Early Childhood Instruction,11999.622341389999
609813,General Education Fund,441882.4653458
609813,Lunchroom Fund,103532.12686399999
609813,Mandated Parent Involvement,1781.0
609813,Need-Based Flexible Funding,275000.0918424
609813,Preschool For All (locally funded),975.0
609813,Special Education Fund,719650.842173
609813,State Preschool For All Age 3-5,324126.2490589
609813,Title I - School Discretionary,47328.8531785
609813,Title Ii - Tier I Support,15217.5
609813,Workers'& Unemployment Compensation/Tort,86773.44606009999
609815,Core Instructional Positions,4080163.9219898
609815,EBF - Bilingual Programs,88125.89151799999
609815,Early Childhood Instruction,36000.0
609815,General Education Fund,956601.488294
609815,IDEA Part B Flow-Through  (LEA Flowthru Instruction),171564.86416640002
609815,International Baccalaureate Program,347543.4472099
609815,Lunchroom Fund,269805.86114600004
609815,Mandated Parent Involvement,10379.0
609815,Need-Based Flexible Funding,454654.9235693
609815,Preschool For All (locally funded),1800.0
609815,Special Education Fund,3781302.3730833
609815,State Preschool For All Age 3-5,593420.877933
609815,Title I - District Initiatives,96582.7997841
609815,Title I - District Initiatives - SIS,160337.761022
609815,Title I - School Discretionary,268005.407942
609815,Title I - School Improvement Priority Initiative,134668.2157
609815,Title Ii - Tier I Support,15217.5
609815,Workers'& Unemployment Compensation/Tort,245925.44397690002
609817,Core Instructional Positions,4422813.1457545
609817,EBF - Bilingual Programs,167432.0252724
609817,Early Childhood Instruction,86000.00066379999
609817,General Education Fund,867701.9215342
609817,IDEA Part B Flow-Through  (LEA Flowthru Instruction),116723.31097630001
609817,Lunchroom Fund,259736.9919879
609817,Mandated Parent Involvement,2737.0
609817,Need-Based Flexible Funding,405867.09936779
609817,Preschool For All (locally funded),1236529.4690355
609817,Special Education Fund,2641531.8006098
609817,Title I - District Initiatives - SIS,173753.8084246
609817,Title I - School Discretionary,106983.74728350001
609817,Title Ii - Tier I Support,15217.5
609817,Workers'& Unemployment Compensation/Tort,146616.5200754
609818,Core Instructional Positions,4414568.2197003
609818,EBF - Bilingual Programs,330926.5577054
609818,Early Childhood Instruction,36000.00085928
609818,General Education Fund,826049.8372877
609818,IDEA Part B Flow-Through  (LEA Flowthru Instruction),295586.1158621
609818,Lunchroom Fund,302572.639276
609818,Mandated Parent Involvement,6930.0
609818,Need-Based Flexible Funding,386497.89435564
609818,Preschool For All (locally funded),2175.0
609818,School and District Improvement Grant (Title 1003a) 27-4331-40,15217.5
609818,Special Education Fund,3860363.7826394
609818,State Preschool For All Age 3-5,739535.9995771
609818,Title I - District Initiatives - SIS,148192.9647376
609818,Title I - School Discretionary,195300.09352249998
609818,Title IV Part A,124376.545216
609818,Workers'& Unemployment Compensation/Tort,164237.7109417
609819,CBA - Teacher Assistants K-2nd,127092.70359
609819,Core Instructional Positions,1663650.1403018
609819,EBF - Bilingual Programs,63546.351793
609819,Early Childhood Instruction,37000.0
609819,General Education Fund,464596.88665470004
609819,IDEA Part B Flow-Through  (LEA Flowthru Instruction),124703.75106200001
609819,Lunchroom Fund,103053.51944
609819,Mandated Parent Involvement,3667.0
609819,Need-Based Flexible Funding,178326.5886931
609819,Positions Allocated on Appeal,196637.8940954
609819,Preschool For All (locally funded),476692.0098625
609819,Special Education Fund,1676755.5077706
609819,Title I - Child Parent Centers,187799.80616429998
609819,Title I - School Discretionary,96710.4832381
609819,Title I - School Improvement Priority Initiative,173545.4063636
609819,Title I School Improvement & Accountability (Cohort 15) -4331-35,30218.5
609819,Workers'& Unemployment Compensation/Tort,159136.915504
609820,CBA - Teacher Assistants K-2nd,62710.6564
609820,Core Instructional Positions,3479475.0551977
609820,General Education Fund,632381.5092807
609820,IDEA Part B Flow-Through  (LEA Flowthru Instruction),156186.1053485
609820,Internal Accounts Book Transfers,378962.21446369996
609820,Lunchroom Fund,82832.938064
609820,Need-Based Flexible Funding,253662.295659
609820,Special Education Fund,1468986.5962069998
609820,Title Ii - Tier I Support,15217.5
609820,Workers'& Unemployment Compensation/Tort,59114.4694399
609821,Core Instructional Positions,2669748.2915471
609821,Early Childhood Instruction,24000.0
609821,General Education Fund,647307.2140684
609821,IDEA Part B Flow-Through  (LEA Flowthru Instruction),173513.7097869
609821,Lunchroom Fund,183928.182866
609821,Mandated Parent Involvement,5980.0
609821,Need-Based Flexible Funding,257626.72796228
609821,Preschool For All (locally funded),1200.0
609821,School and District Improvement Grant (Title 1003a) Cohort 17,30218.37395667
609821,Special Education Fund,3490058.2023811
609821,State Preschool For All Age 3-5,400799.14910000004
609821,Title I - District Initiatives - SIS,162085.6083531
609821,Title I - School Discretionary,155479.53547529998
609821,Workers'& Unemployment Compensation/Tort,155902.6018181
609827,Core Instructional Positions,1888390.2426408
609827,Early Childhood Instruction,12000.0
609827,General Education Fund,534731.1796778
609827,IDEA Part B Flow-Through  (LEA Flowthru Instruction),129006.61830809999
609827,Lunchroom Fund,196141.5817479
609827,Mandated Parent Involvement,3455.0
609827,Need-Based Flexible Funding,274999.95465728
609827,Preschool For All (locally funded),600.0
609827,Special Education Fund,2248494.946456
609827,State Preschool For All Age 3-5,234729.949352
609827,Title I - District Initiatives - SIS,139848.8143573
609827,Title I - School Discretionary,91110.79471178
609827,Title Ii - Tier I Support,15217.5
609827,Workers'& Unemployment Compensation/Tort,164041.1336528
609828,Core Instructional Positions,2960368.6296824
609828,EBF - Bilingual Programs,78592.01387750001
609828,General Education Fund,654261.0205928
609828,IDEA Part B Flow-Through  (LEA Flowthru Instruction),101438.8320289
609828,Lunchroom Fund,120888.83160800001
609828,Need-Based Flexible Funding,231138.2347066
609828,Personalized Learning,181214.71276690002
609828,Special Education Fund,1957685.3750051002
609828,Title Ii - Tier I Support,15217.5
609828,Workers'& Unemployment Compensation/Tort,80502.00127040001
609829,Core Instructional Positions,2304343.2030454
609829,EBF - Bilingual Programs,153122.0928169
609829,Early Childhood Instruction,12000.00296
609829,General Education Fund,662828.2389961
609829,IDEA Part B Flow-Through  (LEA Flowthru Instruction),149630.11413149998
609829,Lunchroom Fund,156326.8909419
609829,Mandated Parent Involvement,3387.0
609829,Need-Based Flexible Funding,215025.4214438
609829,Preschool For All (locally funded),229279.8544173
609829,Special Education Fund,1586671.8520395
609829,Title I - District Initiatives - SIS,165833.67660079998
609829,Title I - School Discretionary,92929.28314051
609829,Title Ii - Tier I Support,15217.5
609829,Workers'& Unemployment Compensation/Tort,70290.1323798
609830,Core Instructional Positions,2659277.2997466
609830,EBF - Bilingual Programs,116090.9880437
609830,Early Childhood Instruction,24000.0
609830,General Education Fund,781122.1434736999
609830,IDEA Part B Flow-Through  (LEA Flowthru Instruction),143790.898938
609830,Lunchroom Fund,224206.0538599
609830,Mandated Parent Involvement,5799.0
609830,Need-Based Flexible Funding,297666.66816006
609830,Personalized Learning,136010.42335
609830,Preschool For All (locally funded),2550.0
609830,School and District Improvement Grant (Title 1003a) Cohort 22,75218.478971
609830,Special Education Fund,2616943.8951563
609830,State Preschool For All Age 3-5,921874.984295
609830,Title I - District Initiatives - SIS,173697.2040683
609830,Title I - School Discretionary,154070.5011356
609830,Title I - School Improvement Priority Initiative,138618.599544
609830,Workers'& Unemployment Compensation/Tort,80502.0012704
609832,Core Instructional Positions,3812739.2036079997
609832,EBF - Bilingual Programs,111188.7442854
609832,General Education Fund,858616.3563305
609832,IDEA Part B Flow-Through  (LEA Flowthru Instruction),298713.7084033
609832,International Baccalaureate Program,186626.2897772
609832,Lunchroom Fund,210282.73759799998
609832,Mandated Parent Involvement,1600.0
609832,Need-Based Flexible Funding,350127.92023459997
609832,Special Education Fund,3677824.1706342
609832,Title I - District Initiatives - SIS,138631.8706375
609832,Title I - School Discretionary,76985.5109477
609832,Title Ii - Tier I Support,15217.5
609832,Workers'& Unemployment Compensation/Tort,146500.3714536
609833,Core Instructional Positions,1626979.1845016999
609833,Early Childhood Instruction,24000.0
609833,General Education Fund,457082.8853704
609833,IDEA Part B Flow-Through  (LEA Flowthru Instruction),150972.7624044
609833,Lunchroom Fund,139974.95908190002
609833,Mandated Parent Involvement,3043.0
609833,Need-Based Flexible Funding,199999.7684033
609833,Preschool For All (locally funded),1200.0
609833,Special Education Fund,1609991.4133833
609833,State Preschool For All Age 3-5,435501.392726
609833,Title I - District Initiatives - SIS,146304.39139099998
609833,Title I - School Discretionary,82790.30896210001
609833,Workers'& Unemployment Compensation/Tort,77464.2648798
609834,Core Instructional Positions,3975343.7576738
609834,EBF - Bilingual Programs,170455.0700486
609834,Early Childhood Instruction,24000.0
609834,General Education Fund,904481.019879
609834,IDEA Part B Flow-Through  (LEA Flowthru Instruction),272450.1414562
609834,International Baccalaureate Program,176040.8494011
609834,Lunchroom Fund,280897.61976599996
609834,Mandated Parent Involvement,4720.0
609834,Need-Based Flexible Funding,365878.3390746
609834,Preschool For All (locally funded),1575.0
609834,Special Education Fund,2376276.7543643
609834,State Preschool For All Age 3-5,585678.3386449
609834,Title I - District Initiatives - SIS,130564.741884
609834,Title I - School Discretionary,139999.85073704
609834,Title I - School Improvement Priority Initiative,179317.66910889998
609834,Title IV Part A,163006.7238676
609834,Title Ii - Tier I Support,15217.5
609834,Workers'& Unemployment Compensation/Tort,159136.915504
609835,CTU Sustainable Schools Initiative,91455.409086
609835,Core Instructional Positions,4785287.37895215
609835,EBF - Bilingual Programs,313798.0891649
609835,Early Childhood Instruction,23999.99849308
609835,General Education Fund,802737.6779453
609835,IDEA Part B Flow-Through  (LEA Flowthru Instruction),115958.05433330001
609835,Lunchroom Fund,273584.3893579
609835,Mandated Parent Involvement,4402.0
609835,Need-Based Flexible Funding,474216.8699329
609835,Preschool For All (locally funded),1200.0
609835,Special Education Fund,1692730.276818
609835,State Preschool For All Age 3-5,388548.203837
609835,Title I - District Initiatives,104924.66552539999
609835,Title I - District Initiatives - SIS,165724.3713263
609835,Title I - School Discretionary,140765.8322405
609835,Title Ii - Tier I Support,15217.5
609835,Workers'& Unemployment Compensation/Tort,192287.71018589998
609836,Core Instructional Positions,4832778.0074855
609836,EBF - Bilingual Programs,149899.1133248
609836,Early Childhood Instruction,27999.9955
609836,General Education Fund,908123.9809968
609836,IDEA Part B Flow-Through  (LEA Flowthru Instruction),318052.018872
609836,Lunchroom Fund,207459.2530219
609836,Mandated Parent Involvement,2457.0
609836,Need-Based Flexible Funding,366423.4443833
609836,Preschool For All (locally funded),2775.0
609836,Special Education Fund,3902849.6488603
609836,State Preschool For All Age 3-5,962331.5324464
609836,Title I - District Initiatives - SIS,285957.3861654
609836,Title I - School Discretionary,103817.6227601
609836,Title Ii - Tier I Support,15217.5
609836,Workers'& Unemployment Compensation/Tort,229065.4317734
609837,Core Instructional Positions,3263042.2018093
609837,General Education Fund,677853.7509357
609837,IDEA Part B Flow-Through  (LEA Flowthru Instruction),133224.3347289
609837,International Baccalaureate Program,172720.58848859998
609837,Lunchroom Fund,181421.1352779
609837,Mandated Parent Involvement,4803.0
609837,Need-Based Flexible Funding,312295.733323
609837,Regional Gifted Centers,171793.7524148
609837,Special Education Fund,1752504.794069
609837,Title I - District Initiatives - SIS,116916.92228979999
609837,Title I - School Discretionary,138016.0
609837,Title Ii - Tier I Support,15217.5
609837,Workers'& Unemployment Compensation/Tort,132253.1456856
609839,Core Instructional Positions,3224652.1617955
609839,EBF - Bilingual Programs,59218.2379148
609839,Early Childhood Instruction,23999.998
609839,General Education Fund,853047.1134902
609839,IDEA Part B Flow-Through  (LEA Flowthru Instruction),134497.3904448
609839,Lunchroom Fund,252566.781788
609839,Mandated Parent Involvement,4128.0
609839,Need-Based Flexible Funding,252100.00359
609839,Preschool For All (locally funded),863251.9803635
609839,Special Education Fund,2173146.8678004
609839,Title I - District Initiatives - SIS,137007.3382065
609839,Title I - School Discretionary,115271.51093370002
609839,Title Ii - Tier I Support,15217.5
609839,Workers'& Unemployment Compensation/Tort,250617.3971415
609842,Core Instructional Positions,4369828.5706832
609842,EBF - Bilingual Programs,248206.64565340002
609842,Early Childhood Instruction,36000.0
609842,General Education Fund,768355.7977238001
609842,IDEA Part B Flow-Through  (LEA Flowthru Instruction),122423.06941269999
609842,Lunchroom Fund,424780.06664199993
609842,Mandated Parent Involvement,7397.0
609842,Need-Based Flexible Funding,502695.7454983
609842,Preschool For All (locally funded),1800.0
609842,Special Education Fund,1198639.5798132
609842,State Preschool For All Age 3-5,637995.28572
609842,Title I - District Initiatives - SIS,110070.8947514
609842,Title I - School Discretionary,206549.82953370002
609842,Title Ii - Tier I Support,15217.5
609842,Workers'& Unemployment Compensation/Tort,152865.47070550002
609844,Core Instructional Positions,1808483.4744951
609844,Early Childhood Instruction,12000.0
609844,General Education Fund,466964.7984556
609844,IDEA Part B Flow-Through  (LEA Flowthru Instruction),137383.60909
609844,Lunchroom Fund,216916.52794590002
609844,Mandated Parent Involvement,4233.0
609844,Need-Based Flexible Funding,304986.87508358
609844,Preschool For All (locally funded),600.0
609844,School and District Improvement Grant (Title 1003a) 27--4331-41,15217.5
609844,Special Education Fund,1073609.5660077
609844,State Preschool For All Age 3-5,172607.3913801
609844,Title I - District Initiatives - SIS,142208.9915711
609844,Title I - School Discretionary,109304.06830167
609844,Workers'& Unemployment Compensation/Tort,77464.2648798
609845,CBA - Teacher Assistants K-2nd,127092.70358999999
609845,Core Instructional Positions,3020670.5897595
609845,Early Childhood Instruction,24000.0
609845,General Education Fund,823511.6414722
609845,IDEA Part B Flow-Through  (LEA Flowthru Instruction),167740.5320216
609845,Lunchroom Fund,215507.629088
609845,Mandated Parent Involvement,7970.0
609845,Need-Based Flexible Funding,279240.9522458
609845,Preschool For All (locally funded),7500.0
609845,School and District Improvement Grant (Title 1003a) Cohort 17,5500.0
609845,Special Education Fund,1453660.874055
609845,State Preschool For All Age 3-5,511767.39298299997
609845,Title I - Child Parent Centers,221028.3409003
609845,Title I - District Initiatives,102416.1664767
609845,Title I - District Initiatives - SIS,156964.9851677
609845,Title I - School Discretionary,198267.6085003
609845,Title Ii - Tier I Support,15217.5
609845,Workers'& Unemployment Compensation/Tort,343372.9011048
609848,CTU Sustainable Schools Initiative,89537.792275
609848,Core Instructional Positions,1748326.1562959
609848,Early Childhood Instruction,12000.0
609848,General Education Fund,430191.299826
609848,IDEA Part B Flow-Through  (LEA Flowthru Instruction),124703.751062
609848,Lunchroom Fund,94197.83570299999
609848,Mandated Parent Involvement,4567.0
609848,Need-Based Flexible Funding,200000.41275999998
609848,Preschool For All (locally funded),600.0
609848,School and District Improvement Grant (Title 1003a) 27--4331-41,15217.5
609848,Special Education Fund,1758885.9014675
609848,State Preschool For All Age 3-5,210262.4542772
609848,Title I - School Discretionary,114974.95179199999
609848,Workers'& Unemployment Compensation/Tort,164237.7109417
609849,CBA - Teacher Assistants K-2nd,381278.11077
609849,Core Instructional Positions,2488564.7546042
609849,General Education Fund,720809.4931855
609849,IDEA Part B Flow-Through  (LEA Flowthru Instruction),310214.2906431
609849,Lunchroom Fund,120186.8964499
609849,Need-Based Flexible Funding,200904.73682350002
609849,Special Education Fund,3074148.5052556996
609849,Title Ii - Tier I Support,15217.5
609849,Workers'& Unemployment Compensation/Tort,86773.4460601
609850,Core Instructional Positions,2013130.8816101
609850,EBF - Bilingual Programs,136198.25033870002
609850,Early Childhood Instruction,24000.0
609850,General Education Fund,700754.6723556
609850,IDEA Part B Flow-Through  (LEA Flowthru Instruction),158719.7301408
609850,Lunchroom Fund,173973.5088979
609850,Mandated Parent Involvement,1235.0
609850,Need-Based Flexible Funding,188190.15725
609850,Positions Allocated on Appeal,254185.40718
609850,Preschool For All (locally funded),477145.69983
609850,Regional Gifted Centers - ELL,154781.5356686
609850,School and District Improvement Grant (Title 1003a) Cohort 22,31217.96
609850,Special Education Fund,1290044.2978979999
609850,Title I - District Initiatives,92516.3831111
609850,Title I - District Initiatives - SIS,163815.3931351
609850,Title I - School Discretionary,46150.0
609850,Workers'& Unemployment Compensation/Tort,86773.4460601
609851,Core Instructional Positions,1601860.0016982
609851,Early Childhood Instruction,37000.0
609851,General Education Fund,467856.36975179997
609851,IDEA Part B Flow-Through  (LEA Flowthru Instruction),145952.548109
609851,Lunchroom Fund,128072.680304
609851,Mandated Parent Involvement,3510.0
609851,Need-Based Flexible Funding,200000.35119999998
609851,Preschool For All (locally funded),1950.0
609851,Special Education Fund,1201240.1737459
609851,State Preschool For All Age 3-5,658168.9970724001
609851,Title I - District Initiatives,353448.7930155
609851,Title I - School Discretionary,88888.0
609851,Title Ii - Tier I Support,15217.5
609851,Workers'& Unemployment Compensation/Tort,77464.2648798
609852,Core Instructional Positions,3560517.1929132
609852,EBF - Bilingual Programs,170917.50724759998
609852,Early Childhood Instruction,24000.0
609852,General Education Fund,632684.0859681
609852,IDEA Part B Flow-Through  (LEA Flowthru Instruction),266576.1039608
609852,Internal Accounts Book Transfers,20899.937664959998
609852,Lunchroom Fund,160755.310038
609852,Need-Based Flexible Funding,293842.4182139
609852,Preschool For All (locally funded),426192.2057599
609852,Special Education Fund,4116626.5241889
609852,Title Ii - Tier I Support,15217.5
609852,Workers'& Unemployment Compensation/Tort,142653.6018181
609853,CBA - Teacher Assistants K-2nd,254185.40718
609853,Core Instructional Positions,2217665.8435524
609853,EBF - Bilingual Programs,150698.88111129997
609853,Early Childhood Instruction,24000.00422879
609853,General Education Fund,632261.1602806001
609853,IDEA Part B Flow-Through  (LEA Flowthru Instruction),294867.3680073
609853,Internal Accounts Book Transfers,42505.2930974
609853,Lunchroom Fund,207357.24280190002
609853,Mandated Parent Involvement,1605.0
609853,Need-Based Flexible Funding,208148.6363372
609853,Positions Allocated on Appeal,127092.70358999999
609853,Preschool For All (locally funded),931834.7727321
609853,Special Education Fund,5592957.2100648
609853,Title I - District Initiatives - SIS,173379.4040622
609853,Title I - School Discretionary,59995.4883611
609853,Title III - Language Acquisition,134384.6911003
609853,Title IV Part A,170976.0283006
609853,Title Ii - Tier I Support,15217.5
609853,Workers'& Unemployment Compensation/Tort,159136.915504
609854,Core Instructional Positions,1838559.2336966
609854,EBF - Bilingual Programs,158564.0617476
609854,Early Childhood Instruction,24000.0
609854,General Education Fund,673391.2346945
609854,IDEA Part B Flow-Through  (LEA Flowthru Instruction),336592.1957617
609854,Lunchroom Fund,220733.514232
609854,Mandated Parent Involvement,2823.0
609854,Need-Based Flexible Funding,168718.7471
609854,Preschool For All (locally funded),1950.0
609854,Special Education Fund,2940671.2532067
609854,State Preschool For All Age 3-5,751842.4686649
609854,Title I - School Discretionary,82841.0
609854,Title I - School Improvement Priority Initiative,145341.4533436
609854,Title I School Improvement & Accountability (Cohort 16) -4331-36,30217.5
609854,Workers'& Unemployment Compensation/Tort,154312.9508514
609855,Core Instructional Positions,2092683.170608
609855,EBF - Bilingual Programs,173278.0377983
609855,General Education Fund,686706.8025305
609855,IDEA Part B Flow-Through  (LEA Flowthru Instruction),500208.043901
609855,Lunchroom Fund,151100.92958589998
609855,Mandated Parent Involvement,4736.0
609855,Need-Based Flexible Funding,223490.15276640002
609855,Special Education Fund,8423033.7785215
609855,Title I - District Initiatives - SIS,167740.5320216
609855,Title I - School Discretionary,123994.1294772
609855,Title I School Improvement & Accountability (Cohort 16) -4331-36,30217.5
609855,Workers'& Unemployment Compensation/Tort,80502.0012704
609856,Core Instructional Positions,3515865.891318
609856,EBF - Bilingual Programs,156157.6853769
609856,Early Childhood Instruction,24000.0
609856,General Education Fund,787930.1528316
609856,Lunchroom Fund,342478.33193
609856,Mandated Parent Involvement,5410.0
609856,Need-Based Flexible Funding,285959.6039254
609856,Preschool For All (locally funded),1041108.2138108
609856,Special Education Fund,2864020.0219736
609856,Title I - District Initiatives - SIS,132492.0343763
609856,Title I - School Discretionary,153932.2407615
609856,Title Ii - Tier I Support,15217.5
609856,Workers'& Unemployment Compensation/Tort,157185.0990333
609857,Core Instructional Positions,2961960.2912998
609857,EBF - Bilingual Programs,151905.6449383
609857,Early Childhood Instruction,49000.0
609857,General Education Fund,685534.1139698
609857,IDEA Part B Flow-Through  (LEA Flowthru Instruction),301164.6925338
609857,Lunchroom Fund,125494.889624
609857,Mandated Parent Involvement,2543.0
609857,Need-Based Flexible Funding,266095.44491813
609857,Preschool For All (locally funded),1133586.815032
609857,Special Education Fund,3822285.3804483
609857,Title I - District Initiatives - SIS,167628.57824919999
609857,Title I - School Discretionary,86445.18353360001
609857,Title III - Language Acquisition,112105.0116806
609857,Title Ii - Tier I Support,15217.5
609857,Workers'& Unemployment Compensation/Tort,69152.2552
609859,Core Instructional Positions,7393201.2053164
609859,EBF - Bilingual Programs,483230.925265
609859,Early Childhood Instruction,24000.0
609859,Full Service Community Schools 23,109713.56687529999
609859,General Education Fund,976574.1267830001
609859,IDEA Part B Flow-Through  (LEA Flowthru Instruction),113593.0116806
609859,Lunchroom Fund,246379.067214
609859,Mandated Parent Involvement,11062.75
609859,Need-Based Flexible Funding,628139.560686
609859,Personalized Learning,160472.0057114
609859,Preschool For All (locally funded),1200.0
609859,Special Education Fund,2703517.7034932002
609859,State Preschool For All Age 3-5,424339.288556
609859,Title I - District Initiatives - SIS,305430.23667
609859,Title I - School Discretionary,314757.967908
609859,Title Ii - Tier I Support,15217.5
609859,Workers'& Unemployment Compensation/Tort,130576.76449199999
609861,CBA - Teacher Assistants K-2nd,127092.70359
609861,Core Instructional Positions,2624330.4581371
609861,Early Childhood Instruction,61000.0019171
609861,General Education Fund,677286.3811336
609861,IDEA Part B Flow-Through  (LEA Flowthru Instruction),308044.6876318
609861,International Baccalaureate Program,175021.2745886
609861,Lunchroom Fund,214485.52643589998
609861,Mandated Parent Involvement,1793.4
609861,Montessori Schools,961802.5082190001
609861,Need-Based Flexible Funding,217879.6891929
609861,Preschool For All (locally funded),829049.055748
609861,Special Education Fund,3196243.6013138997
609861,Title I - District Initiatives - SIS,125864.545216
609861,Title I - School Discretionary,68501.8183418
609861,Title Ii - Tier I Support,15217.5
609861,Workers'& Unemployment Compensation/Tort,235952.03018390003
609862,CBA - Teacher Assistants K-2nd,62710.6564
609862,Core Instructional Positions,1921555.7801163
609862,Early Childhood Instruction,12000.0
609862,General Education Fund,504063.6467623
609862,IDEA Part B Flow-Through  (LEA Flowthru Instruction),164734.7973464
609862,Lunchroom Fund,148316.11842
609862,Mandated Parent Involvement,2738.0
609862,Need-Based Flexible Funding,200000.3959421
609862,Preschool For All (locally funded),600.0
609862,Special Education Fund,1414671.9243173
609862,State Preschool For All Age 3-5,181245.6589006
609862,Title I - District Initiatives - SIS,165761.7379024
609862,Title I - School Discretionary,75113.905
609862,Title Ii - Tier I Support,15217.5
609862,Workers'& Unemployment Compensation/Tort,168023.2959903
609863,Core Instructional Positions,1684943.5394921
609863,EBF - Bilingual Programs,167504.7611748
609863,Early Childhood Instruction,12000.0
609863,General Education Fund,512440.5685085
609863,Internal Accounts Book Transfers,101910.768834
609863,Lunchroom Fund,91477.597552
609863,Mandated Parent Involvement,1415.0
609863,Need-Based Flexible Funding,160000.2686972
609863,Preschool For All (locally funded),238943.8733113
609863,Special Education Fund,815003.411387
609863,Title I - School Discretionary,45884.869199529996
609863,Title Ii - Tier I Support,15217.5
609863,Workers'& Unemployment Compensation/Tort,86773.4460601
609864,CBA - Teacher Assistants K-2nd,127092.70359
609864,Core Instructional Positions,2222776.8974392
609864,EBF - Bilingual Programs,107878.5128286
609864,Early Childhood Instruction,37045.897413119994
609864,General Education Fund,651720.324846
609864,IDEA Part B Flow-Through  (LEA Flowthru Instruction),122815.6903875
609864,Lunchroom Fund,166812.00988990001
609864,Mandated Parent Involvement,3207.0
609864,Need-Based Flexible Funding,223489.93846002
609864,Preschool For All (locally funded),128667.70359
609864,School and District Improvement Grant (Title 1003a) Cohort 23,75218.3164477
609864,Special Education Fund,1268062.8276144
609864,State Preschool For All Age 3-5,498801.892813
609864,Title I - District Initiatives - SIS,174466.55394930003
609864,Title I - School Discretionary,92162.00260179999
609864,Title I - School Improvement Priority Initiative,134668.2157
609864,Workers'& Unemployment Compensation/Tort,168023.2959903
609865,Core Instructional Positions,3505306.5395716
609865,EBF - Bilingual Programs,273920.0192917
609865,Early Childhood Instruction,24000.0
609865,General Education Fund,741637.186928
609865,IDEA Part B Flow-Through  (LEA Flowthru Instruction),289260.9848932
609865,Lunchroom Fund,224206.0538599
609865,Mandated Parent Involvement,6195.0
609865,Need-Based Flexible Funding,363916.1910864
609865,Preschool For All (locally funded),2550.0
609865,Special Education Fund,3634614.5989532
609865,State Preschool For All Age 3-5,920539.259526
609865,Title I - District Initiatives,89167.16647669999
609865,Title I - District Initiatives - SIS,117232.9981044
609865,Title I - School Discretionary,169970.0
609865,Title Ii - Tier I Support,15217.5
609865,Workers'& Unemployment Compensation/Tort,172142.7812346
609866,CBA - Teacher Assistants K-2nd,127092.70359
609866,Core Instructional Positions,4595337.9927793
609866,EBF - Bilingual Programs,74084.83686950001
609866,General Education Fund,785473.6470867001
609866,IDEA Part B Flow-Through  (LEA Flowthru Instruction),254743.6483263
609866,Internal Accounts Book Transfers,468544.0355434
609866,Lunchroom Fund,160175.557894
609866,Need-Based Flexible Funding,358573.3401737
609866,Special Education Fund,3896978.2173701
609866,Title Ii - Tier I Support,15217.5
609866,Workers'& Unemployment Compensation/Tort,154638.90327860002
609867,Core Instructional Positions,2805027.1452579
609867,EBF - Bilingual Programs,163696.9793376
609867,Early Childhood Instruction,12000.004835
609867,General Education Fund,656031.9026673
609867,IDEA Part B Flow-Through  (LEA Flowthru Instruction),213931.08947930002
609867,Lunchroom Fund,299401.1100139
609867,Mandated Parent Involvement,3624.0
609867,Need-Based Flexible Funding,266180.992132
609867,Preschool For All (locally funded),600.0
609867,School and District Improvement Grant (Title 1003a) 27-4331-40,15217.5
609867,Special Education Fund,2218555.3389705
609867,State Preschool For All Age 3-5,227299.4506983
609867,Title I - District Initiatives - SIS,134176.7124391
609867,Title I - School Discretionary,106319.88551
609867,Title III - Language Acquisition,139647.381834
609867,Workers'& Unemployment Compensation/Tort,178507.88048629998
609869,Core Instructional Positions,1807379.8919807
609869,EBF - Bilingual Programs,127092.70359
609869,Early Childhood Instruction,12000.0
609869,General Education Fund,503159.4643576
609869,IDEA Part B Flow-Through  (LEA Flowthru Instruction),133224.3347289
609869,Lunchroom Fund,82651.150303
609869,Mandated Parent Involvement,2174.0
609869,Need-Based Flexible Funding,199999.8092
609869,Preschool For All (locally funded),600.0
609869,Special Education Fund,1215740.5268436
609869,State Preschool For All Age 3-5,258905.1657503
609869,Title I - School Discretionary,60694.459
609869,Title Ii - Tier I Support,15217.5
609869,Workers'& Unemployment Compensation/Tort,148729.2179361
609870,Core Instructional Positions,2659979.9802211
609870,EBF - Bilingual Programs,162957.1635424
609870,Early Childhood Instruction,12000.0
609870,General Education Fund,684018.6381706999
609870,IDEA Part B Flow-Through  (LEA Flowthru Instruction),156186.1053485
609870,Lunchroom Fund,206266.0181679
609870,Mandated Parent Involvement,3746.5
609870,Need-Based Flexible Funding,329973.37897001
609870,Preschool For All (locally funded),600.0
609870,School and District Improvement Grant (Title 1003a) Cohort 18,30218.5
609870,Special Education Fund,3231456.0774079002
609870,State Preschool For All Age 3-5,249536.0931194
609870,Title I - District Initiatives - SIS,160185.159982
609870,Title I - School Discretionary,111125.16127199
609870,Title I - School Improvement Priority Initiative,135687.8452018
609870,Workers'& Unemployment Compensation/Tort,83539.1323798
609871,Alternative and Specialty Schools Support,298646.59208
609871,EBF - Bilingual Programs,137867.4668813
609871,Early Childhood Instruction,153244.7855547
609871,General Education Fund,853886.530564
609871,IDEA Part B Flow-Through  (LEA Flowthru Instruction),126883.02824120001
609871,Lunchroom Fund,121518.42520800002
609871,Preschool For All (locally funded),4939658.19578
609871,Special Education Fund,1660435.9896079
609871,Specialty Schools,234949.07382370002
609871,Title Ii - Tier I Support,15217.5
609871,Workers'& Unemployment Compensation/Tort,78751.711825
609872,Cellular Revenue,72285.4378462
609872,Core Instructional Positions,2022340.7815137
609872,Critical Language Initiative,156608.2134769
609872,EBF - Bilingual Programs,154627.76383830002
609872,Early Childhood Instruction,12000.0
609872,General Education Fund,667112.6177471
609872,IDEA Part B Flow-Through  (LEA Flowthru Instruction),130591.6688464
609872,Lunchroom Fund,161473.603156
609872,Mandated Parent Involvement,2332.0
609872,Need-Based Flexible Funding,200000.3986475
609872,Preschool For All (locally funded),327261.8359173
609872,School and District Improvement Grant (Title 1003a) 27-4331-40,15217.5
609872,Special Education Fund,910688.5046582
609872,Title I - District Initiatives - SIS,141905.5404159
609872,Title I - School Discretionary,70798.8324265
609872,Workers'& Unemployment Compensation/Tort,173546.8921182
609873,Core Instructional Positions,1571919.2005762
609873,General Education Fund,487440.31549239997
609873,IDEA Part B Flow-Through  (LEA Flowthru Instruction),162784.8538936
609873,Lunchroom Fund,128243.9710659
609873,Mandated Parent Involvement,1424.0
609873,Need-Based Flexible Funding,200000.24171286
609873,Special Education Fund,555563.17027
609873,Title I - School Discretionary,38415.2920229
609873,Title Ii - Tier I Support,15217.5
609873,Workers'& Unemployment Compensation/Tort,69216.6336802
609874,Core Instructional Positions,6946805.1586638
609874,EBF - Bilingual Programs,460082.250076
609874,Early Childhood Instruction,60000.0
609874,General Education Fund,796260.4211107
609874,IDEA Part B Flow-Through  (LEA Flowthru Instruction),134321.6211288
609874,Lunchroom Fund,291028.38165989995
609874,Mandated Parent Involvement,8611.0
609874,Need-Based Flexible Funding,598747.83641198
609874,Preschool For All (locally funded),1506521.1070932
609874,Special Education Fund,1976586.3035743
609874,Title I - District Initiatives - SIS,325238.6109722
609874,Title I - School Discretionary,267997.61882900004
609874,Title Ii - Tier I Support,15217.5
609874,Workers'& Unemployment Compensation/Tort,64215.2648798
609875,CBA - Teacher Assistants K-2nd,127092.70359
609875,Cellular Revenue,10371.00140682
609875,Core Instructional Positions,2515505.0661565
609875,EBF - Bilingual Programs,137906.405964
609875,Early Childhood Instruction,36000.0
609875,General Education Fund,686055.2721449999
609875,IDEA Part B Flow-Through  (LEA Flowthru Instruction),104230.0747601
609875,Lunchroom Fund,253414.31067590002
609875,Mandated Parent Involvement,3511.0
609875,Need-Based Flexible Funding,249190.12739870002
609875,Positions Allocated on Appeal,127092.70359
609875,Preschool For All (locally funded),954756.8142623
609875,Special Education Fund,3168588.5440772
609875,Title I - District Initiatives - SIS,146710.5065292
609875,Title I - School Discretionary,109276.98448215
609875,Title III - Language Acquisition,155899.0923844
609875,Title Ii - Tier I Support,15217.5
609875,Workers'& Unemployment Compensation/Tort,178192.66052220002
609876,Core Instructional Positions,2986548.4695908
609876,EBF - Bilingual Programs,332542.8770789
609876,Early Childhood Instruction,24000.0
609876,General Education Fund,769329.6295872
609876,IDEA Part B Flow-Through  (LEA Flowthru Instruction),113593.0116806
609876,Lunchroom Fund,308998.1616779
609876,Mandated Parent Involvement,4651.0
609876,Need-Based Flexible Funding,327739.2455278
609876,Preschool For All (locally funded),10525.0
609876,Special Education Fund,1590112.6324319
609876,State Preschool For All Age 3-5,1063453.5942250001
609876,Title I - Child Parent Centers,351957.03236764
609876,Title I - School Discretionary,132336.0
609876,Title I - School Improvement Priority Initiative,134668.2157
609876,Title I School Improvement & Accountability (Cohort 16) -4331-36,20217.5
609876,Workers'& Unemployment Compensation/Tort,151601.1668913
609879,Core Instructional Positions,5953868.4200522
609879,EBF - Bilingual Programs,158536.8510459
609879,Early Childhood Instruction,61000.0
609879,General Education Fund,870228.372109
609879,IDEA Part B Flow-Through  (LEA Flowthru Instruction),157258.5664021
609879,Lunchroom Fund,291700.89021599997
609879,Mandated Parent Involvement,8579.0
609879,Need-Based Flexible Funding,503166.00037695
609879,Preschool For All (locally funded),4125.0
609879,School and District Improvement Grant (Title 1003a) 27--4331-41,15217.5
609879,Special Education Fund,3271279.9017283
609879,State Preschool For All Age 3-5,1367808.707766
609879,Title I - District Initiatives - SIS,301035.270761
609879,Title I - School Discretionary,246522.15520029998
609879,Workers'& Unemployment Compensation/Tort,77310.0311105
609880,Core Instructional Positions,2166567.837441
609880,General Education Fund,646309.3635701999
609880,Internal Accounts Book Transfers,105279.2208291
609880,Lunchroom Fund,124136.2663219
609880,Need-Based Flexible Funding,169965.95932708
609880,Special Education Fund,1250094.628999
609880,Title Ii - Tier I Support,15217.5
609880,Workers'& Unemployment Compensation/Tort,153602.5619273
609883,Core Instructional Positions,2540054.7547889
609883,Early Childhood Instruction,37000.0
609883,General Education Fund,771278.516729
609883,IDEA Part B Flow-Through  (LEA Flowthru Instruction),140807.6547712
609883,Lunchroom Fund,205681.8391339
609883,Mandated Parent Involvement,6728.0
609883,Need-Based Flexible Funding,301300.2500401
609883,Preschool For All (locally funded),1575.0
609883,School and District Improvement Grant (Title 1003a) Cohort 17,20218.5
609883,Special Education Fund,2137432.3163275
609883,State Preschool For All Age 3-5,576111.2847823
609883,Title I - District Initiatives - SIS,151758.93077819998
609883,Title I - School Discretionary,172575.040968
609883,Workers'& Unemployment Compensation/Tort,90559.0311105
609884,Core Instructional Positions,4097904.7944782
609884,EBF - Bilingual Programs,145217.71190999998
609884,Early Childhood Instruction,36000.0
609884,General Education Fund,843822.9139304
609884,IDEA Part B Flow-Through  (LEA Flowthru Instruction),139302.3565571
609884,Lunchroom Fund,158510.194012
609884,Mandated Parent Involvement,3142.15
609884,Need-Based Flexible Funding,359652.16414102
609884,Preschool For All (locally funded),1264291.4264818
609884,Special Education Fund,1319158.6751479
609884,Title I - District Initiatives - SIS,141690.2770569
609884,Title I - School Discretionary,114999.74583130001
609884,Title I School Improvement & Accountability (Cohort 15) -4331-35,5499.87619697
609884,Title Ii - Tier I Support,15217.5
609884,Workers'& Unemployment Compensation/Tort,222410.706026
609885,Core Instructional Positions,1824311.3168909
609885,EBF - Bilingual Programs,59926.4471988
609885,Early Childhood Instruction,23999.99761572
609885,General Education Fund,739317.7868204
609885,IDEA Part B Flow-Through  (LEA Flowthru Instruction),107106.73186069999
609885,Lunchroom Fund,184449.842944
609885,Mandated Parent Involvement,3478.0
609885,Need-Based Flexible Funding,207935.3487352
609885,Preschool For All (locally funded),7875.0
609885,Special Education Fund,1817748.3403768
609885,State Preschool For All Age 3-5,565048.4865457
609885,Title I - Child Parent Centers,159824.36528814
609885,Title I - District Initiatives - SIS,106824.3575807
609885,Title I - School Discretionary,93126.34502291
609885,Title Ii - Tier I Support,15217.5
609885,Workers'& Unemployment Compensation/Tort,245882.9978585
609887,Core Instructional Positions,3089880.4836575002
609887,Early Childhood Instruction,12000.0
609887,General Education Fund,655794.7080556001
609887,Lunchroom Fund,215543.52202190002
609887,Mandated Parent Involvement,3658.0
609887,Need-Based Flexible Funding,250676.737574152
609887,Preschool For All (locally funded),600.0
609887,Special Education Fund,1066456.196569
609887,State Preschool For All Age 3-5,251245.2096345
609887,Title I - District Initiatives - SIS,151608.6458649
609887,Title I - School Discretionary,108500.4693075
609887,Title Ii - Tier I Support,15217.5
609887,Workers'& Unemployment Compensation/Tort,77464.2648798
609891,CTU Sustainable Schools Initiative,89537.792275
609891,Core Instructional Positions,1800894.2788589
609891,Early Childhood Instruction,12000.0
609891,General Education Fund,443989.6810792
609891,Lunchroom Fund,168886.3756899
609891,Mandated Parent Involvement,4332.0
609891,Need-Based Flexible Funding,200000.2154
609891,Preschool For All (locally funded),600.0
609891,School and District Improvement Grant (Title 1003a) Cohort 17,30218.3171
609891,Special Education Fund,1112337.069515
609891,State Preschool For All Age 3-5,204188.1532452
609891,Title I - School Discretionary,108387.5401405
609891,Title I - School Improvement Priority Initiative,122943.60975
609891,Workers'& Unemployment Compensation/Tort,157966.2661528
609893,CBA - Teacher Assistants K-2nd,127092.70359
609893,Core Instructional Positions,4339672.3113311
609893,EBF - Bilingual Programs,172089.9884783
609893,Early Childhood Instruction,86000.0011388
609893,General Education Fund,927061.3788178
609893,IDEA Part B Flow-Through  (LEA Flowthru Instruction),169408.53612859998
609893,Lunchroom Fund,320838.6848738
609893,Mandated Parent Involvement,2511.0
609893,Need-Based Flexible Funding,391674.79268818
609893,Preschool For All (locally funded),1563657.4468266
609893,School and District Improvement Grant (Title 1003a) Cohort 22,31218.25
609893,Special Education Fund,4197212.5416273
609893,Title I - District Initiatives - SIS,313356.2010729
609893,Title I - School Discretionary,103230.3654411
609893,Title I - School Improvement Priority Initiative,134668.2157
609893,Workers'& Unemployment Compensation/Tort,318246.4672964
609894,Core Instructional Positions,2069703.7452022
609894,Early Childhood Instruction,12000.0
609894,General Education Fund,692536.1524587
609894,IDEA Part B Flow-Through  (LEA Flowthru Instruction),137007.3382065
609894,Lunchroom Fund,193776.6731559
609894,Mandated Parent Involvement,5768.0
609894,Need-Based Flexible Funding,220165.263898
609894,Preschool For All (locally funded),600.0
609894,School and District Improvement Grant (Title 1003a) Cohort 17,5499.6045
609894,Special Education Fund,1959445.0057873
609894,State Preschool For All Age 3-5,178399.8256103
609894,Title I - District Initiatives - SIS,173379.8882207
609894,Title I - School Discretionary,142691.75951590002
609894,Title Ii - Tier I Support,15217.5
609894,Workers'& Unemployment Compensation/Tort,176060.48125
609895,Core Instructional Positions,1984851.7063321
609895,General Education Fund,507777.8081961
609895,IDEA Part B Flow-Through  (LEA Flowthru Instruction),160895.7729694
609895,Lunchroom Fund,120069.5884339
609895,Mandated Parent Involvement,2101.0
609895,Need-Based Flexible Funding,199999.3275009
609895,Positions Allocated on Appeal,127092.70359
609895,School and District Improvement Grant (Title 1003a) Cohort 18,5500.0
609895,Special Education Fund,1441135.7530584
609895,Title I - School Discretionary,60996.0
609895,Title Ii - Tier I Support,15217.5
609895,Workers'& Unemployment Compensation/Tort,86773.4460601
609896,Core Instructional Positions,2036663.8128173
609896,Early Childhood Instruction,36000.0
609896,General Education Fund,495810.56640400004
609896,Lunchroom Fund,117939.8411779
609896,Montessori Schools,1248273.26571
609896,Need-Based Flexible Funding,268173.5898466
609896,Preschool For All (locally funded),401890.660705
609896,Special Education Fund,1432152.199703
609896,Title Ii - Tier I Support,15217.5
609896,Workers'& Unemployment Compensation/Tort,94281.83097000001
609897,Core Instructional Positions,1821999.4863759
609897,EBF - Bilingual Programs,128198.63285719999
609897,Early Childhood Instruction,24000.0
609897,General Education Fund,691391.1236526
609897,IDEA Part B Flow-Through  (LEA Flowthru Instruction),115958.0543333
609897,Lunchroom Fund,169952.8320319
609897,Mandated Parent Involvement,3230.0
609897,Need-Based Flexible Funding,210995.5
609897,Preschool For All (locally funded),1950.0
609897,Special Education Fund,1308203.7938885
609897,State Preschool For All Age 3-5,672430.466029
609897,Title I - District Initiatives,265224.5667973
609897,Title I - District Initiatives - SIS,159581.3493454
609897,Title I - School Discretionary,87172.3240049
609897,Title Ii - Tier I Support,15217.5
609897,Workers'& Unemployment Compensation/Tort,167275.44732870001
609898,Core Instructional Positions,6575977.7083293
609898,EBF - Bilingual Programs,334896.8594987
609898,Early Childhood Instruction,36000.0
609898,General Education Fund,967066.7340384
609898,IDEA Part B Flow-Through  (LEA Flowthru Instruction),292107.1326235
609898,Lunchroom Fund,387670.3211079
609898,Mandated Parent Involvement,9999.0
609898,Need-Based Flexible Funding,606002.8286687001
609898,Preschool For All (locally funded),1800.0
609898,School and District Improvement Grant (Title 1003a) 27--4331-41,15217.5
609898,Special Education Fund,2239513.7522729
609898,State Preschool For All Age 3-5,597607.544937
609898,Title I - District Initiatives - SIS,339065.3970759
609898,Title I - School Discretionary,281790.3657926
609898,Title I - School Improvement Priority Initiative,134668.2157
609898,Workers'& Unemployment Compensation/Tort,151440.2302834
609899,Core Instructional Positions,4878175.54362
609899,EBF - Bilingual Programs,67719.8990214
609899,General Education Fund,748805.4737245999
609899,IDEA Part B Flow-Through  (LEA Flowthru Instruction),277672.3715376
609899,International Baccalaureate Program,362195.932152
609899,Lunchroom Fund,190294.6117519
609899,Need-Based Flexible Funding,322904.8369227
609899,Special Education Fund,3050621.0543911997
609899,Title Ii - Tier I Support,15217.5
609899,Workers'& Unemployment Compensation/Tort,131453.9880059
609900,Core Instructional Positions,2235403.2163586
609900,EBF - Bilingual Programs,47327.509633400005
609900,Early Childhood Instruction,12000.0
609900,General Education Fund,653634.3330847999
609900,IDEA Part B Flow-Through  (LEA Flowthru Instruction),106824.3575807
609900,Lunchroom Fund,287429.6754199
609900,Mandated Parent Involvement,3687.0
609900,Need-Based Flexible Funding,206174.54853866098
609900,Preschool For All (locally funded),600.0
609900,School and District Improvement Grant (Title 1003a) Cohort 17,30218.303050029997
609900,Special Education Fund,1146883.004541
609900,State Preschool For All Age 3-5,213421.7839075
609900,Title I - School Discretionary,100321.5371895
609900,Title I - School Improvement Priority Initiative,175037.3436781
609900,Workers'& Unemployment Compensation/Tort,218870.89014960002
609901,Core Instructional Positions,3096122.9572603
609901,EBF - Bilingual Programs,173278.0377983
609901,Early Childhood Instruction,73999.997517
609901,General Education Fund,806611.1536305001
609901,IDEA Part B Flow-Through  (LEA Flowthru Instruction),118007.20839439999
609901,Internal Accounts Book Transfers,2272.6
609901,Lunchroom Fund,154959.65213200002
609901,Need-Based Flexible Funding,228784.8677132
609901,Preschool For All (locally funded),1551430.5273221
609901,Special Education Fund,1530025.3143004999
609901,Title Ii - Tier I Support,15217.5
609901,Workers'& Unemployment Compensation/Tort,148112.8674099
609902,CTU Sustainable Schools Initiative,104119.3753881
609902,Core Instructional Positions,2278279.0465683
609902,EBF - Bilingual Programs,58311.392548
609902,Early Childhood Instruction,12000.0
609902,General Education Fund,643134.1161272
609902,IDEA Part B Flow-Through  (LEA Flowthru Instruction),118597.9895837
609902,Lunchroom Fund,203373.882922
609902,Mandated Parent Involvement,4483.0
609902,Need-Based Flexible Funding,263600.411525
609902,Preschool For All (locally funded),600.0
609902,Special Education Fund,1041222.133775
609902,State Preschool For All Age 3-5,224577.7357965
609902,Title I - District Initiatives - SIS,158719.7301408
609902,Title I - School Discretionary,120017.9902906
609902,Title Ii - Tier I Support,15217.5
609902,Workers'& Unemployment Compensation/Tort,205384.9963837
609903,Core Instructional Positions,7415275.4446664
609903,EBF - Bilingual Programs,507769.689284
609903,Early Childhood Instruction,48000.0
609903,General Education Fund,1136870.9373566
609903,IDEA Part B Flow-Through  (LEA Flowthru Instruction),276122.9832376
609903,International Baccalaureate Program,166737.5436869
609903,Lunchroom Fund,451381.811708
609903,Mandated Parent Involvement,10359.0
609903,Need-Based Flexible Funding,725481.7366436
609903,Preschool For All (locally funded),15800.0
609903,Special Education Fund,4681812.6722305
609903,State Preschool For All Age 3-5,1785407.200065
609903,Title I - Child Parent Centers,381926.1902002
609903,Title I - District Initiatives - SIS,312481.1877912
609903,Title I - School Discretionary,303897.7355758
609903,Title Ii - Tier I Support,15217.5
609903,Workers'& Unemployment Compensation/Tort,316850.1284077
609904,Core Instructional Positions,2927303.1523486
609904,EBF - Bilingual Programs,127651.2275732
609904,Early Childhood Instruction,48999.99629
609904,General Education Fund,785576.93124
609904,IDEA Part B Flow-Through  (LEA Flowthru Instruction),142848.1882349
609904,International Baccalaureate Program,178959.6191107
609904,Lunchroom Fund,246940.37958799998
609904,Mandated Parent Involvement,5091.0
609904,Need-Based Flexible Funding,325949.60873301997
609904,Preschool For All (locally funded),3525.0
609904,School and District Improvement Grant (Title 1003a) 27-4331-40,50217.5
609904,Special Education Fund,3070649.9459425
609904,State Preschool For All Age 3-5,1261126.052896
609904,Title I - District Initiatives - SIS,173380.2792894
609904,Title I - School Discretionary,140896.4113579
609904,Title I - School Improvement Priority Initiative,182976.6601856
609904,Workers'& Unemployment Compensation/Tort,142653.6018181
609907,Core Instructional Positions,2268698.6498078
609907,Early Childhood Instruction,24000.0
609907,General Education Fund,658325.0674386
609907,Lunchroom Fund,186381.82187589997
609907,Mandated Parent Involvement,4601.0
609907,Need-Based Flexible Funding,205380.0065238
609907,Preschool For All (locally funded),1200.0
609907,Special Education Fund,821147.853091
609907,State Preschool For All Age 3-5,404223.745001
609907,Title I - District Initiatives - SIS,131951.40655800002
609907,Title I - School Discretionary,116529.5283864
609907,Title Ii - Tier I Support,15217.5
609907,Workers'& Unemployment Compensation/Tort,164237.7109417
609908,Core Instructional Positions,1775155.0336218001
609908,Early Childhood Instruction,12000.0
609908,General Education Fund,501063.1588481
609908,IDEA Part B Flow-Through  (LEA Flowthru Instruction),166178.61105089998
609908,International Baccalaureate Program,178959.61654
609908,Lunchroom Fund,193823.37326390002
609908,Mandated Parent Involvement,3460.0
609908,Need-Based Flexible Funding,159999.52398649
609908,Preschool For All (locally funded),600.0
609908,School and District Improvement Grant (Title 1003a) 27--4331-41,15217.5
609908,Special Education Fund,1088579.544202
609908,State Preschool For All Age 3-5,207643.7907659
609908,Title I - School Discretionary,89960.145784
609908,Workers'& Unemployment Compensation/Tort,86635.0423537
609909,Core Instructional Positions,1191102.6182185
609909,EBF - Bilingual Programs,169375.4105669
609909,Early Childhood Instruction,12000.0
609909,General Education Fund,438257.7650585
609909,Lunchroom Fund,109870.5968499
609909,Mandated Parent Involvement,517.5
609909,Need-Based Flexible Funding,200000.35175
609909,Preschool For All (locally funded),975.0
609909,Special Education Fund,747832.695187
609909,State Preschool For All Age 3-5,313975.3889727
609909,Title I - School Discretionary,17595.0
609909,Title IV Part A,163837.9586708
609909,Title Ii - Tier I Support,15217.5
609909,Workers'& Unemployment Compensation/Tort,64242.911575
609910,Core Instructional Positions,6823644.3321904
609910,EBF - Bilingual Programs,333949.5149346
609910,Early Childhood Instruction,35999.9995163
609910,General Education Fund,783073.4654955
609910,IDEA Part B Flow-Through  (LEA Flowthru Instruction),295402.0633605
609910,Lunchroom Fund,349919.3411659
609910,Mandated Parent Involvement,7473.9
609910,Need-Based Flexible Funding,645390.19304832
609910,Preschool For All (locally funded),1800.0
609910,Special Education Fund,3861574.2059669998
609910,State Preschool For All Age 3-5,693076.402666
609910,Title I - District Initiatives - SIS,326729.44955920003
609910,Title I - School Discretionary,224207.7572661
609910,Title Ii - Tier I Support,15217.5
609910,Workers'& Unemployment Compensation/Tort,150792.1336528
609912,CBA - Teacher Assistants K-2nd,254185.40718
609912,Core Instructional Positions,3038373.2731697
609912,EBF - Bilingual Programs,144264.5543629
609912,Early Childhood Instruction,12000.0
609912,General Education Fund,668857.1122173
609912,IDEA Part B Flow-Through  (LEA Flowthru Instruction),293414.58137
609912,Lunchroom Fund,98201.07293
609912,Mandated Parent Involvement,1179.2
609912,Need-Based Flexible Funding,234206.7702893
609912,Preschool For All (locally funded),1950.0
609912,Special Education Fund,4135443.286223
609912,State Preschool For All Age 3-5,742292.2543711
609912,Title I - District Initiatives - SIS,141984.7923485
609912,Title I - School Discretionary,54735.507761700006
609912,Title Ii - Tier I Support,15217.5
609912,Workers'& Unemployment Compensation/Tort,77464.2648798
609917,Core Instructional Positions,1671305.7886331
609917,Early Childhood Instruction,12000.0
609917,General Education Fund,621427.0003977
609917,IDEA Part B Flow-Through  (LEA Flowthru Instruction),163872.4354584
609917,Lunchroom Fund,71818.221096
609917,Mandated Parent Involvement,3487.0
609917,Need-Based Flexible Funding,200000.11881502002
609917,Preschool For All (locally funded),600.0
609917,Special Education Fund,739869.23648
609917,State Preschool For All Age 3-5,165740.1437461
609917,Title I - District Initiatives - SIS,101219.5722778
609917,Title I - School Discretionary,92644.288701
609917,Title Ii - Tier I Support,15217.5
609917,Workers'& Unemployment Compensation/Tort,73542.6732849
609918,Core Instructional Positions,982339.025409
609918,EBF - Bilingual Programs,130938.2515271
609918,General Education Fund,447108.2409389
609918,Lunchroom Fund,119665.107264
609918,Mandated Parent Involvement,1502.0
609918,Need-Based Flexible Funding,274999.55898729997
609918,Special Education Fund,497839.53191039996
609918,Title I - School Discretionary,42315.35
609918,Title I School Improvement & Accountability (Cohort 15) -4331-35,30217.5
609918,Workers'& Unemployment Compensation/Tort,77464.2648798
609919,Core Instructional Positions,2556067.9021132
609919,EBF - Bilingual Programs,63546.351792999994
609919,Early Childhood Instruction,37000.0
609919,General Education Fund,695715.4486375999
609919,IDEA Part B Flow-Through  (LEA Flowthru Instruction),115757.61830809999
609919,International Baccalaureate Program,183400.4205548
609919,Lunchroom Fund,208431.570358
609919,Mandated Parent Involvement,4526.0
609919,Need-Based Flexible Funding,247824.6885448
609919,Preschool For All (locally funded),7875.0
609919,School and District Improvement Grant (Title 1003a) Cohort 17,30218.1874616
609919,Special Education Fund,1477537.016773
609919,State Preschool For All Age 3-5,553766.2188193
609919,Title I - Child Parent Centers,185127.95780214
609919,Title I - District Initiatives - SIS,143271.5269237
609919,Title I - School Discretionary,122139.7858326
609919,Title I - School Improvement Priority Initiative,186168.8079144
609919,Workers'& Unemployment Compensation/Tort,158884.2615429
609920,CBA - Teacher Assistants K-2nd,127092.70359
609920,Core Instructional Positions,2700679.84294
609920,EBF - Bilingual Programs,166393.7044624
609920,Early Childhood Instruction,24000.0
609920,General Education Fund,795627.3861855001
609920,IDEA Part B Flow-Through  (LEA Flowthru Instruction),135714.2889672
609920,Lunchroom Fund,156963.5196
609920,Mandated Parent Involvement,3785.25
609920,Need-Based Flexible Funding,290916.45018666
609920,Preschool For All (locally funded),1200.0
609920,Special Education Fund,1418654.5002749
609920,State Preschool For All Age 3-5,442818.539272
609920,Title I - School Discretionary,109882.4309773
609920,Title I - School Improvement Priority Initiative,134668.2157
609920,Title I School Improvement & Accountability (Cohort 16) -4331-36,20218.5
609920,Workers'& Unemployment Compensation/Tort,86773.4460601
609921,CTU Sustainable Schools Initiative,179897.3223791
609921,Core Instructional Positions,1842782.7695112
609921,EBF - Bilingual Programs,173408.6848383
609921,Early Childhood Instruction,12000.0
609921,General Education Fund,490729.8646912
609921,IDEA Part B Flow-Through  (LEA Flowthru Instruction),164734.7973464
609921,Mandated Parent Involvement,1482.0
609921,Need-Based Flexible Funding,199999.7409493
609921,Preschool For All (locally funded),600.0
609921,Special Education Fund,1316987.7103751
609921,State Preschool For All Age 3-5,214049.237788
609921,Title I - School Discretionary,46739.6754839
609921,Title I School Improvement & Accountability (Cohort 16) -4331-36,20218.5
609921,Title III - Language Acquisition,149649.5186153
609921,Workers'& Unemployment Compensation/Tort,86773.4460601
609922,CTU Sustainable Schools Initiative,89537.792275
609922,Core Instructional Positions,2808382.30125516
609922,EBF - Bilingual Programs,302348.2618313
609922,Early Childhood Instruction,74000.00014999999
609922,General Education Fund,677135.6299389
609922,IDEA Part B Flow-Through  (LEA Flowthru Instruction),132769.5125636
609922,Lunchroom Fund,184471.1436919
609922,Mandated Parent Involvement,4306.5
609922,Need-Based Flexible Funding,282675.99830000004
609922,Preschool For All (locally funded),4725.0
609922,School and District Improvement Grant (Title 1003a) 27-4331-40,15217.5
609922,Special Education Fund,1835227.861475
609922,State Preschool For All Age 3-5,1795355.399319
609922,Title I - District Initiatives - SIS,150971.08403579998
609922,Title I - School Discretionary,121364.5057429
609922,Workers'& Unemployment Compensation/Tort,151601.1668913
609924,CTU Sustainable Schools Initiative,119906.23367
609924,Core Instructional Positions,1955916.2823542
609924,Early Childhood Instruction,37000.0
609924,General Education Fund,506195.6709163
609924,IDEA Part B Flow-Through  (LEA Flowthru Instruction),170748.31521720003
609924,Lunchroom Fund,69402.150303
609924,Mandated Parent Involvement,3714.0
609924,Need-Based Flexible Funding,199999.961793
609924,Positions Allocated on Appeal,170776.2154
609924,Preschool For All (locally funded),1950.0
609924,School and District Improvement Grant (Title 1003a) Cohort 23,31218.5
609924,Special Education Fund,1754474.458743
609924,State Preschool For All Age 3-5,705576.9009524
609924,Title I - District Initiatives,117358.6144713
609924,Title I - District Initiatives - SIS,161356.4607531
609924,Title I - School Discretionary,98686.0
609924,Workers'& Unemployment Compensation/Tort,77464.2648798
609925,Core Instructional Positions,1819454.0407195
609925,Early Childhood Instruction,12000.0
609925,General Education Fund,436534.7613789
609925,Lunchroom Fund,212536.45316990002
609925,Mandated Parent Involvement,2981.0
609925,Need-Based Flexible Funding,199999.669
609925,Preschool For All (locally funded),600.0
609925,Special Education Fund,826654.109012
609925,State Preschool For All Age 3-5,248413.8693389
609925,Title I - School Discretionary,76463.8
609925,Title I - School Improvement Priority Initiative,139246.1439242
609925,Title I School Improvement & Accountability (Cohort 16) -4331-36,30218.5
609925,Workers'& Unemployment Compensation/Tort,80502.00127040001
609926,Core Instructional Positions,2316398.7270864
609926,General Education Fund,673568.2510654
609926,IDEA Part B Flow-Through  (LEA Flowthru Instruction),146710.5065292
609926,Lunchroom Fund,124136.26632190001
609926,Mandated Parent Involvement,1175.0
609926,Need-Based Flexible Funding,173252.3453019
609926,Positions Allocated on Appeal,127092.70359
609926,Special Education Fund,1658826.6695703
609926,Title I - District Initiatives - SIS,148815.789357
609926,Title I - School Discretionary,48284.7677123
609926,Title Ii - Tier I Support,15217.5
609926,Workers'& Unemployment Compensation/Tort,83539.1323798
609927,Core Instructional Positions,2030527.3642401
609927,Early Childhood Instruction,12000.0
609927,General Education Fund,681920.5061939
609927,IDEA Part B Flow-Through  (LEA Flowthru Instruction),273620.0493233
609927,Lunchroom Fund,202669.0312299
609927,Mandated Parent Involvement,4166.0
609927,Need-Based Flexible Funding,242456.10773766
609927,Preschool For All (locally funded),1575.0
609927,Special Education Fund,2522987.0372681
609927,State Preschool For All Age 3-5,554517.5047695
609927,Title I - School Discretionary,111551.57592989999
609927,Title I - School Improvement Priority Initiative,134668.2157
609927,Title Ii - Tier I Support,15217.5
609927,Workers'& Unemployment Compensation/Tort,164237.7109417
609928,Core Instructional Positions,1851286.6922038
609928,Early Childhood Instruction,12000.0
609928,General Education Fund,480458.85939349997
609928,IDEA Part B Flow-Through  (LEA Flowthru Instruction),146176.9028404
609928,Lunchroom Fund,176703.1632939
609928,Mandated Parent Involvement,4449.5
609928,Need-Based Flexible Funding,290609.5940473
609928,Preschool For All (locally funded),600.0
609928,School and District Improvement Grant (Title 1003a) Cohort 22,31217.91
609928,Special Education Fund,1457148.3557254001
609928,State Preschool For All Age 3-5,208457.0062487
609928,Title I - District Initiatives - SIS,166849.29262219998
609928,Title I - School Discretionary,114164.9136351
609928,Workers'& Unemployment Compensation/Tort,80502.0012704
609929,CBA - Teacher Assistants K-2nd,127092.70359
609929,Core Instructional Positions,2087410.3996964
609929,EBF - Bilingual Programs,166393.7044624
609929,Early Childhood Instruction,12000.0
609929,General Education Fund,711059.0788043
609929,IDEA Part B Flow-Through  (LEA Flowthru Instruction),124703.75106200001
609929,Lunchroom Fund,143023.99490400002
609929,Mandated Parent Involvement,1667.0
609929,Need-Based Flexible Funding,206719.35
609929,Preschool For All (locally funded),1950.0
609929,School and District Improvement Grant (Title 1003a) 27--4331-41,15217.5
609929,Special Education Fund,1298947.187446
609929,State Preschool For All Age 3-5,688177.455731
609929,Title I - District Initiatives - SIS,136477.939852
609929,Title I - School Discretionary,57680.8440026
609929,Workers'& Unemployment Compensation/Tort,152865.4707055
609930,Core Instructional Positions,2408284.2847039
609930,EBF - Bilingual Programs,148896.0331117
609930,Early Childhood Instruction,24000.0
609930,General Education Fund,740944.4593244999
609930,IDEA Part B Flow-Through  (LEA Flowthru Instruction),277449.9864061
609930,Lunchroom Fund,239786.504884
609930,Mandated Parent Involvement,5227.0
609930,Need-Based Flexible Funding,292600.16858814
609930,Positions Allocated on Appeal,127092.70358999999
609930,Preschool For All (locally funded),1575.0
609930,Special Education Fund,3807731.5780461
609930,State Preschool For All Age 3-5,532894.0190127001
609930,Title I - District Initiatives - SIS,93285.55913620001
609930,Title I - School Discretionary,139938.0030393
609930,Title III - Language Acquisition,149758.3466153
609930,Title Ii - Tier I Support,15217.5
609930,Workers'& Unemployment Compensation/Tort,161003.3972557
609933,CTU Sustainable Schools Initiative,91738.43177499999
609933,Core Instructional Positions,2114036.4155538
609933,EBF - Bilingual Programs,143311.4603969
609933,Early Childhood Instruction,12000.0
609933,General Education Fund,689234.9564001
609933,IDEA Part B Flow-Through  (LEA Flowthru Instruction),223948.17190310004
609933,Lunchroom Fund,173394.2195439
609933,Mandated Parent Involvement,3168.0
609933,Need-Based Flexible Funding,216280.009393
609933,Preschool For All (locally funded),600.0
609933,Special Education Fund,3519559.4966329997
609933,State Preschool For All Age 3-5,257200.6049262
609933,Title I - School Discretionary,89279.56734800001
609933,Title I - School Improvement Priority Initiative,177083.8469629
609933,Title I School Improvement & Accountability (Cohort 15) -4331-35,50218.0
609933,Workers'& Unemployment Compensation/Tort,245197.9343895
609935,CBA - Teacher Assistants K-2nd,254185.40717000002
609935,Core Instructional Positions,3869843.3754993
609935,EBF - Bilingual Programs,169431.8017707
609935,Early Childhood Instruction,24000.006065
609935,General Education Fund,772704.1506096
609935,IDEA Part B Flow-Through  (LEA Flowthru Instruction),170094.7571286
609935,Lunchroom Fund,310602.3909559
609935,Mandated Parent Involvement,5767.0
609935,Need-Based Flexible Funding,383089.7301117
609935,Preschool For All (locally funded),1200.0
609935,Special Education Fund,2139319.6199427
609935,State Preschool For All Age 3-5,411160.73298499995
609935,Title I - District Initiatives - SIS,169275.5241286
609935,Title I - School Discretionary,165709.8343551
609935,Title Ii - Tier I Support,15217.5
609935,Workers'& Unemployment Compensation/Tort,142563.0797253
609937,CBA - Teacher Assistants K-2nd,62710.6564
609937,Core Instructional Positions,5037713.0520571
609937,EBF - Bilingual Programs,173408.6848383
609937,General Education Fund,790707.3246583
609937,IDEA Part B Flow-Through  (LEA Flowthru Instruction),146710.5065292
609937,Lunchroom Fund,95998.012615
609937,Need-Based Flexible Funding,369565.5183623
609937,Special Education Fund,1726580.5717516
609937,Title Ii - Tier I Support,15217.5
609937,Workers'& Unemployment Compensation/Tort,72363.4694399
609938,Core Instructional Positions,4446735.9483924005
609938,EBF - Bilingual Programs,332208.9756035
609938,Early Childhood Instruction,50000.0
609938,General Education Fund,988131.7285358
609938,IDEA Part B Flow-Through  (LEA Flowthru Instruction),130591.6688464
609938,Lunchroom Fund,307679.5920439
609938,Mandated Parent Involvement,8121.7477
609938,Need-Based Flexible Funding,460289.6244962
609938,Preschool For All (locally funded),1950.0
609938,School and District Improvement Grant (Title 1003a) 27-4331-40,15217.5
609938,Special Education Fund,2466905.8394818
609938,State Preschool For All Age 3-5,679370.5654031
609938,Title I - District Initiatives - SIS,152551.3565571
609938,Title I - School Discretionary,219162.437156
609938,Title I - School Improvement Priority Initiative,182257.36199140002
609938,Workers'& Unemployment Compensation/Tort,141402.1031306
609939,Core Instructional Positions,1998865.65972
609939,Early Childhood Instruction,12000.0
609939,General Education Fund,719784.6512628
609939,Lunchroom Fund,199976.3135379
609939,Mandated Parent Involvement,4264.0
609939,Need-Based Flexible Funding,208569.2149939
609939,Preschool For All (locally funded),600.0
609939,Special Education Fund,2081531.7736154
609939,State Preschool For All Age 3-5,235091.1641754
609939,Title I - District Initiatives - SIS,144825.1480082
609939,Title I - School Discretionary,111646.8600959
609939,Title Ii - Tier I Support,15217.5
609939,Workers'& Unemployment Compensation/Tort,83539.1323798
609941,Core Instructional Positions,2258153.587931
609941,EBF - Bilingual Programs,158648.8629576
609941,Early Childhood Instruction,37000.0
609941,General Education Fund,688590.2289085999
609941,IDEA Part B Flow-Through  (LEA Flowthru Instruction),148602.7942488
609941,Lunchroom Fund,160759.7711319
609941,Mandated Parent Involvement,4054.9
609941,Need-Based Flexible Funding,226056.81817701
609941,Preschool For All (locally funded),1950.0
609941,School and District Improvement Grant (Title 1003a) Cohort 18,30218.37293722
609941,Special Education Fund,1422130.2247699
609941,State Preschool For All Age 3-5,724997.5618972001
609941,Title I - School Discretionary,107749.3761325
609941,Title I - School Improvement Priority Initiative,159617.8874272
609941,Workers'& Unemployment Compensation/Tort,94281.83097000001
609942,CBA - Teacher Assistants K-2nd,381278.11076999997
609942,Core Instructional Positions,4126082.1001691
609942,EBF - Bilingual Programs,147757.6521184
609942,Early Childhood Instruction,24000.006064999998
609942,General Education Fund,720448.7461837999
609942,IDEA Part B Flow-Through  (LEA Flowthru Instruction),135714.2889672
609942,Lunchroom Fund,273765.0974039
609942,Mandated Parent Involvement,2349.0
609942,Need-Based Flexible Funding,373961.4281969
609942,Preschool For All (locally funded),929675.5318493
609942,Special Education Fund,2523617.4611534
609942,Title I - District Initiatives - SIS,125864.545216
609942,Title I - School Discretionary,96569.68983769999
609942,Title III - Language Acquisition,144688.9028404
609942,Title Ii - Tier I Support,15217.5
609942,Workers'& Unemployment Compensation/Tort,161003.3972557
609943,Core Instructional Positions,1989348.7193825
609943,Early Childhood Instruction,12000.0
609943,General Education Fund,789697.1871309
609943,Lunchroom Fund,231416.6265859
609943,Mandated Parent Involvement,4680.5
609943,Need-Based Flexible Funding,214298.2518037
609943,Preschool For All (locally funded),600.0
609943,School and District Improvement Grant (Title 1003a) Cohort 17,5500.0
609943,Special Education Fund,2125040.2665964
609943,State Preschool For All Age 3-5,223176.98671169998
609943,Title I - District Initiatives,175161.3687864
609943,Title I - District Initiatives - SIS,169926.0737286
609943,Title I - School Discretionary,120865.2441318
609943,Title Ii - Tier I Support,15217.5
609943,Workers'& Unemployment Compensation/Tort,205524.9377672
609944,CBA - Teacher Assistants K-2nd,127092.70359
609944,Core Instructional Positions,1758366.2694299999
609944,EBF - Bilingual Programs,175399.42779000002
609944,Early Childhood Instruction,12000.0
609944,General Education Fund,739056.6354004
609944,IDEA Part B Flow-Through  (LEA Flowthru Instruction),157259.0128351
609944,Lunchroom Fund,98691.946247
609944,Mandated Parent Involvement,1989.0
609944,Need-Based Flexible Funding,160000.136
609944,Positions Allocated on Appeal,127092.70359
609944,Preschool For All (locally funded),600.0
609944,Special Education Fund,1207605.7677928
609944,State Preschool For All Age 3-5,220821.3990373
609944,Title I - District Initiatives - SIS,140816.0887057
609944,Title I - School Discretionary,62730.0
609944,Title Ii - Tier I Support,15217.5
609944,Workers'& Unemployment Compensation/Tort,151601.1668913
609945,CBA - Teacher Assistants K-2nd,127092.70359
609945,Core Instructional Positions,3230858.1875096
609945,EBF - Bilingual Programs,168859.44696
609945,Early Childhood Instruction,24000.0
609945,General Education Fund,686816.614515
609945,IDEA Part B Flow-Through  (LEA Flowthru Instruction),335482.8573034
609945,Lunchroom Fund,297568.0145179
609945,Mandated Parent Involvement,3352.0
609945,Need-Based Flexible Funding,259317.09034326999
609945,Preschool For All (locally funded),408758.158391
609945,Special Education Fund,2370526.7301292
609945,Title I - District Initiatives - SIS,158995.6825175
609945,Title I - School Discretionary,107192.50087
609945,Title Ii - Tier I Support,15217.5
609945,Workers'& Unemployment Compensation/Tort,185462.7116242
609947,Core Instructional Positions,2121865.6034916
609947,EBF - Bilingual Programs,146340.514991
609947,Early Childhood Instruction,37000.0
609947,General Education Fund,651998.3270716
609947,Lunchroom Fund,177019.88683
609947,Mandated Parent Involvement,2592.0
609947,Need-Based Flexible Funding,239412.77581057
609947,Preschool For All (locally funded),572352.2482869
609947,School and District Improvement Grant (Title 1003a) Cohort 22,75217.7600196
609947,Special Education Fund,2134592.0234912
609947,Title I - District Initiatives,93926.3605477
609947,Title I - District Initiatives - SIS,161609.8258796
609947,Title I - School Discretionary,77759.7215841
609947,Title I - School Improvement Priority Initiative,182508.25577010002
609947,Workers'& Unemployment Compensation/Tort,154928.5297559
609949,Core Instructional Positions,6579449.7595694
609949,EBF - Bilingual Programs,337721.2640466
609949,Early Childhood Instruction,36000.0
609949,General Education Fund,868880.764556
609949,IDEA Part B Flow-Through  (LEA Flowthru Instruction),111807.3180843
609949,Lunchroom Fund,339701.70201189996
609949,Mandated Parent Involvement,6593.0
609949,Need-Based Flexible Funding,526614.1456602
609949,Preschool For All (locally funded),1800.0
609949,Special Education Fund,2000792.6962793
609949,State Preschool For All Age 3-5,662129.024031
609949,Title I - District Initiatives - SIS,336033.245735
609949,Title I - School Discretionary,213864.0944406
609949,Title Ii - Tier I Support,15217.5
609949,Workers'& Unemployment Compensation/Tort,162922.50055260002
609950,CBA - Teacher Assistants K-2nd,127092.70359
609950,Core Instructional Positions,2183783.1672204
609950,EBF - Bilingual Programs,133326.628685
609950,Early Childhood Instruction,36000.0
609950,General Education Fund,671147.2532807
609950,Lunchroom Fund,251727.764374
609950,Mandated Parent Involvement,3016.15
609950,Need-Based Flexible Funding,213093.70333639998
609950,Preschool For All (locally funded),3525.0
609950,Special Education Fund,2517315.5801213
609950,State Preschool For All Age 3-5,1215239.191479
609950,Title I - District Initiatives - SIS,156186.1053485
609950,Title I - School Discretionary,84219.4875
609950,Title I School Improvement & Accountability (Cohort 16) -4331-36,5499.6045
609950,Title Ii - Tier I Support,15217.5
609950,Workers'& Unemployment Compensation/Tort,64215.2648798
609951,Core Instructional Positions,2291211.911801
609951,Early Childhood Instruction,24000.0
609951,General Education Fund,640607.111414
609951,IDEA Part B Flow-Through  (LEA Flowthru Instruction),240476.039923
609951,Internal Accounts Book Transfers,172372.4019476
609951,Lunchroom Fund,259621.0218359
609951,Mandated Parent Involvement,5117.0
609951,Need-Based Flexible Funding,239651.97977869998
609951,Preschool For All (locally funded),1200.0
609951,Special Education Fund,3286815.8203156
609951,State Preschool For All Age 3-5,423364.605826
609951,Title I - District Initiatives - SIS,90981.0747601
609951,Title I - School Discretionary,135945.8322405
609951,Title Ii - Tier I Support,15217.5
609951,Workers'& Unemployment Compensation/Tort,188697.02530039998
609952,Core Instructional Positions,1939131.0027474
609952,EBF - Bilingual Programs,172473.60428210002
609952,Early Childhood Instruction,49000.0
609952,General Education Fund,703816.0268004
609952,IDEA Part B Flow-Through  (LEA Flowthru Instruction),162085.60835310002
609952,Lunchroom Fund,232026.76497190003
609952,Mandated Parent Involvement,2891.0
609952,Need-Based Flexible Funding,200517.84807065
609952,Preschool For All (locally funded),980244.6997009
609952,Special Education Fund,1307918.8829789
609952,Title I - District Initiatives - SIS,147428.9048247
609952,Title I - School Discretionary,83082.2467456
609952,Title Ii - Tier I Support,15217.5
609952,Workers'& Unemployment Compensation/Tort,80502.0012704
609954,Core Instructional Positions,2025245.2794372002
609954,EBF - Bilingual Programs,127092.70359
609954,Early Childhood Instruction,12000.0
609954,General Education Fund,614606.2292212
609954,Lunchroom Fund,121171.174736
609954,Mandated Parent Involvement,3404.0
609954,Need-Based Flexible Funding,224450.1476765
609954,Preschool For All (locally funded),600.0
609954,School and District Improvement Grant (Title 1003a) Cohort 22,31218.5
609954,Special Education Fund,1846732.7515975
609954,State Preschool For All Age 3-5,216092.3313828
609954,Title I - District Initiatives - SIS,168057.81039660002
609954,Title I - School Discretionary,95041.3183627
609954,Workers'& Unemployment Compensation/Tort,157676.0343911
609955,CBA - Teacher Assistants K-2nd,127092.70359
609955,Core Instructional Positions,1848994.0044471999
609955,Early Childhood Instruction,24000.0
609955,General Education Fund,681765.7802813
609955,IDEA Part B Flow-Through  (LEA Flowthru Instruction),151608.6458649
609955,Lunchroom Fund,146926.557894
609955,Mandated Parent Involvement,4640.0
609955,Need-Based Flexible Funding,195491.3307597
609955,Preschool For All (locally funded),1200.0
609955,School and District Improvement Grant (Title 1003a) 27--4331-41,15217.5
609955,Special Education Fund,1387849.960389
609955,State Preschool For All Age 3-5,378330.31287699996
609955,Title I - District Initiatives - SIS,139325.1995135
609955,Title I - School Discretionary,119813.83645671999
609955,Workers'& Unemployment Compensation/Tort,149827.7343182
609956,CBA - Teacher Assistants K-2nd,254185.40718
609956,Core Instructional Positions,2494804.4693303
609956,EBF - Bilingual Programs,141873.6136307
609956,Early Childhood Instruction,12000.0
609956,General Education Fund,795759.5794832
609956,Lunchroom Fund,145390.212198
609956,Mandated Parent Involvement,2354.0
609956,Need-Based Flexible Funding,225178.133759
609956,Preschool For All (locally funded),600.0
609956,Special Education Fund,1665534.922553
609956,State Preschool For All Age 3-5,199723.7959318
609956,Title I - District Initiatives - SIS,173696.9940377
609956,Title I - School Discretionary,77519.890976
609956,Title Ii - Tier I Support,15217.5
609956,Workers'& Unemployment Compensation/Tort,170312.5784419
609958,Core Instructional Positions,4290495.5773291
609958,EBF - Bilingual Programs,245484.9689977
609958,Early Childhood Instruction,36000.0
609958,General Education Fund,866831.9427766
609958,IDEA Part B Flow-Through  (LEA Flowthru Instruction),144825.14800820002
609958,Lunchroom Fund,263901.4160499
609958,Mandated Parent Involvement,7128.0
609958,Need-Based Flexible Funding,460279.61975
609958,Preschool For All (locally funded),2175.0
609958,Special Education Fund,1725860.0617971001
609958,State Preschool For All Age 3-5,704851.0101262
609958,Title I - District Initiatives - SIS,111472.57161489999
609958,Title I - School Discretionary,200880.249
609958,Title Ii - Tier I Support,15217.5
609958,Workers'& Unemployment Compensation/Tort,146500.3714536
609959,Core Instructional Positions,3267342.8208232
609959,EBF - Bilingual Programs,175134.0954617
609959,Early Childhood Instruction,12000.0
609959,General Education Fund,665182.3862027
609959,Lunchroom Fund,234012.3617439
609959,Mandated Parent Involvement,4598.0
609959,Need-Based Flexible Funding,294988.8961352
609959,Positions Allocated on Appeal,127092.70359
609959,Preschool For All (locally funded),210161.505766
609959,Special Education Fund,1055702.020711
609959,Title I - District Initiatives - SIS,162220.2300396
609959,Title I - School Discretionary,132114.452348
609959,Title Ii - Tier I Support,15217.5
609959,Workers'& Unemployment Compensation/Tort,86773.4460601
609960,Core Instructional Positions,5217973.7967945
609960,EBF - Bilingual Programs,165464.1116831
609960,Early Childhood Instruction,12000.0
609960,General Education Fund,847854.4332415
609960,IDEA Part B Flow-Through  (LEA Flowthru Instruction),268865.0297288
609960,Lunchroom Fund,232979.8141539
609960,Mandated Parent Involvement,4284.0
609960,Need-Based Flexible Funding,397444.9772308
609960,Preschool For All (locally funded),212685.4486155
609960,Special Education Fund,1684159.0668077
609960,Title I - District Initiatives - SIS,327492.5176446
609960,Title I - School Discretionary,148160.951792
609960,Title Ii - Tier I Support,15217.5
609960,Workers'& Unemployment Compensation/Tort,154928.5297559
609961,Core Instructional Positions,1922305.2016807
609961,EBF - Bilingual Programs,152530.3683872
609961,Early Childhood Instruction,37000.0
609961,General Education Fund,612348.3430273
609961,IDEA Part B Flow-Through  (LEA Flowthru Instruction),157111.3165054
609961,Lunchroom Fund,98221.377854
609961,Mandated Parent Involvement,2749.0
609961,Need-Based Flexible Funding,190505.98622885
609961,Preschool For All (locally funded),1200.0
609961,School and District Improvement Grant (Title 1003a) Cohort 18,20218.237
609961,Special Education Fund,1737660.152224
609961,State Preschool For All Age 3-5,354842.4660013
609961,Title I - School Discretionary,78995.6145094
609961,Title I - School Improvement Priority Initiative,134668.2157
609961,Workers'& Unemployment Compensation/Tort,173546.8921182
609963,Core Instructional Positions,3059965.1982618
609963,EBF - Bilingual Programs,56590.5788969
609963,Early Childhood Instruction,12000.0
609963,General Education Fund,684989.3235913
609963,IDEA Part B Flow-Through  (LEA Flowthru Instruction),168851.6637401
609963,Internal Accounts Book Transfers,67503.2813802
609963,Lunchroom Fund,152743.867386
609963,Need-Based Flexible Funding,268378.003462
609963,Positions Allocated on Appeal,127092.70359
609963,Preschool For All (locally funded),226271.5258733
609963,Special Education Fund,2043632.6241620001
609963,Title Ii - Tier I Support,15217.5
609963,Workers'& Unemployment Compensation/Tort,83539.1323798
609964,Core Instructional Positions,3107258.3417553
609964,EBF - Bilingual Programs,272958.95357199997
609964,Early Childhood Instruction,24000.0
609964,General Education Fund,835140.8920381999
609964,IDEA Part B Flow-Through  (LEA Flowthru Instruction),254617.1196592
609964,Lunchroom Fund,371072.39911989996
609964,Mandated Parent Involvement,4990.0
609964,Need-Based Flexible Funding,387758.6531367
609964,Preschool For All (locally funded),2550.0
609964,Special Education Fund,2461723.5720408
609964,State Preschool For All Age 3-5,907736.9957742001
609964,Title I - District Initiatives,98065.1009906
609964,Title I - District Initiatives - SIS,126883.02824120001
609964,Title I - School Discretionary,144865.2396308
609964,Title I School Improvement & Accountability (Cohort 16) -4331-36,30218.5
609964,Workers'& Unemployment Compensation/Tort,241701.97582380002
609966,Core Instructional Positions,1572221.9710328002
609966,EBF - Bilingual Programs,167305.24019
609966,Early Childhood Instruction,37000.0
609966,General Education Fund,443888.2689491
609966,IDEA Part B Flow-Through  (LEA Flowthru Instruction),148017.8028761
609966,Lunchroom Fund,145992.8454
609966,Mandated Parent Involvement,1829.0
609966,Need-Based Flexible Funding,274999.8105371
609966,Preschool For All (locally funded),1950.0
609966,School and District Improvement Grant (Title 1003a) 27-4331-40,15217.5
609966,Special Education Fund,1544930.300259
609966,State Preschool For All Age 3-5,721948.5724009001
609966,Title I - School Discretionary,54250.0495
609966,Workers'& Unemployment Compensation/Tort,74136.9020097
609967,Core Instructional Positions,1755918.5301632
609967,EBF - Bilingual Programs,173408.6848383
609967,Early Childhood Instruction,12000.0
609967,General Education Fund,467592.67492089997
609967,IDEA Part B Flow-Through  (LEA Flowthru Instruction),162805.2302417
609967,Lunchroom Fund,121518.425208
609967,Mandated Parent Involvement,2843.0
609967,Need-Based Flexible Funding,199999.59112
609967,Preschool For All (locally funded),975.0
609967,School and District Improvement Grant (Title 1003a) 27-4331-40,15217.5
609967,Special Education Fund,2994818.2035902
609967,State Preschool For All Age 3-5,396953.8078483
609967,Title I - District Initiatives - SIS,158719.7301408
609967,Title I - School Discretionary,78002.78696
609967,Workers'& Unemployment Compensation/Tort,77464.2648798
609968,Core Instructional Positions,3224230.996665
609968,EBF - Bilingual Programs,169319.0193731
609968,Early Childhood Instruction,24000.0
609968,General Education Fund,673160.8635791
609968,IDEA Part B Flow-Through  (LEA Flowthru Instruction),222016.6261974
609968,Lunchroom Fund,254125.2428239
609968,Mandated Parent Involvement,5621.0
609968,Need-Based Flexible Funding,305284.7664147
609968,Preschool For All (locally funded),2550.0
609968,Special Education Fund,2028633.59149
609968,State Preschool For All Age 3-5,893769.0682229999
609968,Title I - District Initiatives - SIS,147428.9048247
609968,Title I - School Discretionary,152917.6014301
609968,Title Ii - Tier I Support,15217.5
609968,Workers'& Unemployment Compensation/Tort,90559.0311105
609969,Core Instructional Positions,1930678.8149041
609969,EBF - Bilingual Programs,56688.977896
609969,Early Childhood Instruction,36999.9976004
609969,General Education Fund,679436.5342336
609969,IDEA Part B Flow-Through  (LEA Flowthru Instruction),145143.8079243
609969,Lunchroom Fund,121518.425208
609969,Mandated Parent Involvement,2552.0
609969,Need-Based Flexible Funding,187823.851793
609969,Preschool For All (locally funded),576887.8917467
609969,School and District Improvement Grant (Title 1003a) Cohort 17,20218.5
609969,Special Education Fund,1529469.1780779
609969,Title I - District Initiatives - SIS,143271.5269237
609969,Title I - School Discretionary,75687.15208180001
609969,Workers'& Unemployment Compensation/Tort,86773.4460601
609971,Core Instructional Positions,2266546.8905281
609971,EBF - Bilingual Programs,58311.392548
609971,Early Childhood Instruction,12000.0
609971,General Education Fund,639986.2225777
609971,IDEA Part B Flow-Through  (LEA Flowthru Instruction),131495.6912553
609971,Lunchroom Fund,147771.250568
609971,Mandated Parent Involvement,5026.0
609971,Need-Based Flexible Funding,245021.0
609971,Preschool For All (locally funded),600.0
609971,Special Education Fund,3446928.7433185
609971,State Preschool For All Age 3-5,225923.9745147
609971,Title I - District Initiatives - SIS,170508.0128351
609971,Title I - School Discretionary,129798.63900730001
609971,Title Ii - Tier I Support,15217.5
609971,Workers'& Unemployment Compensation/Tort,154998.0778798
609972,Core Instructional Positions,6520419.5714435
609972,EBF - Bilingual Programs,345690.28340250003
609972,Early Childhood Instruction,48000.0043677
609972,General Education Fund,949177.9328186
609972,IDEA Part B Flow-Through  (LEA Flowthru Instruction),280221.7829779
609972,Lunchroom Fund,253110.376866
609972,Mandated Parent Involvement,6995.0
609972,Need-Based Flexible Funding,689617.0171124
609972,Preschool For All (locally funded),4125.0
609972,School and District Improvement Grant (Title 1003a) 27-4331-40,15217.5
609972,Special Education Fund,5275733.3290697
609972,State Preschool For All Age 3-5,1658696.302963
609972,Title I - District Initiatives - SIS,298417.2310896
609972,Title I - School Discretionary,223688.4051868
609972,Workers'& Unemployment Compensation/Tort,237059.40255809997
609973,Core Instructional Positions,3421263.0140851
609973,EBF - Bilingual Programs,165464.1116831
609973,Early Childhood Instruction,49000.0
609973,General Education Fund,704699.6312732
609973,Lunchroom Fund,343697.8939459
609973,Mandated Parent Involvement,5349.0
609973,Need-Based Flexible Funding,303402.1765455
609973,Preschool For All (locally funded),2550.0
609973,Special Education Fund,3381955.2727347
609973,State Preschool For All Age 3-5,938254.150842
609973,Title I - District Initiatives - SIS,162784.8538936
609973,Title I - School Discretionary,148035.86763139
609973,Title Ii - Tier I Support,15217.5
609973,Workers'& Unemployment Compensation/Tort,86773.44606009999
609974,CBA - Teacher Assistants K-2nd,127092.70359
609974,Core Instructional Positions,4257164.7155796
609974,EBF - Bilingual Programs,70351.2624568
609974,FACILITRO,1014.5
609974,General Education Fund,843664.615905
609974,IDEA Part B Flow-Through  (LEA Flowthru Instruction),87970.57227779999
609974,Internal Accounts Book Transfers,444956.4243134
609974,Lunchroom Fund,103532.12686399999
609974,Need-Based Flexible Funding,314550.129357
609974,Personalized Learning,155483.592
609974,School Parking Lot Rental,1014.5
609974,Special Education Fund,2025386.6731697
609974,Title Ii - Tier I Support,15217.5
609974,Workers'& Unemployment Compensation/Tort,173974.6070813
609975,Core Instructional Positions,1939577.4187998
609975,EBF - Bilingual Programs,123985.8895626
609975,Early Childhood Instruction,12000.0
609975,General Education Fund,532734.9451814
609975,Internal Accounts Book Transfers,1014.5
609975,Lunchroom Fund,178075.4490139
609975,Mandated Parent Involvement,2595.0
609975,Need-Based Flexible Funding,200000.0237841
609975,Positions Allocated on Appeal,127092.70359
609975,Preschool For All (locally funded),600.0
609975,Special Education Fund,838205.7629511
609975,State Preschool For All Age 3-5,250940.15449100002
609975,Title I - School Discretionary,72456.83362684
609975,Title I School Improvement & Accountability (Cohort 16) -4331-36,20217.497025
609975,Workers'& Unemployment Compensation/Tort,176060.48125
609976,Core Instructional Positions,5665377.452148
609976,EBF - Bilingual Programs,326037.2888476
609976,Early Childhood Instruction,35999.996356999996
609976,General Education Fund,853152.7964687999
609976,IDEA Part B Flow-Through  (LEA Flowthru Instruction),108528.99182350001
609976,Lunchroom Fund,270409.2502359
609976,Mandated Parent Involvement,7550.0
609976,Need-Based Flexible Funding,565856.3670755
609976,Preschool For All (locally funded),3150.0
609976,Special Education Fund,3659727.6772030997
609976,State Preschool For All Age 3-5,1133541.5116114
609976,Title I - District Initiatives - SIS,311566.37326120003
609976,Title I - School Discretionary,221500.00051820002
609976,Title Ii - Tier I Support,15217.5
609976,Workers'& Unemployment Compensation/Tort,173385.87429880002
609977,Core Instructional Positions,1361628.0173177
609977,Early Childhood Instruction,37000.003195
609977,General Education Fund,432815.3094949
609977,Lunchroom Fund,107377.434064
609977,Mandated Parent Involvement,2160.0
609977,Need-Based Flexible Funding,199999.87904
609977,Preschool For All (locally funded),1200.0
609977,Special Education Fund,483887.228388
609977,State Preschool For All Age 3-5,423173.207932
609977,Title I - School Discretionary,57399.0
609977,Title Ii - Tier I Support,15217.5
609977,Workers'& Unemployment Compensation/Tort,55698.555814499996
609978,CBA - Teacher Assistants K-2nd,62710.6564
609978,Core Instructional Positions,2338888.0935694
609978,Early Childhood Instruction,24000.0
609978,General Education Fund,664022.9171132
609978,IDEA Part B Flow-Through  (LEA Flowthru Instruction),139135.402745
609978,Lunchroom Fund,176595.85157199999
609978,Mandated Parent Involvement,5738.7
609978,Need-Based Flexible Funding,250508.68591405
609978,Preschool For All (locally funded),1575.0
609978,School and District Improvement Grant (Title 1003a) Cohort 17,5499.6044999999995
609978,Special Education Fund,2418499.751611
609978,State Preschool For All Age 3-5,580411.182959
609978,Title I - District Initiatives,117952.95927489999
609978,Title I - District Initiatives - SIS,164360.3539467
609978,Title I - School Discretionary,148190.7799435
609978,Title Ii - Tier I Support,15217.5
609978,Workers'& Unemployment Compensation/Tort,83539.1323798
609979,Core Instructional Positions,8357682.8037794
609979,Critical Language Initiative,149762.73229480002
609979,EBF - Bilingual Programs,319518.1122509
609979,General Education Fund,847328.5774109
609979,IDEA Part B Flow-Through  (LEA Flowthru Instruction),299791.6435951
609979,Lunchroom Fund,465096.190024
609979,Mandated Parent Involvement,10757.0
609979,Need-Based Flexible Funding,621144.6406431
609979,Special Education Fund,1713254.6665242
609979,Title I - District Initiatives - SIS,327796.6628828
609979,Title I - School Discretionary,322704.37100569
609979,Title Ii - Tier I Support,15217.5
609979,Workers'& Unemployment Compensation/Tort,182425.58051169998
609981,Core Instructional Positions,1657521.2972309
609981,EBF - Bilingual Programs,166150.97055859998
609981,Early Childhood Instruction,12000.0
609981,General Education Fund,473741.3175676
609981,IDEA Part B Flow-Through  (LEA Flowthru Instruction),275572.0665638
609981,Lunchroom Fund,176850.496406
609981,Mandated Parent Involvement,2717.6
609981,Need-Based Flexible Funding,160000.03952
609981,Positions Allocated on Appeal,127092.70359
609981,Preschool For All (locally funded),975.0
609981,Special Education Fund,3245661.4437504
609981,State Preschool For All Age 3-5,363879.2717392
609981,Title I - School Discretionary,75207.78296
609981,Title Ii - Tier I Support,15217.5
609981,Workers'& Unemployment Compensation/Tort,177608.6029734
609983,Core Instructional Positions,2603299.1108763
609983,EBF - Bilingual Programs,284761.9788639
609983,Early Childhood Instruction,12000.0
609983,General Education Fund,906837.6253472001
609983,IDEA Part B Flow-Through  (LEA Flowthru Instruction),117232.9981044
609983,Lunchroom Fund,291028.3816599
609983,Mandated Parent Involvement,3081.0
609983,Need-Based Flexible Funding,327719.59664844
609983,Preschool For All (locally funded),1950.0
609983,Special Education Fund,1844168.9424769
609983,State Preschool For All Age 3-5,632570.4197161
609983,Title I - District Initiatives - SIS,158719.7301408
609983,Title I - School Discretionary,97169.66797390001
609983,Title Ii - Tier I Support,15217.5
609983,Workers'& Unemployment Compensation/Tort,174098.1634903
609985,Core Instructional Positions,1707714.6639584
609985,EBF - Bilingual Programs,57376.145310600004
609985,Early Childhood Instruction,12000.0
609985,General Education Fund,478593.6146432
609985,IDEA Part B Flow-Through  (LEA Flowthru Instruction),153266.4977573
609985,Lunchroom Fund,124806.88677789998
609985,Mandated Parent Involvement,2475.0
609985,Need-Based Flexible Funding,275000.39117025
609985,Preschool For All (locally funded),600.0
609985,Special Education Fund,833555.69973
609985,State Preschool For All Age 3-5,263462.38631870004
609985,Title I - District Initiatives,138912.2690524
609985,Title I - School Discretionary,67891.42804915
609985,Title I - School Improvement Priority Initiative,148031.879154
609985,Title I School Improvement & Accountability (Cohort 16) -4331-36,50218.235385
609985,Workers'& Unemployment Compensation/Tort,154638.90327860002
609986,Core Instructional Positions,1789063.3485667
609986,EBF - Bilingual Programs,153243.0421845
609986,Early Childhood Instruction,12000.003105
609986,General Education Fund,517960.0817653
609986,IDEA Part B Flow-Through  (LEA Flowthru Instruction),149159.4447593
609986,Lunchroom Fund,88746.781166
609986,Mandated Parent Involvement,2138.0
609986,Need-Based Flexible Funding,199999.99088
609986,Preschool For All (locally funded),600.0
609986,School and District Improvement Grant (Title 1003a) Cohort 18,20218.5
609986,Special Education Fund,1486353.1174338001
609986,State Preschool For All Age 3-5,231609.315862
609986,Title I - School Discretionary,63437.99624
609986,Workers'& Unemployment Compensation/Tort,151601.1668913
609987,Core Instructional Positions,1788623.8371204
609987,EBF - Bilingual Programs,58419.3157257
609987,Early Childhood Instruction,37000.0
609987,General Education Fund,450409.10773580003
609987,IDEA Part B Flow-Through  (LEA Flowthru Instruction),136477.939852
609987,Lunchroom Fund,123585.3719219
609987,Mandated Parent Involvement,3180.0
609987,Need-Based Flexible Funding,199999.75785661
609987,Preschool For All (locally funded),1950.0
609987,School and District Improvement Grant (Title 1003a) Cohort 22,75217.525
609987,Special Education Fund,2214819.7167469
609987,State Preschool For All Age 3-5,643247.8236489
609987,Title I - School Discretionary,82679.5430984
609987,Title I - School Improvement Priority Initiative,134668.2157
609987,Workers'& Unemployment Compensation/Tort,154477.9666715
609988,Core Instructional Positions,2842495.0083039
609988,EBF - Bilingual Programs,169319.58006100002
609988,Early Childhood Instruction,24000.0
609988,General Education Fund,622417.5719951
609988,IDEA Part B Flow-Through  (LEA Flowthru Instruction),130591.66884639999
609988,Lunchroom Fund,133014.225274
609988,Mandated Parent Involvement,3586.0
609988,Need-Based Flexible Funding,278685.1017155
609988,Preschool For All (locally funded),420883.8162591
609988,Special Education Fund,2448450.8858362
609988,Title I - District Initiatives - SIS,135566.789357
609988,Title I - School Discretionary,107567.9119575
609988,Title I School Improvement & Accountability (Cohort 15) -4331-35,20217.9705
609988,Workers'& Unemployment Compensation/Tort,179387.8441242
609990,Core Instructional Positions,5165651.9849644
609990,EBF - Bilingual Programs,124291.46302670002
609990,Early Childhood Instruction,61000.0
609990,General Education Fund,1028818.1803394
609990,IDEA Part B Flow-Through  (LEA Flowthru Instruction),148777.9553874
609990,Lunchroom Fund,411436.70769
609990,Need-Based Flexible Funding,380849.710436
609990,Preschool For All (locally funded),1012838.0174591
609990,Special Education Fund,2398237.6001854
609990,Title Ii - Tier I Support,15217.5
609990,Workers'& Unemployment Compensation/Tort,331963.0830718
609991,Core Instructional Positions,2219504.0274027
609991,EBF - Bilingual Programs,127092.70359
609991,Early Childhood Instruction,49000.0
609991,General Education Fund,807773.6460569
609991,IDEA Part B Flow-Through  (LEA Flowthru Instruction),139289.37140479998
609991,Lunchroom Fund,274120.0229319
609991,Mandated Parent Involvement,5628.6
609991,Need-Based Flexible Funding,277937.2741465
609991,Preschool For All (locally funded),9000.0
609991,Special Education Fund,2862496.9192961
609991,State Preschool For All Age 3-5,669762.965556
609991,Title I - Child Parent Centers,344958.12830609997
609991,Title I - District Initiatives - SIS,130591.6688464
609991,Title I - School Discretionary,149539.9902923
609991,Title I - School Improvement Priority Initiative,142145.3453032
609991,Title Ii - Tier I Support,15217.5
609991,Workers'& Unemployment Compensation/Tort,227994.63817340002
609993,Core Instructional Positions,2461286.3247262
609993,EBF - Bilingual Programs,111205.55453000001
609993,Early Childhood Instruction,24000.0
609993,General Education Fund,713836.145635
609993,IDEA Part B Flow-Through  (LEA Flowthru Instruction),163012.4485466
609993,Lunchroom Fund,205004.8500559
609993,Mandated Parent Involvement,3399.0
609993,Need-Based Flexible Funding,270165.7039002
609993,Preschool For All (locally funded),1200.0
609993,School and District Improvement Grant (Title 1003a) 27-4331-40,15217.5
609993,Special Education Fund,3684358.2625514
609993,State Preschool For All Age 3-5,471604.031286
609993,Title I - District Initiatives - SIS,154253.6257629
609993,Title I - School Discretionary,98669.7997841
609993,Workers'& Unemployment Compensation/Tort,64215.2648798
609994,Core Instructional Positions,5103191.5376257
609994,EBF - Bilingual Programs,441182.446918
609994,Early Childhood Instruction,48000.0
609994,General Education Fund,854752.4247886001
609994,IDEA Part B Flow-Through  (LEA Flowthru Instruction),162026.9553874
609994,Lunchroom Fund,364318.90839590004
609994,Mandated Parent Involvement,7198.0
609994,Need-Based Flexible Funding,485627.3026867
609994,Preschool For All (locally funded),1090887.893851
609994,Special Education Fund,1917135.6692151001
609994,Title I - District Initiatives - SIS,291384.3575155
609994,Title I - School Discretionary,213499.8788793
609994,Title Ii - Tier I Support,15217.5
609994,Workers'& Unemployment Compensation/Tort,142134.1616158
609995,Core Instructional Positions,3052155.996787
609995,EBF - Bilingual Programs,143311.4603969
609995,Early Childhood Instruction,12000.0
609995,FACILITRO,1014.5
609995,General Education Fund,628447.3967669001
609995,IDEA Part B Flow-Through  (LEA Flowthru Instruction),110070.8947514
609995,Lunchroom Fund,103053.51944
609995,Mandated Parent Involvement,1527.0
609995,Need-Based Flexible Funding,234370.33444637002
609995,Preschool For All (locally funded),228601.5120916
609995,Special Education Fund,2283064.9424674
609995,Title I - District Initiatives - SIS,125864.545216
609995,Title I - School Discretionary,64517.1749891
609995,Title Ii - Tier I Support,15217.5
609995,Workers'& Unemployment Compensation/Tort,77464.2648798
609996,CBA - Teacher Assistants K-2nd,127092.70359
609996,Core Instructional Positions,2504778.0516279
609996,EBF - Bilingual Programs,162957.1635424
609996,Early Childhood Instruction,24000.0
609996,General Education Fund,646096.1569335
609996,IDEA Part B Flow-Through  (LEA Flowthru Instruction),113593.0116806
609996,Lunchroom Fund,232640.13377390002
609996,Mandated Parent Involvement,2847.0
609996,Need-Based Flexible Funding,237038.40024186
609996,Preschool For All (locally funded),497038.192654
609996,School and District Improvement Grant (Title 1003a) Cohort 23,31218.416
609996,Special Education Fund,1932567.0819253
609996,Title I - District Initiatives - SIS,147816.9351688
609996,Title I - School Discretionary,89789.9620501
609996,Workers'& Unemployment Compensation/Tort,80502.0012704
609997,Core Instructional Positions,1667401.3720909
609997,EBF - Bilingual Programs,66072.47856039999
609997,Early Childhood Instruction,12000.0
609997,General Education Fund,481785.1538594
609997,Lunchroom Fund,93578.922752
609997,Mandated Parent Involvement,1435.5
609997,Need-Based Flexible Funding,275000.2648
609997,Preschool For All (locally funded),600.0
609997,Special Education Fund,1364088.2022682
609997,State Preschool For All Age 3-5,230243.44391220002
609997,Title I - School Discretionary,40454.9195
609997,Title I - School Improvement Priority Initiative,145772.35987729998
609997,Title I School Improvement & Accountability (Cohort 16) -4331-36,30218.169
609997,Workers'& Unemployment Compensation/Tort,77464.2648798
610000,Core Instructional Positions,2231192.9279368
610000,EBF - Bilingual Programs,113860.42738970001
610000,Early Childhood Instruction,24000.00365668
610000,General Education Fund,656341.8263306
610000,IDEA Part B Flow-Through  (LEA Flowthru Instruction),115655.09695519999
610000,Internal Accounts Book Transfers,87416.3543004
610000,Lunchroom Fund,146818.7564053
610000,Mandated Parent Involvement,4052.5
610000,Need-Based Flexible Funding,238711.7444933
610000,Preschool For All (locally funded),103888.49502
610000,Special Education Fund,1697063.0549514
610000,State Preschool For All Age 3-5,253636.0428534
610000,Title I - District Initiatives - SIS,144825.1480082
610000,Title I - School Discretionary,109335.2343431
610000,Title Ii - Tier I Support,15217.5
610000,Workers'& Unemployment Compensation/Tort,157159.37729839998
610002,Core Instructional Positions,2069309.4233675
610002,Early Childhood Instruction,12000.0
610002,General Education Fund,521136.93030999997
610002,IDEA Part B Flow-Through  (LEA Flowthru Instruction),107781.63394580001
610002,Lunchroom Fund,91162.85195899999
610002,Mandated Parent Involvement,2426.0
610002,Need-Based Flexible Funding,159999.75
610002,Positions Allocated on Appeal,127092.70359
610002,Preschool For All (locally funded),975.0
610002,Special Education Fund,654887.84578
610002,State Preschool For All Age 3-5,289794.4523772
610002,Title I - School Discretionary,67752.0
610002,Title Ii - Tier I Support,15217.5
610002,Workers'& Unemployment Compensation/Tort,101923.57924009999
610003,Core Instructional Positions,1673726.1351922
610003,Early Childhood Instruction,12000.0
610003,General Education Fund,492045.3442646
610003,Lunchroom Fund,160760.06006589998
610003,Mandated Parent Involvement,3928.0
610003,Need-Based Flexible Funding,200000.201053
610003,Preschool For All (locally funded),600.0
610003,School and District Improvement Grant (Title 1003a) 27--4331-41,15217.5
610003,Special Education Fund,1546485.8074747
610003,State Preschool For All Age 3-5,229576.95516060002
610003,Title I - District Initiatives - SIS,164677.9564956
610003,Title I - School Discretionary,101421.7999083
610003,Title IV Part A,184610.2505739
610003,Workers'& Unemployment Compensation/Tort,86773.4460601
610004,Core Instructional Positions,1792009.1766183
610004,General Education Fund,512363.6708332
610004,Lunchroom Fund,86972.749038
610004,Mandated Parent Involvement,2600.0
610004,Need-Based Flexible Funding,200000.3068888
610004,Positions Allocated on Appeal,127092.70359
610004,Special Education Fund,1186535.24823
610004,Title I - School Discretionary,67600.23
610004,Title Ii - Tier I Support,15217.5
610004,Workers'& Unemployment Compensation/Tort,74136.90200969999
610005,Core Instructional Positions,1489273.2442111
610005,EBF - Bilingual Programs,127092.70359
610005,Early Childhood Instruction,37000.0
610005,General Education Fund,498790.2219236
610005,Lunchroom Fund,155203.53424990003
610005,Mandated Parent Involvement,1630.0
610005,Need-Based Flexible Funding,275000.3252156
610005,Preschool For All (locally funded),1950.0
610005,School and District Improvement Grant (Title 1003a) Cohort 17,30217.5
610005,Special Education Fund,852962.614911
610005,State Preschool For All Age 3-5,661801.9060422999
610005,Title I - School Discretionary,49474.0
610005,Workers'& Unemployment Compensation/Tort,144726.9388794
610006,Core Instructional Positions,4582608.0107934
610006,Critical Language Initiative,172244.2805983
610006,EBF - Bilingual Programs,338742.14948240004
610006,Early Childhood Instruction,12000.0
610006,General Education Fund,978017.4884598
610006,IDEA Part B Flow-Through  (LEA Flowthru Instruction),114565.9499515
610006,Lunchroom Fund,283252.0304079
610006,Mandated Parent Involvement,6967.95
610006,Need-Based Flexible Funding,472034.4738198
610006,Preschool For All (locally funded),1575.0
610006,Special Education Fund,2761910.3848399
610006,State Preschool For All Age 3-5,557090.3172071
610006,Title I - District Initiatives - SIS,304742.5133373
610006,Title I - School Discretionary,202273.372912
610006,Title Ii - Tier I Support,15217.5
610006,Workers'& Unemployment Compensation/Tort,149827.7343182
610009,Core Instructional Positions,4334235.9168502
610009,EBF - Bilingual Programs,153122.0928169
610009,General Education Fund,708020.1700117
610009,IDEA Part B Flow-Through  (LEA Flowthru Instruction),156693.0503625
610009,Lunchroom Fund,180150.10375789998
610009,Mandated Parent Involvement,1487.0
610009,Need-Based Flexible Funding,374121.87280533
610009,Special Education Fund,2613687.072396
610009,Title I - District Initiatives - SIS,161292.40024
610009,Title I - School Discretionary,69042.0275977
610009,Title Ii - Tier I Support,15217.5
610009,Workers'& Unemployment Compensation/Tort,159136.915504
610010,CBA - Teacher Assistants K-2nd,127092.70359
610010,Core Instructional Positions,1799689.3583008
610010,EBF - Bilingual Programs,131645.8015698
610010,Early Childhood Instruction,49000.0019921
610010,General Education Fund,661247.1744114
610010,IDEA Part B Flow-Through  (LEA Flowthru Instruction),122099.5260404
610010,Lunchroom Fund,110887.26632190001
610010,Mandated Parent Involvement,1536.9
610010,Need-Based Flexible Funding,170785.17144797998
610010,Preschool For All (locally funded),1303754.3424266
610010,School and District Improvement Grant (Title 1003a) 27-4331-40,15217.5
610010,Special Education Fund,1500952.2132622
610010,Title I - District Initiatives - SIS,140326.7386737
610010,Title I - School Discretionary,53156.5982961
610010,Workers'& Unemployment Compensation/Tort,86773.44606009999
610011,Core Instructional Positions,5283786.6422810005
610011,EBF - Bilingual Programs,295044.624836
610011,Early Childhood Instruction,24000.0
610011,General Education Fund,765496.2233727
610011,IDEA Part B Flow-Through  (LEA Flowthru Instruction),252271.946372
610011,Lunchroom Fund,265518.8777179
610011,Mandated Parent Involvement,4938.0
610011,Need-Based Flexible Funding,451019.35261390003
610011,Preschool For All (locally funded),1200.0
610011,Special Education Fund,3588499.8042886998
610011,State Preschool For All Age 3-5,385359.86415
610011,Title I - District Initiatives - SIS,258015.2664847
610011,Title I - School Discretionary,170780.567348
610011,Title Ii - Tier I Support,15217.5
610011,Workers'& Unemployment Compensation/Tort,118976.97007859999
610013,Core Instructional Positions,1668792.6087554
610013,EBF - Bilingual Programs,117927.8369698
610013,Early Childhood Instruction,12000.0
610013,General Education Fund,457846.56386690005
610013,IDEA Part B Flow-Through  (LEA Flowthru Instruction),142208.9915711
610013,Lunchroom Fund,199331.48288400003
610013,Mandated Parent Involvement,1932.25
610013,Need-Based Flexible Funding,199999.63056125998
610013,Preschool For All (locally funded),328020.4950048
610013,Special Education Fund,1641337.3534352
610013,Title I - School Discretionary,57312.3540707
610013,Title Ii - Tier I Support,15217.5
610013,Workers'& Unemployment Compensation/Tort,139616.47070550002
610015,CBA - Teacher Assistants K-2nd,127092.70359
610015,Core Instructional Positions,1834259.2635274
610015,EBF - Bilingual Programs,163028.6611924
610015,Early Childhood Instruction,12000.0
610015,General Education Fund,663256.1185328
610015,IDEA Part B Flow-Through  (LEA Flowthru Instruction),141449.3347096
610015,Lunchroom Fund,170721.805226
610015,Mandated Parent Involvement,1948.0
610015,Need-Based Flexible Funding,167604.6644397
610015,Preschool For All (locally funded),733238.4278674
610015,School and District Improvement Grant (Title 1003a) Cohort 23,31218.3699
610015,Special Education Fund,3286440.7976709
610015,Title I - District Initiatives,182508.1945778
610015,Title I - District Initiatives - SIS,148815.789357
610015,Title I - School Discretionary,62293.3
610015,Workers'& Unemployment Compensation/Tort,86773.4460601
610016,CBA - Teacher Assistants K-2nd,188131.969198
610016,Core Instructional Positions,2148267.0279548
610016,General Education Fund,671897.9818661
610016,IDEA Part B Flow-Through  (LEA Flowthru Instruction),153266.4977573
610016,International Baccalaureate Program,167865.6248521
610016,Lunchroom Fund,96613.906496
610016,Need-Based Flexible Funding,178834.45241362
610016,Special Education Fund,1457606.0456315
610016,Title Ii - Tier I Support,15217.5
610016,Workers'& Unemployment Compensation/Tort,70348.20974769999
610017,Core Instructional Positions,5627552.4610243
610017,EBF - Bilingual Programs,317068.9021503
610017,Early Childhood Instruction,36000.0
610017,General Education Fund,850007.8194541
610017,IDEA Part B Flow-Through  (LEA Flowthru Instruction),99811.81413459999
610017,Lunchroom Fund,488116.07405
610017,Mandated Parent Involvement,8964.0
610017,Need-Based Flexible Funding,588182.23948648
610017,Preschool For All (locally funded),3150.0
610017,School and District Improvement Grant (Title 1003a) 27--4331-41,15217.5
610017,Special Education Fund,4471583.4235767005
610017,State Preschool For All Age 3-5,1174333.309848
610017,Title I - District Initiatives,232733.31669059998
610017,Title I - District Initiatives - SIS,261488.53111840002
610017,Title I - School Discretionary,250306.1236617
610017,Title I - School Improvement Priority Initiative,169106.5253472
610017,Workers'& Unemployment Compensation/Tort,149300.8978025
610019,Core Instructional Positions,1703511.3365072
610019,Early Childhood Instruction,12000.0
610019,General Education Fund,486452.1439808
610019,IDEA Part B Flow-Through  (LEA Flowthru Instruction),102709.0543333
610019,International Baccalaureate Program,352705.47922509996
610019,Lunchroom Fund,107264.83211300001
610019,Mandated Parent Involvement,3320.85
610019,Need-Based Flexible Funding,274999.7085092
610019,Preschool For All (locally funded),600.0
610019,Special Education Fund,1932858.519438
610019,State Preschool For All Age 3-5,256661.5031328
610019,Title I - School Discretionary,86950.78314471
610019,Title Ii - Tier I Support,15217.5
610019,Workers'& Unemployment Compensation/Tort,83539.1323798
610021,Core Instructional Positions,1850914.3092598
610021,EBF - Bilingual Programs,144264.5543629
610021,Early Childhood Instruction,37000.0
610021,General Education Fund,603000.775523
610021,IDEA Part B Flow-Through  (LEA Flowthru Instruction),122413.7509195
610021,Lunchroom Fund,168511.8156579
610021,Mandated Parent Involvement,2923.0
610021,Need-Based Flexible Funding,208786.3416717
610021,Preschool For All (locally funded),1950.0
610021,Special Education Fund,489463.5137966
610021,State Preschool For All Age 3-5,674936.7614108
610021,Title I - District Initiatives - SIS,139289.37140479998
610021,Title I - School Discretionary,83990.26579800001
610021,Title Ii - Tier I Support,15217.5
610021,Workers'& Unemployment Compensation/Tort,94281.83097000001
610022,Core Instructional Positions,4649721.3898599995
610022,EBF - Bilingual Programs,288945.251731
610022,Early Childhood Instruction,12000.0
610022,General Education Fund,926459.3985863
610022,IDEA Part B Flow-Through  (LEA Flowthru Instruction),254874.1991799
610022,International Baccalaureate Program,158156.66717159998
610022,Lunchroom Fund,295736.2085279
610022,Mandated Parent Involvement,6293.0
610022,Need-Based Flexible Funding,465314.9405868
610022,Preschool For All (locally funded),1950.0
610022,School and District Improvement Grant (Title 1003a) 27-4331-39,15217.5
610022,Special Education Fund,4085732.4164114
610022,State Preschool For All Age 3-5,725202.9292296
610022,Title I - District Initiatives - SIS,312069.84105389996
610022,Title I - School Discretionary,188783.70789380002
610022,Workers'& Unemployment Compensation/Tort,145887.91550399998
610024,CBA - Teacher Assistants K-2nd,127092.70359
610024,Core Instructional Positions,5148414.4365348
610024,EBF - Bilingual Programs,308061.1660796
610024,Early Childhood Instruction,36000.0
610024,General Education Fund,1039302.6856662
610024,IDEA Part B Flow-Through  (LEA Flowthru Instruction),270918.4076198
610024,Lunchroom Fund,475453.61317799997
610024,Mandated Parent Involvement,7142.0
610024,Need-Based Flexible Funding,523592.48860000004
610024,Preschool For All (locally funded),2550.0
610024,Special Education Fund,2211979.1525679
610024,State Preschool For All Age 3-5,1017151.772465
610024,Title I - District Initiatives - SIS,295125.32205769996
610024,Title I - School Discretionary,205208.0
610024,Title Ii - Tier I Support,15217.5
610024,Workers'& Unemployment Compensation/Tort,413032.48317300004
610026,Core Instructional Positions,4195452.242289
610026,EBF - Bilingual Programs,172360.4098707
610026,Early Childhood Instruction,12000.0
610026,General Education Fund,757876.2967295
610026,IDEA Part B Flow-Through  (LEA Flowthru Instruction),378149.5128656
610026,International Baccalaureate Program,183480.780099
610026,Lunchroom Fund,217374.01962389998
610026,Mandated Parent Involvement,1939.0
610026,Need-Based Flexible Funding,375799.52533235
610026,Preschool For All (locally funded),600.0
610026,Special Education Fund,3940490.8983412
610026,State Preschool For All Age 3-5,204133.1701174
610026,Title I - District Initiatives - SIS,155602.6637401
610026,Title I - School Discretionary,84363.53541005
610026,Title Ii - Tier I Support,15217.5
610026,Workers'& Unemployment Compensation/Tort,74136.9020097
610027,Core Instructional Positions,1842311.2332799002
610027,Early Childhood Instruction,11999.7267368
610027,General Education Fund,474890.3342621
610027,IDEA Part B Flow-Through  (LEA Flowthru Instruction),126883.02824120001
610027,Lunchroom Fund,103053.51944
610027,Mandated Parent Involvement,2738.0
610027,Need-Based Flexible Funding,199999.59499208
610027,Personalized Learning,136010.42335
610027,Preschool For All (locally funded),600.0
610027,Special Education Fund,875961.242116
610027,State Preschool For All Age 3-5,210258.6662557
610027,Title I - School Discretionary,75113.96609670001
610027,Title Ii - Tier I Support,15217.5
610027,Workers'& Unemployment Compensation/Tort,83539.1323798
610029,Core Instructional Positions,1574097.8027273
610029,EBF - Bilingual Programs,128198.6328572
610029,Early Childhood Instruction,37000.0
610029,General Education Fund,447568.1141283
610029,IDEA Part B Flow-Through  (LEA Flowthru Instruction),134055.5302159
610029,Lunchroom Fund,103532.126864
610029,Mandated Parent Involvement,1455.15
610029,Need-Based Flexible Funding,160000.27032
610029,Preschool For All (locally funded),961619.4306294
610029,School and District Improvement Grant (Title 1003a) 27-4331-40,50218.2385
610029,Special Education Fund,2095816.8196125
610029,Title I - School Discretionary,45289.24736
610029,Title I - School Improvement Priority Initiative,177083.8469629
610029,Workers'& Unemployment Compensation/Tort,164237.7109417
610030,Core Instructional Positions,1823142.0181867
610030,EBF - Bilingual Programs,113860.42738970002
610030,Early Childhood Instruction,37000.0
610030,General Education Fund,487760.282375
610030,IDEA Part B Flow-Through  (LEA Flowthru Instruction),107749.77577610001
610030,Lunchroom Fund,122811.485208
610030,Mandated Parent Involvement,2088.0
610030,Need-Based Flexible Funding,159999.7258768
610030,Positions Allocated on Appeal,127092.70359
610030,Preschool For All (locally funded),1950.0
610030,School and District Improvement Grant (Title 1003a) Cohort 17,5499.3075
610030,Special Education Fund,1817282.7190539
610030,State Preschool For All Age 3-5,648198.3417836
610030,Title I - School Discretionary,62639.772246099994
610030,Title Ii - Tier I Support,15217.5
610030,Workers'& Unemployment Compensation/Tort,148273.8040178
610032,Core Instructional Positions,1923304.0437175
610032,Early Childhood Instruction,12000.0
610032,General Education Fund,490255.1615098
610032,IDEA Part B Flow-Through  (LEA Flowthru Instruction),120484.73448410002
610032,Lunchroom Fund,160333.6471819
610032,Mandated Parent Involvement,3120.0
610032,Need-Based Flexible Funding,167430.0
610032,Preschool For All (locally funded),600.0
610032,School and District Improvement Grant (Title 1003a) Cohort 23,31218.5
610032,Special Education Fund,2589694.9547019
610032,State Preschool For All Age 3-5,245121.0753131
610032,Title I - District Initiatives - SIS,167905.2093566
610032,Title I - School Discretionary,84217.0
610032,Workers'& Unemployment Compensation/Tort,72363.4694399
610033,Core Instructional Positions,3060091.0636606
610033,Critical Language Initiative,153087.2337176
610033,General Education Fund,607387.559002
610033,IDEA Part B Flow-Through  (LEA Flowthru Instruction),158286.34451939998
610033,Internal Accounts Book Transfers,75233.0789668
610033,Lunchroom Fund,106820.5884339
610033,Need-Based Flexible Funding,257193.1970568
610033,Positions Allocated on Appeal,127092.70359
610033,School Parking Lot Rental,80608.98479640001
610033,Special Education Fund,1589804.2429927
610033,Title Ii - Tier I Support,15217.5
610033,Workers'& Unemployment Compensation/Tort,160910.3480681
610034,Core Instructional Positions,1539695.1801614
610034,EBF - Bilingual Programs,58311.392548
610034,Early Childhood Instruction,37000.0
610034,General Education Fund,454124.3453181
610034,Lunchroom Fund,136317.407526
610034,Mandated Parent Involvement,2798.0
610034,Need-Based Flexible Funding,200000.02486910002
610034,Preschool For All (locally funded),1200.0
610034,Special Education Fund,829708.735014
610034,State Preschool For All Age 3-5,454181.238458
610034,Title I - School Discretionary,73804.588859
610034,Title I - School Improvement Priority Initiative,153627.17632270002
610034,Title Ii - Tier I Support,15217.5
610034,Workers'& Unemployment Compensation/Tort,154928.5297559
610036,Core Instructional Positions,2503524.4795696
610036,EBF - Bilingual Programs,165148.0695831
610036,Early Childhood Instruction,12000.0
610036,General Education Fund,770513.4586869001
610036,IDEA Part B Flow-Through  (LEA Flowthru Instruction),108528.9918235
610036,Lunchroom Fund,208385.7985339
610036,Mandated Parent Involvement,4247.45
610036,Need-Based Flexible Funding,299125.52900891
610036,Preschool For All (locally funded),600.0
610036,School and District Improvement Grant (Title 1003a) Cohort 17,30218.419
610036,Special Education Fund,3065601.1564141
610036,State Preschool For All Age 3-5,227564.82921
610036,Title I - District Initiatives,101232.126765
610036,Title I - District Initiatives - SIS,144825.1480082
610036,Title I - School Discretionary,120849.45276415
610036,Workers'& Unemployment Compensation/Tort,101923.57924009999
610037,Core Instructional Positions,2166976.0472524
610037,EBF - Bilingual Programs,133220.4898021
610037,Early Childhood Instruction,12000.0
610037,General Education Fund,686549.7479636
610037,IDEA Part B Flow-Through  (LEA Flowthru Instruction),234601.6963381
610037,Lunchroom Fund,163855.117964
610037,Mandated Parent Involvement,3207.0
610037,Need-Based Flexible Funding,230781.56248702
610037,Personalized Learning,144339.3409731
610037,Preschool For All (locally funded),600.0
610037,School and District Improvement Grant (Title 1003a) 27--4331-41,15218.3305
610037,Special Education Fund,1424156.8707917
610037,State Preschool For All Age 3-5,217674.1265057
610037,Title I - District Initiatives - SIS,125864.545216
610037,Title I - School Discretionary,92162.0079925
610037,Workers'& Unemployment Compensation/Tort,139716.4230026
610038,CBA - Teacher Assistants K-2nd,254185.40717000002
610038,Core Instructional Positions,5927544.507764299
610038,EBF - Bilingual Programs,158913.9506383
610038,General Education Fund,766812.7709964
610038,IDEA Part B Flow-Through  (LEA Flowthru Instruction),117360.2406473
610038,Internal Accounts Book Transfers,174554.0494
610038,Lunchroom Fund,114399.612052
610038,Need-Based Flexible Funding,396419.3362055
610038,Special Education Fund,1768370.5620032
610038,Title Ii - Tier I Support,15217.5
610038,Workers'& Unemployment Compensation/Tort,152865.4707055
610039,Core Instructional Positions,4382945.3955374
610039,EBF - Bilingual Programs,152215.1116831
610039,Early Childhood Instruction,36000.0
610039,General Education Fund,892826.6050187
610039,IDEA Part B Flow-Through  (LEA Flowthru Instruction),271137.276909
610039,Lunchroom Fund,220749.8838799
610039,Mandated Parent Involvement,1476.0
610039,Need-Based Flexible Funding,400801.424592868
610039,Preschool For All (locally funded),617202.689759
610039,Special Education Fund,1335309.7408413
610039,Title I - District Initiatives - SIS,166733.365893
610039,Title I - School Discretionary,73800.34073540001
610039,Title III - Language Acquisition,159407.7729694
610039,Title Ii - Tier I Support,15217.5
610039,Workers'& Unemployment Compensation/Tort,151601.1668913
610040,Core Instructional Positions,5276638.2597191
610040,EBF - Bilingual Programs,332736.19475160004
610040,Early Childhood Instruction,35999.99633331
610040,General Education Fund,900692.7079016999
610040,IDEA Part B Flow-Through  (LEA Flowthru Instruction),308468.8554376
610040,Lunchroom Fund,378248.2879839
610040,Mandated Parent Involvement,6254.0
610040,Need-Based Flexible Funding,527199.99195209
610040,Preschool For All (locally funded),4125.0
610040,School and District Improvement Grant (Title 1003a) 27-4331-40,15217.5
610040,Special Education Fund,1921848.7595937
610040,State Preschool For All Age 3-5,1592702.1230610001
610040,Title I - District Initiatives - SIS,327757.7176873
610040,Title I - School Discretionary,185500.2673995
610040,Title IV Part A,108663.52326
610040,Workers'& Unemployment Compensation/Tort,77464.2648798
610041,CBA - Teacher Assistants K-2nd,254185.40718
610041,Core Instructional Positions,5971838.5257806
610041,EBF - Bilingual Programs,308462.7699914
610041,Early Childhood Instruction,48000.154964400004
610041,General Education Fund,865623.1767749
610041,IDEA Part B Flow-Through  (LEA Flowthru Instruction),227185.0435551
610041,International Baccalaureate Program,341742.5624111
610041,Lunchroom Fund,336639.1285299
610041,Mandated Parent Involvement,8643.0
610041,Need-Based Flexible Funding,498234.369333658
610041,Preschool For All (locally funded),4125.0
610041,Special Education Fund,3670178.3287741
610041,State Preschool For All Age 3-5,1454100.392002
610041,Title I - District Initiatives - SIS,277473.1910729
610041,Title I - School Discretionary,256374.72968834
610041,Title Ii - Tier I Support,15217.5
610041,Workers'& Unemployment Compensation/Tort,148628.5219317
610043,Core Instructional Positions,2200012.9055456
610043,EBF - Bilingual Programs,128628.4755065
610043,Early Childhood Instruction,23999.998704070003
610043,General Education Fund,687743.4982131
610043,Lunchroom Fund,138845.0965839
610043,Mandated Parent Involvement,3065.2
610043,Need-Based Flexible Funding,221069.00908408
610043,Preschool For All (locally funded),1575.0
610043,Special Education Fund,1479633.164863
610043,State Preschool For All Age 3-5,573748.793552
610043,Title I - District Initiatives - SIS,145915.3659175
610043,Title I - School Discretionary,88075.77802999999
610043,Title Ii - Tier I Support,15217.5
610043,Workers'& Unemployment Compensation/Tort,138352.1668913
610044,Core Instructional Positions,1742582.930143
610044,EBF - Bilingual Programs,158648.8629576
610044,Early Childhood Instruction,37000.0
610044,General Education Fund,691293.5747548
610044,IDEA Part B Flow-Through  (LEA Flowthru Instruction),259047.4405691
610044,Lunchroom Fund,272743.3771639
610044,Mandated Parent Involvement,2891.0
610044,Need-Based Flexible Funding,207050.25118833
610044,Preschool For All (locally funded),1950.0
610044,Special Education Fund,2833752.5851319
610044,State Preschool For All Age 3-5,762570.3125159
610044,Title I - District Initiatives - SIS,130214.4127016
610044,Title I - School Discretionary,82250.66104810001
610044,Title I School Improvement & Accountability (Cohort 16) -4331-36,5499.6045
610044,Title Ii - Tier I Support,15217.5
610044,Workers'& Unemployment Compensation/Tort,154026.4473287
610046,Core Instructional Positions,6391899.0564802
610046,EBF - Bilingual Programs,336101.0322297
610046,Early Childhood Instruction,24000.0
610046,General Education Fund,881754.7493253
610046,IDEA Part B Flow-Through  (LEA Flowthru Instruction),500702.56804899994
610046,Lunchroom Fund,355183.5200859
610046,Mandated Parent Involvement,8366.0
610046,Need-Based Flexible Funding,616163.2713132
610046,Preschool For All (locally funded),1200.0
610046,Special Education Fund,3128188.625262
610046,State Preschool For All Age 3-5,454845.89562799997
610046,Title I - District Initiatives - SIS,343408.4167532
610046,Title I - School Discretionary,250992.0510441
610046,Title Ii - Tier I Support,15217.5
610046,Workers'& Unemployment Compensation/Tort,178507.88048629998
610047,Core Instructional Positions,2014823.4432995
610047,EBF - Bilingual Programs,60061.678230699996
610047,Early Childhood Instruction,12000.0
610047,General Education Fund,470148.9895866
610047,IDEA Part B Flow-Through  (LEA Flowthru Instruction),112711.5171637
610047,Lunchroom Fund,88274.585966
610047,Mandated Parent Involvement,2354.0
610047,Need-Based Flexible Funding,200000.2590973
610047,Preschool For All (locally funded),975.0
610047,Special Education Fund,1854289.0794290002
610047,State Preschool For All Age 3-5,313892.9685469
610047,Title I - School Discretionary,63532.0
610047,Title Ii - Tier I Support,15217.5
610047,Workers'& Unemployment Compensation/Tort,164041.1336528
610048,Core Instructional Positions,1640306.8935998
610048,Early Childhood Instruction,37000.0
610048,General Education Fund,622938.4841574
610048,Lunchroom Fund,167530.69735789998
610048,Mandated Parent Involvement,4622.0
610048,Need-Based Flexible Funding,234999.92845419
610048,Preschool For All (locally funded),7500.0
610048,Special Education Fund,1687346.7934180999
610048,State Preschool For All Age 3-5,447240.636922
610048,Title I - Child Parent Centers,209322.34881334
610048,Title I - School Discretionary,111925.6855274
610048,Title I - School Improvement Priority Initiative,162971.4577111
610048,Title I School Improvement & Accountability (Cohort 16) -4331-36,30218.279345850002
610048,Workers'& Unemployment Compensation/Tort,152865.4707055
610051,Core Instructional Positions,3518501.3441312998
610051,EBF - Bilingual Programs,336726.0835508
610051,General Education Fund,827921.890362
610051,IDEA Part B Flow-Through  (LEA Flowthru Instruction),110117.2343431
610051,Lunchroom Fund,173296.5198099
610051,Mandated Parent Involvement,5467.0
610051,Need-Based Flexible Funding,389334.3915479
610051,Special Education Fund,1928588.0222863
610051,Title I - District Initiatives - SIS,101902.30939309999
610051,Title I - School Discretionary,157084.0638187
610051,Title I - School Improvement Priority Initiative,130816.0726973
610051,Title Ii - Tier I Support,15217.5
610051,Workers'& Unemployment Compensation/Tort,172142.7812346
610052,Core Instructional Positions,1914887.2854377
610052,EBF - Bilingual Programs,56983.387396900005
610052,Early Childhood Instruction,12000.0
610052,General Education Fund,645690.7650558
610052,IDEA Part B Flow-Through  (LEA Flowthru Instruction),108644.2714179
610052,Lunchroom Fund,165497.3584119
610052,Mandated Parent Involvement,3285.0
610052,Need-Based Flexible Funding,182172.5255555
610052,Preschool For All (locally funded),600.0
610052,Special Education Fund,1170946.05478
610052,State Preschool For All Age 3-5,201647.6917544
610052,Title I - District Initiatives - SIS,158662.9283284
610052,Title I - School Discretionary,90915.85906373
610052,Title Ii - Tier I Support,15217.5
610052,Workers'& Unemployment Compensation/Tort,179387.8441242
610053,Core Instructional Positions,5624164.5739229005
610053,EBF - Bilingual Programs,299693.98191080004
610053,Early Childhood Instruction,36000.0
610053,General Education Fund,869803.3160951
610053,IDEA Part B Flow-Through  (LEA Flowthru Instruction),226398.18969169998
610053,International Baccalaureate Program,156916.8937414
610053,Lunchroom Fund,531398.550824
610053,Mandated Parent Involvement,10207.0
610053,Need-Based Flexible Funding,661655.6366032
610053,Preschool For All (locally funded),3525.0
610053,Special Education Fund,3017263.0457146
610053,State Preschool For All Age 3-5,1197386.555982
610053,Title I - District Initiatives - SIS,293768.84380080004
610053,Title I - School Discretionary,293283.6169884
610053,Title Ii - Tier I Support,15217.5
610053,Workers'& Unemployment Compensation/Tort,252248.0971222
610054,Core Instructional Positions,4069208.2206892
610054,EBF - Bilingual Programs,169319.5533972
610054,Early Childhood Instruction,37000.0
610054,General Education Fund,902228.5153656
610054,IDEA Part B Flow-Through  (LEA Flowthru Instruction),120148.87204979999
610054,International Baccalaureate Program,162914.510871
610054,Lunchroom Fund,285383.97485400003
610054,Mandated Parent Involvement,7017.0
610054,Need-Based Flexible Funding,396436.8431619
610054,Preschool For All (locally funded),2550.0
610054,Special Education Fund,4063851.5908037997
610054,State Preschool For All Age 3-5,881887.7219669999
610054,Title I - District Initiatives - SIS,123120.145842
610054,Title I - School Discretionary,190904.1678826
610054,Title Ii - Tier I Support,15217.5
610054,Workers'& Unemployment Compensation/Tort,138338.25161849998
610055,Core Instructional Positions,1793516.5055378
610055,Early Childhood Instruction,12000.0
610055,General Education Fund,505654.5746274
610055,IDEA Part B Flow-Through  (LEA Flowthru Instruction),151608.6458649
610055,International Baccalaureate Program,144970.2825225
610055,Lunchroom Fund,194762.997376
610055,Mandated Parent Involvement,2696.0
610055,Need-Based Flexible Funding,200000.04296
610055,Preschool For All (locally funded),975.0
610055,School and District Improvement Grant (Title 1003a) Cohort 22,31217.5
610055,Special Education Fund,1152161.8696295
610055,State Preschool For All Age 3-5,311075.234053
610055,Title I - School Discretionary,68292.44528
610055,Workers'& Unemployment Compensation/Tort,185462.7116242
610056,Core Instructional Positions,1620626.1153074
610056,EBF - Bilingual Programs,138358.9777465
610056,Early Childhood Instruction,37000.0
610056,General Education Fund,482327.5592395
610056,IDEA Part B Flow-Through  (LEA Flowthru Instruction),155056.5577759
610056,Lunchroom Fund,144712.25742789998
610056,Mandated Parent Involvement,2307.0
610056,Need-Based Flexible Funding,199999.8056007
610056,Preschool For All (locally funded),1950.0
610056,Special Education Fund,1416486.2370999
610056,State Preschool For All Age 3-5,700476.6208517
610056,Title I - School Discretionary,66283.9165371
610056,Title I - School Improvement Priority Initiative,184610.2505739
610056,Title I School Improvement & Accountability (Cohort 16) -4331-36,50217.7375
610056,Workers'& Unemployment Compensation/Tort,80502.0012704
610057,Core Instructional Positions,2811401.851747
610057,EBF - Bilingual Programs,139680.2388044
610057,Early Childhood Instruction,12000.0
610057,General Education Fund,758432.8540822
610057,IDEA Part B Flow-Through  (LEA Flowthru Instruction),144825.1480082
610057,International Baccalaureate Program,143230.6069702
610057,Lunchroom Fund,103520.18270399999
610057,Mandated Parent Involvement,4771.6
610057,Need-Based Flexible Funding,344799.5471643
610057,Preschool For All (locally funded),600.0
610057,School and District Improvement Grant (Title 1003a) Cohort 17,20218.5
610057,Special Education Fund,1722244.7828580001
610057,State Preschool For All Age 3-5,206404.06664550002
610057,Title I - District Initiatives - SIS,129826.6080828
610057,Title I - School Discretionary,137107.6517978
610057,Workers'& Unemployment Compensation/Tort,154477.9666715
610059,Core Instructional Positions,4497906.0641039
610059,Early Childhood Instruction,48000.0000412
610059,General Education Fund,745400.9822646
610059,Internal Accounts Book Transfers,511985.9679107
610059,International Baccalaureate Program,183400.4205548
610059,Lunchroom Fund,128873.56466589999
610059,Montessori Schools,1418161.1353257
610059,Need-Based Flexible Funding,319096.0730502
610059,Preschool For All (locally funded),644178.051755
610059,Special Education Fund,1714350.1413478
610059,Title Ii - Tier I Support,15217.5
610059,Workers'& Unemployment Compensation/Tort,86773.4460601
610060,Core Instructional Positions,3043966.5734196
610060,Critical Language Initiative,122901.7555259
610060,EBF - Bilingual Programs,148272.6643355
610060,General Education Fund,678685.4053716
610060,IDEA Part B Flow-Through  (LEA Flowthru Instruction),149785.2109573
610060,Internal Accounts Book Transfers,4058.0
610060,Lunchroom Fund,143745.790132
610060,Mandated Parent Involvement,1044.0
610060,Need-Based Flexible Funding,280287.9772408
610060,Positions Allocated on Appeal,254185.40717000002
610060,Special Education Fund,1516928.3078258
610060,Title I - District Initiatives - SIS,125988.9549596
610060,Title I - School Discretionary,52199.82
610060,Title Ii - Tier I Support,15217.5
610060,Workers'& Unemployment Compensation/Tort,72363.4694399
610062,Core Instructional Positions,1850315.36546
610062,EBF - Bilingual Programs,73608.258098
610062,Early Childhood Instruction,12000.003
610062,General Education Fund,639316.6604162001
610062,Lunchroom Fund,145279.766404
610062,Mandated Parent Involvement,3687.0
610062,Need-Based Flexible Funding,182745.5
610062,Preschool For All (locally funded),250458.2375486
610062,School and District Improvement Grant (Title 1003a) Cohort 22,31218.00254784
610062,Special Education Fund,3685711.4396596
610062,Title I - School Discretionary,99484.5144353
610062,Title I - School Improvement Priority Initiative,134668.2157
610062,Workers'& Unemployment Compensation/Tort,72363.4694399
610063,CTU Sustainable Schools Initiative,215470.8091895
610063,Core Instructional Positions,2628730.6390945
610063,EBF - Bilingual Programs,170556.1927631
610063,Early Childhood Instruction,35999.99700376
610063,General Education Fund,772613.352877
610063,IDEA Part B Flow-Through  (LEA Flowthru Instruction),127699.3193871
610063,Lunchroom Fund,304328.7956379
610063,Mandated Parent Involvement,3488.0
610063,Need-Based Flexible Funding,285589.2422337
610063,Preschool For All (locally funded),3525.0
610063,School and District Improvement Grant (Title 1003a) 27-4331-40,15217.5
610063,Special Education Fund,2256382.8586406
610063,State Preschool For All Age 3-5,1209891.442308
610063,Title I - District Initiatives - SIS,164677.9564956
610063,Title I - School Discretionary,102333.4725529
610063,Workers'& Unemployment Compensation/Tort,164041.1336528
610065,Core Instructional Positions,2452294.0873468
610065,EBF - Bilingual Programs,58311.392548
610065,Early Childhood Instruction,24000.0
610065,General Education Fund,640291.3190787
610065,IDEA Part B Flow-Through  (LEA Flowthru Instruction),123101.0063594
610065,Lunchroom Fund,171424.8267199
610065,Mandated Parent Involvement,4434.0
610065,Need-Based Flexible Funding,237500.365788168
610065,Preschool For All (locally funded),2550.0
610065,School and District Improvement Grant (Title 1003a) Cohort 17,30217.7586018
610065,Special Education Fund,1221635.350613
610065,State Preschool For All Age 3-5,970931.679107
610065,Title I - School Discretionary,117818.628243
610065,Title I - School Improvement Priority Initiative,123353.574102
610065,Workers'& Unemployment Compensation/Tort,159136.91550399998
610066,Core Instructional Positions,1806322.3107727
610066,General Education Fund,508868.8882182
610066,Lunchroom Fund,170404.6853819
610066,Need-Based Flexible Funding,159999.75
610066,Special Education Fund,488311.26368699997
610066,Title Ii - Tier I Support,15217.5
610066,Workers'& Unemployment Compensation/Tort,77464.2648798
610067,Core Instructional Positions,4596663.1279915
610067,EBF - Bilingual Programs,309629.5718643
610067,Early Childhood Instruction,36000.0
610067,General Education Fund,936052.9884408
610067,IDEA Part B Flow-Through  (LEA Flowthru Instruction),306462.3488202
610067,Lunchroom Fund,261654.3607719
610067,Mandated Parent Involvement,4875.0
610067,Need-Based Flexible Funding,429954.98994077
610067,Preschool For All (locally funded),2175.0
610067,School and District Improvement Grant (Title 1003a) Cohort 22,75217.67726
610067,Special Education Fund,2278728.6718577
610067,State Preschool For All Age 3-5,780189.0866473
610067,Title I - District Initiatives,93926.3605477
610067,Title I - District Initiatives - SIS,164734.7973464
610067,Title I - School Discretionary,153749.7999083
610067,Title I - School Improvement Priority Initiative,134668.2157
610067,Workers'& Unemployment Compensation/Tort,170312.5784419
610068,Core Instructional Positions,7401179.918976501
610068,EBF - Bilingual Programs,451534.15515299997
610068,Early Childhood Instruction,48000.003144999995
610068,General Education Fund,1029985.3320507
610068,IDEA Part B Flow-Through  (LEA Flowthru Instruction),584997.901093
610068,Lunchroom Fund,298003.9523039
610068,Mandated Parent Involvement,10128.0
610068,Need-Based Flexible Funding,701514.0359507
610068,Preschool For All (locally funded),15800.0
610068,School and District Improvement Grant (Title 1003a) Cohort 22,31218.5
610068,Special Education Fund,8138463.289728
610068,State Preschool For All Age 3-5,1974318.29133
610068,Title I - Child Parent Centers,362755.19175014
610068,Title I - District Initiatives - SIS,323454.52748520003
610068,Title I - School Discretionary,291013.6568575
610068,Title I - School Improvement Priority Initiative,117498.18029999999
610068,Workers'& Unemployment Compensation/Tort,164237.7109417
610070,Core Instructional Positions,4142357.8752113
610070,EBF - Bilingual Programs,165909.1380831
610070,Early Childhood Instruction,48000.0
610070,General Education Fund,802152.1589141
610070,IDEA Part B Flow-Through  (LEA Flowthru Instruction),442242.862829
610070,Internal Accounts Book Transfers,194456.0641441
610070,International Baccalaureate Program,236925.01116529998
610070,Lunchroom Fund,262300.6198999
610070,Need-Based Flexible Funding,412033.5388628
610070,Positions Allocated on Appeal,508370.81435
610070,Preschool For All (locally funded),1532954.647114
610070,Regional Gifted Centers,182170.88766349998
610070,Special Education Fund,6108422.730015
610070,Title Ii - Tier I Support,15217.5
610070,Workers'& Unemployment Compensation/Tort,154477.9666715
610073,Core Instructional Positions,2839046.0174234
610073,Critical Language Initiative,168732.98317690002
610073,EBF - Bilingual Programs,164552.7866231
610073,Early Childhood Instruction,12000.0
610073,FACILITRO,1014.5
610073,General Education Fund,620857.7349088
610073,IDEA Part B Flow-Through  (LEA Flowthru Instruction),128286.9688303
610073,Internal Accounts Book Transfers,65071.2952892
610073,Lunchroom Fund,170061.650052
610073,Need-Based Flexible Funding,219820.4470822
610073,Preschool For All (locally funded),221676.3065762
610073,Special Education Fund,1493010.922211
610073,Title Ii - Tier I Support,15217.5
610073,Workers'& Unemployment Compensation/Tort,74136.9020097
610074,Core Instructional Positions,4014222.7516611
610074,EBF - Bilingual Programs,147216.5162
610074,Early Childhood Instruction,36000.0
610074,General Education Fund,771341.0316631
610074,IDEA Part B Flow-Through  (LEA Flowthru Instruction),244116.0263454
610074,Lunchroom Fund,310174.9582919
610074,Mandated Parent Involvement,5647.0
610074,Need-Based Flexible Funding,370295.4080895
610074,Personalized Learning,136010.42335
610074,Preschool For All (locally funded),1149003.1435113
610074,School and District Improvement Grant (Title 1003a) 27-4331-40,15217.5
610074,Special Education Fund,2465280.8235501
610074,Title I - District Initiatives - SIS,132769.5125636
610074,Title I - School Discretionary,165681.9035407
610074,Title I - School Improvement Priority Initiative,134668.2157
610074,Workers'& Unemployment Compensation/Tort,150988.7109417
610076,Core Instructional Positions,2768942.2228406
610076,EBF - Bilingual Programs,137177.02625999998
610076,Early Childhood Instruction,49000.0
610076,General Education Fund,624654.2887178
610076,IDEA Part B Flow-Through  (LEA Flowthru Instruction),118901.63412080001
610076,International Baccalaureate Program,327736.4556111
610076,Lunchroom Fund,215002.51346400002
610076,Mandated Parent Involvement,3190.5
610076,Need-Based Flexible Funding,250656.774
610076,Positions Allocated on Appeal,381278.11076
610076,Preschool For All (locally funded),599210.529294
610076,School and District Improvement Grant (Title 1003a) Cohort 18,5500.5
610076,Special Education Fund,3181766.9399237
610076,Title I - District Initiatives - SIS,137007.3382065
610076,Title I - School Discretionary,99305.0
610076,Title III - Language Acquisition,123438.0552936
610076,Title Ii - Tier I Support,15217.5
610076,Workers'& Unemployment Compensation/Tort,161859.8022597
610077,CTU Sustainable Schools Initiative,184857.8082789
610077,Core Instructional Positions,3665574.5753874
610077,EBF - Bilingual Programs,173408.6848383
610077,Early Childhood Instruction,12000.0
610077,General Education Fund,835284.943408
610077,IDEA Part B Flow-Through  (LEA Flowthru Instruction),151758.9307782
610077,Lunchroom Fund,265972.872462
610077,Mandated Parent Involvement,5015.0
610077,Need-Based Flexible Funding,412083.6602126
610077,Preschool For All (locally funded),600.0
610077,School and District Improvement Grant (Title 1003a) 27--4331-41,15217.5
610077,Special Education Fund,2492908.2444871
610077,State Preschool For All Age 3-5,185221.5855132
610077,Title I - District Initiatives - SIS,167752.6083166
610077,Title I - School Discretionary,148749.7477405
610077,Title I - School Improvement Priority Initiative,178427.7726416
610077,Workers'& Unemployment Compensation/Tort,145887.915504
610078,Core Instructional Positions,3776326.449864
610078,EBF - Bilingual Programs,168976.50993
610078,Early Childhood Instruction,36000.0
610078,General Education Fund,772187.4155786
610078,IDEA Part B Flow-Through  (LEA Flowthru Instruction),116387.1432415
610078,Lunchroom Fund,218004.2936219
610078,Need-Based Flexible Funding,322451.09439012
610078,Preschool For All (locally funded),639641.198371
610078,School Parking Lot Rental,299827.4107607
610078,Special Education Fund,2332101.6105356
610078,Title III - Language Acquisition,158745.830282
610078,Title Ii - Tier I Support,15217.5
610078,Workers'& Unemployment Compensation/Tort,153445.8440811
610081,Core Instructional Positions,3360241.7456661
610081,EBF - Bilingual Programs,169189.9756624
610081,General Education Fund,639929.3491888001
610081,IDEA Part B Flow-Through  (LEA Flowthru Instruction),160895.7729694
610081,Lunchroom Fund,164020.86509399998
610081,Mandated Parent Involvement,3248.0
610081,Need-Based Flexible Funding,272973.0338796
610081,Special Education Fund,1291432.1032427999
610081,Title I - District Initiatives - SIS,165724.424159
610081,Title I - School Discretionary,108640.0022405
610081,Title Ii - Tier I Support,15217.5
610081,Workers'& Unemployment Compensation/Tort,77464.2648798
610082,Core Instructional Positions,7003903.511657
610082,Early Childhood Instruction,24000.0
610082,General Education Fund,843932.675072
610082,IDEA Part B Flow-Through  (LEA Flowthru Instruction),137039.9536868
610082,Lunchroom Fund,91781.76491
610082,Need-Based Flexible Funding,532174.5340985
610082,Preschool For All (locally funded),376783.78671970003
610082,Special Education Fund,4303818.5539754
610082,Title Ii - Tier I Support,15217.5
610082,Workers'& Unemployment Compensation/Tort,80502.0012704
610083,Alternative and Specialty Schools Support,269712.84725
610083,EBF - Bilingual Programs,149217.0370148
610083,Early Childhood Instruction,225000.0029597
610083,General Education Fund,734655.2040481999
610083,IDEA Part B Flow-Through  (LEA Flowthru Instruction),323908.2340935
610083,Lunchroom Fund,138288.005266
610083,Mandated Parent Involvement,876.0
610083,Positions Allocated on Appeal,127092.70359
610083,Preschool For All (locally funded),3698866.941617
610083,Special Education Fund,6468775.9300011005
610083,Specialty Schools,606958.8554423
610083,Title I - School Discretionary,25694.0
610083,Title Ii - Tier I Support,15217.5
610083,Workers'& Unemployment Compensation/Tort,131477.9388794
610084,Core Instructional Positions,1567978.9345784
610084,General Education Fund,497780.1318207001
610084,Lunchroom Fund,120069.5884339
610084,Need-Based Flexible Funding,235000.10100000002
610084,Regional Gifted Centers,182994.6276417
610084,Special Education Fund,338447.0727808
610084,Title Ii - Tier I Support,15217.5
610084,Workers'& Unemployment Compensation/Tort,79705.26025759999
610086,CBA - Teacher Assistants K-2nd,127092.70359
610086,Core Instructional Positions,1723799.4478203
610086,Early Childhood Instruction,12000.0
610086,General Education Fund,496551.79232239997
610086,IDEA Part B Flow-Through  (LEA Flowthru Instruction),147531.12708500001
610086,Lunchroom Fund,83364.906496
610086,Mandated Parent Involvement,3540.0
610086,Need-Based Flexible Funding,160058.7192
610086,Personalized Learning,146891.6805856
610086,Positions Allocated on Appeal,205597.086
610086,Preschool For All (locally funded),600.0
610086,Special Education Fund,1323957.0460569998
610086,State Preschool For All Age 3-5,257084.424828
610086,Title I - District Initiatives - SIS,125864.545216
610086,Title I - School Discretionary,92039.5
610086,Title Ii - Tier I Support,15217.5
610086,Workers'& Unemployment Compensation/Tort,142560.6821366
610087,Alternative and Specialty Schools Support,184169.01
610087,EBF - Bilingual Programs,137867.4668813
610087,General Education Fund,710358.6343522001
610087,IDEA Part B Flow-Through  (LEA Flowthru Instruction),422102.28749869997
610087,Lunchroom Fund,77726.1779141
610087,Mandated Parent Involvement,627.0
610087,Preschool For All (locally funded),2925.0
610087,Special Education Fund,5384144.372263201
610087,Specialty Schools,290764.7005907
610087,State Preschool For All Age 3-5,1085174.204084
610087,Title I - School Discretionary,20349.0
610087,Title Ii - Tier I Support,15217.5
610087,Workers'& Unemployment Compensation/Tort,60887.902009699996
610088,Core Instructional Positions,3426722.812739306
610088,EBF - Bilingual Programs,314397.2812176
610088,Early Childhood Instruction,36000.0
610088,General Education Fund,704688.6656875
610088,IDEA Part B Flow-Through  (LEA Flowthru Instruction),168751.6493566
610088,Lunchroom Fund,260086.391866
610088,Mandated Parent Involvement,5247.0
610088,Need-Based Flexible Funding,327357.85905790003
610088,Preschool For All (locally funded),2175.0
610088,School and District Improvement Grant (Title 1003a) 27-4331-40,15217.5
610088,Special Education Fund,3523264.6658044
610088,State Preschool For All Age 3-5,759276.9201623
610088,Title I - District Initiatives - SIS,118461.2646875
610088,Title I - School Discretionary,147870.0116806
610088,Workers'& Unemployment Compensation/Tort,154928.5297559
610089,Core Instructional Positions,3160777.9725561
610089,EBF - Bilingual Programs,143093.8115529
610089,Early Childhood Instruction,24000.0
610089,General Education Fund,678912.9252881
610089,IDEA Part B Flow-Through  (LEA Flowthru Instruction),311474.630365
610089,Lunchroom Fund,152255.403792
610089,Mandated Parent Involvement,1020.0
610089,Need-Based Flexible Funding,290434.7427296
610089,Preschool For All (locally funded),761394.824524
610089,Special Education Fund,2212170.7692183
610089,Title I - District Initiatives - SIS,165833.6766008
610089,Title I - School Discretionary,51000.0
610089,Title Ii - Tier I Support,15217.5
610089,Workers'& Unemployment Compensation/Tort,74136.9020097
610090,Core Instructional Positions,3348610.9495578
610090,General Education Fund,690017.498452
610090,IDEA Part B Flow-Through  (LEA Flowthru Instruction),156810.3427625
610090,Lunchroom Fund,160175.557894
610090,Mandated Parent Involvement,2999.0
610090,Need-Based Flexible Funding,305565.79006198
610090,Positions Allocated on Appeal,127092.70358999999
610090,Special Education Fund,1797770.038249
610090,Title I - District Initiatives - SIS,169275.5241286
610090,Title I - School Discretionary,98768.8760011
610090,Title Ii - Tier I Support,15217.5
610090,Workers'& Unemployment Compensation/Tort,70909.2641606
610091,CBA - Teacher Assistants K-2nd,188131.96919799998
610091,Core Instructional Positions,1818924.7591799
610091,General Education Fund,533742.7804182001
610091,Lunchroom Fund,82698.571924
610091,Mandated Parent Involvement,4240.0
610091,Need-Based Flexible Funding,200000.4696074
610091,Positions Allocated on Appeal,174185.93078599998
610091,Preschool For All (locally funded),975.0
610091,Special Education Fund,1888403.9793883
610091,State Preschool For All Age 3-5,337867.83273729996
610091,Title I - District Initiatives - SIS,108976.8982074
610091,Title I - School Discretionary,110239.65367639999
610091,Title Ii - Tier I Support,15217.5
610091,Workers'& Unemployment Compensation/Tort,74136.9020097
610092,CBA - Teacher Assistants K-2nd,127092.70359
610092,Core Instructional Positions,1768807.3413144
610092,EBF - Bilingual Programs,158536.7061572
610092,Early Childhood Instruction,11999.996
610092,General Education Fund,672576.0294655
610092,IDEA Part B Flow-Through  (LEA Flowthru Instruction),152551.3565571
610092,Lunchroom Fund,170933.2609819
610092,Mandated Parent Involvement,3089.0
610092,Need-Based Flexible Funding,201558.6430432
610092,Preschool For All (locally funded),600.0
610092,Special Education Fund,3338564.9317612
610092,State Preschool For All Age 3-5,193231.5826769
610092,Title I - District Initiatives,116157.3356825
610092,Title I - District Initiatives - SIS,160092.8409454
610092,Title I - School Discretionary,84743.5374595
610092,Title I School Improvement & Accountability (Cohort 16) -4331-36,30217.5
610092,Workers'& Unemployment Compensation/Tort,122048.4627827
610093,Core Instructional Positions,1792984.5579706
610093,Early Childhood Instruction,12000.0
610093,General Education Fund,484354.9801642
610093,IDEA Part B Flow-Through  (LEA Flowthru Instruction),384501.88555899996
610093,Lunchroom Fund,166596.98485389998
610093,Mandated Parent Involvement,3850.2
610093,Need-Based Flexible Funding,274999.9992
610093,Preschool For All (locally funded),600.0
610093,School and District Improvement Grant (Title 1003a) Cohort 23,75218.3
610093,Special Education Fund,4172362.178558
610093,State Preschool For All Age 3-5,195799.207258
610093,Title I - School Discretionary,98765.856925
610093,Title I - School Improvement Priority Initiative,134668.2157
610093,Workers'& Unemployment Compensation/Tort,157676.0343911
610094,CBA - Teacher Assistants K-2nd,127092.70359
610094,Core Instructional Positions,4074194.5661581
610094,EBF - Bilingual Programs,164652.26909760002
610094,Early Childhood Instruction,36000.0
610094,General Education Fund,624708.5161045
610094,IDEA Part B Flow-Through  (LEA Flowthru Instruction),289711.8627026
610094,Internal Accounts Book Transfers,220453.7302558
610094,Lunchroom Fund,86759.73856
610094,Need-Based Flexible Funding,287154.5509419
610094,Preschool For All (locally funded),635356.641492
610094,Special Education Fund,3560581.1010121
610094,Title Ii - Tier I Support,15217.5
610094,Workers'& Unemployment Compensation/Tort,83539.1323798
610094,World Language,128198.63285719999
610095,CBA - Teacher Assistants K-2nd,62710.6564
610095,Core Instructional Positions,2130595.07803
610095,EBF - Bilingual Programs,79268.4255428
610095,Early Childhood Instruction,12000.0
610095,General Education Fund,452807.66013990005
610095,IDEA Part B Flow-Through  (LEA Flowthru Instruction),271299.1002014
610095,Lunchroom Fund,178076.94467989999
610095,Mandated Parent Involvement,3668.0
610095,Need-Based Flexible Funding,295633.9212716
610095,Preschool For All (locally funded),600.0
610095,Special Education Fund,2277711.6507840003
610095,State Preschool For All Age 3-5,215216.5687134
610095,Title I - School Discretionary,98992.90398799999
610095,Title I - School Improvement Priority Initiative,134668.2157
610095,Title Ii - Tier I Support,15217.5
610095,Workers'& Unemployment Compensation/Tort,72363.4694399
610096,Core Instructional Positions,5660441.2767506
610096,EBF - Bilingual Programs,335150.5424089
610096,Early Childhood Instruction,36000.0
610096,General Education Fund,806228.9731952001
610096,IDEA Part B Flow-Through  (LEA Flowthru Instruction),150491.8635644
610096,Lunchroom Fund,461283.2432680001
610096,Mandated Parent Involvement,9529.0
610096,Need-Based Flexible Funding,584852.24113562
610096,Preschool For All (locally funded),3150.0
610096,Special Education Fund,2283708.3547776
610096,State Preschool For All Age 3-5,1134831.279861
610096,Title I - District Initiatives - SIS,308427.9163125
610096,Title I - School Discretionary,263704.3047778
610096,Title Ii - Tier I Support,15217.5
610096,Workers'& Unemployment Compensation/Tort,167275.44732870001
610097,Core Instructional Positions,4674235.5942723
610097,EBF - Bilingual Programs,305946.7210567
610097,Early Childhood Instruction,24000.0
610097,General Education Fund,837492.5420789
610097,Lunchroom Fund,252167.0268219
610097,Mandated Parent Involvement,4959.0
610097,Need-Based Flexible Funding,482711.2153145
610097,Preschool For All (locally funded),1200.0
610097,School and District Improvement Grant (Title 1003a) 27-4331-40,15217.5
610097,Special Education Fund,1762229.3082516
610097,State Preschool For All Age 3-5,450733.148783
610097,Title I - District Initiatives,88833.8379749
610097,Title I - District Initiatives - SIS,158326.3903175
610097,Title I - School Discretionary,152401.5325807
610097,Title I - School Improvement Priority Initiative,123752.2086121
610097,Workers'& Unemployment Compensation/Tort,160910.3480681
610098,Core Instructional Positions,3688673.832906
610098,EBF - Bilingual Programs,261258.295606
610098,Early Childhood Instruction,24000.0
610098,General Education Fund,924223.8274732
610098,IDEA Part B Flow-Through  (LEA Flowthru Instruction),102641.8322405
610098,Lunchroom Fund,281423.0240879
610098,Mandated Parent Involvement,5388.0
610098,Need-Based Flexible Funding,396463.84066548996
610098,Preschool For All (locally funded),1200.0
610098,School and District Improvement Grant (Title 1003a) Cohort 23,31218.194
610098,Special Education Fund,1424985.6706677
610098,State Preschool For All Age 3-5,469483.94930599997
610098,Title I - District Initiatives - SIS,156246.38058620002
610098,Title I - School Discretionary,154814.3949639
610098,Title I - School Improvement Priority Initiative,134668.2157
610098,Workers'& Unemployment Compensation/Tort,164099.3072738
610099,Core Instructional Positions,2075959.0202673
610099,EBF - Bilingual Programs,57432.233541400004
610099,Early Childhood Instruction,11999.999053790001
610099,General Education Fund,701057.8391267001
610099,IDEA Part B Flow-Through  (LEA Flowthru Instruction),173754.3303085
610099,Internal Accounts Book Transfers,3043.5
610099,Lunchroom Fund,97765.326696
610099,Need-Based Flexible Funding,159999.97400625
610099,Preschool For All (locally funded),248147.7672707
610099,Special Education Fund,972470.5836199999
610099,Title Ii - Tier I Support,15217.5
610099,Workers'& Unemployment Compensation/Tort,82025.192948
610100,Core Instructional Positions,3267837.953636
610100,EBF - Bilingual Programs,167134.96134480002
610100,Early Childhood Instruction,24000.00619
610100,General Education Fund,518406.98828399996
610100,IDEA Part B Flow-Through  (LEA Flowthru Instruction),140816.0887057
610100,Lunchroom Fund,264572.693452
610100,Mandated Parent Involvement,4787.0
610100,Need-Based Flexible Funding,469324.7875388
610100,Preschool For All (locally funded),1200.0
610100,Special Education Fund,2344452.803468
610100,State Preschool For All Age 3-5,368379.6308172
610100,Title I - District Initiatives - SIS,170368.6486733
610100,Title I - School Discretionary,137562.2249585
610100,Title I School Improvement & Accountability (Cohort 16) -4331-36,20217.5
610100,Title IV Part A,190288.78883109998
610100,Workers'& Unemployment Compensation/Tort,154928.5297559
610101,Title I - District Initiatives,98666.16
610101,Core Instructional Positions,8629716.03
610101,Critical Language Initiative,166015.05
610101,Title I - District Initiatives - SIS,342376.76
610101,Need-Based Flexible Funding,1008683.71
610101,General Education Fund,1728504.8
610101,Title I - School Discretionary,243269.38
610101,School Parking Lot Rental,296582.27
610101,Athletic Directors,109236.9
610101,Special Education Fund,4267286.27
610101,EBF - Bilingual Programs,303554.48
610101,Lunchroom Fund,460760.93
610101,Internal Accounts Book Transfers,1014.5
610101,Positions Allocated on Appeal,127092.7
610101,Mandated Parent Involvement,7155.0
610101,IDEA Part B Flow-Through  (LEA Flowthru Instruction),306370.57
610101,Title I - School Improvement Priority Initiative,134668.22
610101,Preschool For All (locally funded),547007.41
610101,Workers'& Unemployment Compensation/Tort,703018.76
610101,International Baccalaureate Program,579287.33
610101,CBA - Teacher Assistants K-2nd,254185.41
610101,Early Childhood Instruction,36000.0
610101,School and District Improvement Grant (Title 1003a) 27--4331-41,15217.5
610102,CTU Sustainable Schools Initiative,86436.20310000001
610102,Core Instructional Positions,2014794.1995947
610102,EBF - Bilingual Programs,63546.351793
610102,Early Childhood Instruction,12000.0
610102,General Education Fund,673381.4622984
610102,IDEA Part B Flow-Through  (LEA Flowthru Instruction),123120.145842
610102,Lunchroom Fund,115813.45465
610102,Mandated Parent Involvement,4865.0
610102,Need-Based Flexible Funding,212775.351793
610102,Preschool For All (locally funded),213822.9726012
610102,School and District Improvement Grant (Title 1003a) Cohort 18,50218.1526963
610102,Special Education Fund,1166164.4972060001
610102,Title I - District Initiatives - SIS,135566.789357
610102,Title I - School Discretionary,124785.0319458
610102,Workers'& Unemployment Compensation/Tort,141389.90327860002
610103,Core Instructional Positions,3239776.311133
610103,EBF - Bilingual Programs,154627.76383830002
610103,Early Childhood Instruction,24000.0
610103,General Education Fund,792131.3581511
610103,IDEA Part B Flow-Through  (LEA Flowthru Instruction),107106.7318607
610103,Lunchroom Fund,285532.4949079
610103,Mandated Parent Involvement,6605.0
610103,Need-Based Flexible Funding,374747.6383754
610103,Preschool For All (locally funded),1575.0
610103,School and District Improvement Grant (Title 1003a) Cohort 17,5499.09725
610103,Special Education Fund,2478440.1139756
610103,State Preschool For All Age 3-5,501483.20174269995
610103,Title I - District Initiatives - SIS,171543.67667729998
610103,Title I - School Discretionary,182783.561598
610103,Title I - School Improvement Priority Initiative,134668.2157
610103,Title Ii - Tier I Support,15217.5
610103,Workers'& Unemployment Compensation/Tort,184840.86207640002
610104,Core Instructional Positions,4186690.9317439
610104,EBF - Bilingual Programs,149525.5478948
610104,Early Childhood Instruction,12000.0
610104,General Education Fund,819767.1063098
610104,IDEA Part B Flow-Through  (LEA Flowthru Instruction),164494.7238676
610104,Internal Accounts Book Transfers,9312.1
610104,Lunchroom Fund,109662.313708
610104,Need-Based Flexible Funding,299675.3356791
610104,Preschool For All (locally funded),257156.98584739998
610104,Special Education Fund,2312192.6076374
610104,Title Ii - Tier I Support,15217.5
610104,Workers'& Unemployment Compensation/Tort,60887.902009699996
610105,AMERICAN DISABILITIES ACT(ADA),54254.2813802
610105,CBA - Teacher Assistants K-2nd,254185.40717999998
610105,Core Instructional Positions,3790349.6736294
610105,Critical Language Initiative,258272.64623120002
610105,EBF - Bilingual Programs,128960.93570270001
610105,Early Childhood Instruction,24000.0
610105,General Education Fund,667520.1927805
610105,IDEA Part B Flow-Through  (LEA Flowthru Instruction),121373.69133359999
610105,Lunchroom Fund,124136.26632190001
610105,Need-Based Flexible Funding,254599.8598108
610105,Preschool For All (locally funded),467463.34851289995
610105,Special Education Fund,2572379.3933099
610105,Title Ii - Tier I Support,15217.5
610105,Workers'& Unemployment Compensation/Tort,154928.5297559
610106,Core Instructional Positions,3413039.3559975
610106,EBF - Bilingual Programs,274556.5131351
610106,Early Childhood Instruction,60999.7874795
610106,General Education Fund,799630.8712571
610106,IDEA Part B Flow-Through  (LEA Flowthru Instruction),209748.5640795
610106,Lunchroom Fund,243333.320448
610106,Mandated Parent Involvement,5255.0
610106,Need-Based Flexible Funding,373272.574184025
610106,Preschool For All (locally funded),3525.0
610106,Special Education Fund,1945083.5791321
610106,State Preschool For All Age 3-5,1184250.992625
610106,Title I - District Initiatives - SIS,140290.619987
610106,Title I - School Discretionary,154164.4602412
610106,Title I - School Improvement Priority Initiative,155394.3453032
610106,Title Ii - Tier I Support,15217.5
610106,Workers'& Unemployment Compensation/Tort,166774.598642
610107,Core Instructional Positions,1767329.6774474
610107,EBF - Bilingual Programs,172473.60428210002
610107,Early Childhood Instruction,12000.0
610107,General Education Fund,583880.1387705
610107,IDEA Part B Flow-Through  (LEA Flowthru Instruction),132161.3409105
610107,Lunchroom Fund,175329.8587559
610107,Mandated Parent Involvement,2781.0
610107,Need-Based Flexible Funding,172222.2088275
610107,Personalized Learning,156975.2985793
610107,Preschool For All (locally funded),759137.3977033
610107,Special Education Fund,4302997.9308016
610107,Title I - School Discretionary,79904.380826
610107,Title I - School Improvement Priority Initiative,155699.5633442
610107,Title I School Improvement & Accountability (Cohort 16) -4331-36,30218.5
610107,Workers'& Unemployment Compensation/Tort,144420.4748747
610108,Core Instructional Positions,2415020.769264
610108,EBF - Bilingual Programs,124156.88378050001
610108,Early Childhood Instruction,12000.0
610108,General Education Fund,738122.8535889001
610108,IDEA Part B Flow-Through  (LEA Flowthru Instruction),145871.0129436
610108,Lunchroom Fund,144716.0432199
610108,Mandated Parent Involvement,4019.0
610108,Need-Based Flexible Funding,238891.33195551
610108,Preschool For All (locally funded),600.0
610108,School and District Improvement Grant (Title 1003a) Cohort 23,75218.5
610108,Special Education Fund,1379235.5747387002
610108,State Preschool For All Age 3-5,252936.358103
610108,Title I - District Initiatives - SIS,146167.291324
610108,Title I - School Discretionary,110263.88625606
610108,Title I - School Improvement Priority Initiative,176027.74244180002
610108,Workers'& Unemployment Compensation/Tort,164237.71094169997
610109,Core Instructional Positions,1683305.7022967
610109,Early Childhood Instruction,12000.0
610109,General Education Fund,511734.8435995
610109,Lunchroom Fund,80329.922752
610109,Mandated Parent Involvement,850.75
610109,Need-Based Flexible Funding,244353.48297918
610109,Preschool For All (locally funded),600.0
610109,Special Education Fund,1343322.788239
610109,State Preschool For All Age 3-5,165138.2768233
610109,Title I - District Initiatives - SIS,134176.712417
610109,Title I - School Discretionary,34965.01542174
610109,Title Ii - Tier I Support,15217.5
610109,Workers'& Unemployment Compensation/Tort,152865.4707055
610110,Core Instructional Positions,1996546.4440188
610110,Early Childhood Instruction,24000.0
610110,General Education Fund,694729.8625351
610110,IDEA Part B Flow-Through  (LEA Flowthru Instruction),105221.50058390001
610110,International Baccalaureate Program,167944.7478076
610110,Lunchroom Fund,174010.2667979
610110,Mandated Parent Involvement,4698.9
610110,Need-Based Flexible Funding,188572.45
610110,Preschool For All (locally funded),1200.0
610110,School and District Improvement Grant (Title 1003a) 27--4331-41,15217.5
610110,Special Education Fund,1573505.735132
610110,State Preschool For All Age 3-5,462707.96511199995
610110,Title I - District Initiatives - SIS,174484.7635374
610110,Title I - School Discretionary,120536.75
610110,Workers'& Unemployment Compensation/Tort,150985.58798789998
610111,Core Instructional Positions,4533209.2955336
610111,EBF - Bilingual Programs,344888.8248985
610111,Early Childhood Instruction,36000.0
610111,General Education Fund,853149.3679522
610111,IDEA Part B Flow-Through  (LEA Flowthru Instruction),316903.18371089996
610111,Lunchroom Fund,261654.3607719
610111,Mandated Parent Involvement,3787.0
610111,Need-Based Flexible Funding,352054.7093394
610111,Preschool For All (locally funded),644944.223204
610111,Special Education Fund,2665441.7571831
610111,Title I - District Initiatives - SIS,268957.3163918
610111,Title I - School Discretionary,133368.3473608
610111,Title Ii - Tier I Support,15217.5
610111,Workers'& Unemployment Compensation/Tort,217080.7355901
610112,Core Instructional Positions,2415067.8786866
610112,Early Childhood Instruction,49000.1957842
610112,General Education Fund,813701.2847659
610112,Lunchroom Fund,360110.0760719
610112,Mandated Parent Involvement,5050.0
610112,Need-Based Flexible Funding,207528.5348158
610112,Preschool For All (locally funded),9375.0
610112,School and District Improvement Grant (Title 1003a) Cohort 23,75217.5
610112,Special Education Fund,2947703.7957381
610112,State Preschool For All Age 3-5,833559.5438013
610112,Title I - Child Parent Centers,389429.56025484
610112,Title I - District Initiatives,118403.236174
610112,Title I - School Discretionary,127911.66702549999
610112,Title I - School Improvement Priority Initiative,134668.2157
610112,Workers'& Unemployment Compensation/Tort,324951.48172599997
610115,Core Instructional Positions,2292443.7340851
610115,EBF - Bilingual Programs,63546.351793
610115,Early Childhood Instruction,12000.0
610115,General Education Fund,654764.9417928001
610115,Lunchroom Fund,84425.022696
610115,Mandated Parent Involvement,4162.4
610115,Need-Based Flexible Funding,233254.68376935998
610115,Preschool For All (locally funded),600.0
610115,School and District Improvement Grant (Title 1003a) Cohort 17,5500.0
610115,Special Education Fund,2090836.1413745
610115,State Preschool For All Age 3-5,216741.7636462
610115,Title I - District Initiatives - SIS,158719.7301408
610115,Title I - School Discretionary,115192.4980427
610115,Title Ii - Tier I Support,15217.5
610115,Workers'& Unemployment Compensation/Tort,152885.8186117
610116,Core Instructional Positions,1702603.7668243
610116,Early Childhood Instruction,36999.997832
610116,General Education Fund,479778.9980379
610116,IDEA Part B Flow-Through  (LEA Flowthru Instruction),170630.2504959
610116,Lunchroom Fund,164448.4977439
610116,Mandated Parent Involvement,4494.0
610116,Need-Based Flexible Funding,199999.88097012
610116,Positions Allocated on Appeal,137018.23137
610116,Preschool For All (locally funded),1200.0
610116,School and District Improvement Grant (Title 1003a) Cohort 17,5500.1535
610116,Special Education Fund,1179204.0446598
610116,State Preschool For All Age 3-5,400132.648838
610116,Title I - District Initiatives - SIS,125366.6436816
610116,Title I - School Discretionary,113820.18760589999
610116,Title IV Part A,161461.0676059
610116,Title Ii - Tier I Support,15217.5
610116,Workers'& Unemployment Compensation/Tort,96827.40027720001
610117,Core Instructional Positions,3836333.1412458997
610117,EBF - Bilingual Programs,175512.6615776
610117,Early Childhood Instruction,36000.0
610117,General Education Fund,905721.4442063001
610117,IDEA Part B Flow-Through  (LEA Flowthru Instruction),167366.2847572
610117,Lunchroom Fund,297729.4179239
610117,Mandated Parent Involvement,5491.0
610117,Need-Based Flexible Funding,323104.95823530003
610117,Preschool For All (locally funded),2175.0
610117,Special Education Fund,2185260.3247662
610117,State Preschool For All Age 3-5,828597.6489801999
610117,Title I - District Initiatives - SIS,173641.8408559
610117,Title I - School Discretionary,156230.0
610117,Title Ii - Tier I Support,15217.5
610117,Workers'& Unemployment Compensation/Tort,253851.7108238
610120,Core Instructional Positions,3427349.0401659003
610120,Critical Language Initiative,171368.0353476
610120,EBF - Bilingual Programs,262816.81109010003
610120,Early Childhood Instruction,60000.0
610120,General Education Fund,960948.9447313
610120,IDEA Part B Flow-Through  (LEA Flowthru Instruction),123512.5977074
610120,Lunchroom Fund,552077.880828
610120,Mandated Parent Involvement,5144.5935
610120,Need-Based Flexible Funding,337755.22112375
610120,Preschool For All (locally funded),17300.0
610120,Special Education Fund,1781069.0708793001
610120,State Preschool For All Age 3-5,1906234.5765200001
610120,Title I - Child Parent Centers,369439.89936864
610120,Title I - District Initiatives - SIS,160795.564142
610120,Title I - School Discretionary,149349.9837539
610120,Title IV Part A,179317.7303012
610120,Title Ii - Tier I Support,15217.5
610120,Workers'& Unemployment Compensation/Tort,154439.4412842
610121,Core Instructional Positions,1587639.005097
610121,EBF - Bilingual Programs,84527.0850855
610121,Early Childhood Instruction,24000.0
610121,General Education Fund,505793.9583163
610121,IDEA Part B Flow-Through  (LEA Flowthru Instruction),109717.37622450001
610121,Lunchroom Fund,171148.0326999
610121,Mandated Parent Involvement,2966.0
610121,Need-Based Flexible Funding,200000.0273949
610121,Preschool For All (locally funded),1575.0
610121,School and District Improvement Grant (Title 1003a) Cohort 22,75218.15458808
610121,Special Education Fund,1554430.5481945
610121,State Preschool For All Age 3-5,508517.4707915
610121,Title I - School Discretionary,81373.08380641999
610121,Title I - School Improvement Priority Initiative,134668.2157
610121,Workers'& Unemployment Compensation/Tort,159136.915504
610122,Core Instructional Positions,5928124.9109228
610122,EBF - Bilingual Programs,160703.8931552
610122,Early Childhood Instruction,98000.0
610122,General Education Fund,891741.4089981
610122,IDEA Part B Flow-Through  (LEA Flowthru Instruction),336460.3158226
610122,International Baccalaureate Program,365734.23141
610122,Lunchroom Fund,254753.76599790002
610122,Need-Based Flexible Funding,499780.0002047
610122,Preschool For All (locally funded),2072086.933703
610122,School and District Improvement Grant (Title 1003a) Cohort 22,31218.0
610122,Special Education Fund,2932143.8996789
610122,Title I - School Improvement Priority Initiative,134668.2157
610122,Workers'& Unemployment Compensation/Tort,146500.3714536
610123,Core Instructional Positions,1847953.1886199
610123,Early Childhood Instruction,12000.0
610123,General Education Fund,434477.0980495
610123,IDEA Part B Flow-Through  (LEA Flowthru Instruction),156246.38058620002
610123,Lunchroom Fund,210416.326694
610123,Mandated Parent Involvement,2889.0
610123,Need-Based Flexible Funding,200000.36908289997
610123,Preschool For All (locally funded),975.0
610123,School and District Improvement Grant (Title 1003a) Cohort 22,75218.44359694
610123,Special Education Fund,1262558.5708249
610123,State Preschool For All Age 3-5,376260.0332254
610123,Title I - School Discretionary,73169.8653451
610123,Title I - School Improvement Priority Initiative,134668.2157
610123,Workers'& Unemployment Compensation/Tort,149654.2564738
610124,CTU Sustainable Schools Initiative,99998.00875
610124,Core Instructional Positions,1947751.3454292
610124,Early Childhood Instruction,12000.0
610124,General Education Fund,699190.0682912
610124,IDEA Part B Flow-Through  (LEA Flowthru Instruction),123827.0949637
610124,Lunchroom Fund,153343.68513589998
610124,Mandated Parent Involvement,3851.0
610124,Need-Based Flexible Funding,200000.2180556
610124,Preschool For All (locally funded),600.0
610124,Special Education Fund,1410491.3963585
610124,State Preschool For All Age 3-5,244875.034743
610124,Title I - District Initiatives - SIS,149556.0466829
610124,Title I - School Discretionary,100842.3920289
610124,Title Ii - Tier I Support,15217.5
610124,Workers'& Unemployment Compensation/Tort,80139.55632460001
610125,Core Instructional Positions,2884366.3987063
610125,EBF - Bilingual Programs,162263.6615776
610125,Early Childhood Instruction,12000.0
610125,General Education Fund,687630.1691759
610125,IDEA Part B Flow-Through  (LEA Flowthru Instruction),228009.1631338
610125,Lunchroom Fund,257787.26438990002
610125,Mandated Parent Involvement,3702.0
610125,Need-Based Flexible Funding,275976.43823655
610125,Preschool For All (locally funded),1950.0
610125,School and District Improvement Grant (Title 1003a) Cohort 22,31218.5
610125,Special Education Fund,2867778.7855178
610125,State Preschool For All Age 3-5,650212.110427
610125,Title I - District Initiatives - SIS,138359.6458649
610125,Title I - School Discretionary,109812.0857249
610125,Workers'& Unemployment Compensation/Tort,137863.0784096
610126,CBA - Teacher Assistants K-2nd,127092.70359
610126,Core Instructional Positions,2422663.7527958
610126,EBF - Bilingual Programs,73285.11807150001
610126,Early Childhood Instruction,49000.0
610126,General Education Fund,705661.6979123
610126,IDEA Part B Flow-Through  (LEA Flowthru Instruction),160895.7729694
610126,Lunchroom Fund,213510.18307590001
610126,Mandated Parent Involvement,3321.74
610126,Need-Based Flexible Funding,228965.93743719
610126,Preschool For All (locally funded),2550.0
610126,Special Education Fund,1178059.10119
610126,State Preschool For All Age 3-5,987278.371276
610126,Title I - District Initiatives,134668.2157
610126,Title I - District Initiatives - SIS,170673.85075329998
610126,Title I - School Discretionary,96427.00873649999
610126,Title Ii - Tier I Support,15217.5
610126,Workers'& Unemployment Compensation/Tort,173546.8921182
610127,Core Instructional Positions,5137567.7349279
610127,EBF - Bilingual Programs,251933.8263759
610127,Early Childhood Instruction,12000.0
610127,General Education Fund,784739.083209
610127,IDEA Part B Flow-Through  (LEA Flowthru Instruction),313969.2904268
610127,Lunchroom Fund,265291.9006059
610127,Mandated Parent Involvement,3102.0
610127,Need-Based Flexible Funding,477593.31730450003
610127,Preschool For All (locally funded),1575.0
610127,Special Education Fund,2879073.5853569
610127,State Preschool For All Age 3-5,522614.4868062
610127,Title I - District Initiatives - SIS,303360.0357355
610127,Title I - School Discretionary,127539.0393602
610127,Title IV Part A,143671.255704
610127,Title Ii - Tier I Support,15217.5
610127,Workers'& Unemployment Compensation/Tort,144354.82122379998
610128,Core Instructional Positions,1719524.1088563001
610128,Early Childhood Instruction,12000.0
610128,General Education Fund,434918.168588
610128,Lunchroom Fund,109870.5968499
610128,Mandated Parent Involvement,3635.0
610128,Need-Based Flexible Funding,242104.5445922
610128,Preschool For All (locally funded),600.0
610128,School and District Improvement Grant (Title 1003a) Cohort 17,5500.0
610128,Special Education Fund,884016.946169
610128,State Preschool For All Age 3-5,250812.8989198
610128,Title I - District Initiatives - SIS,168622.4342406
610128,Title I - School Discretionary,95182.5
610128,Title Ii - Tier I Support,15217.5
610128,Workers'& Unemployment Compensation/Tort,101923.57924009999
610129,CBA - Teacher Assistants K-2nd,62710.65639999999
610129,Core Instructional Positions,1893736.3937182
610129,EBF - Bilingual Programs,157307.1927631
610129,Early Childhood Instruction,37000.0
610129,General Education Fund,637398.2393781
610129,International Baccalaureate Program,163419.6252424
610129,Lunchroom Fund,212879.9090779
610129,Mandated Parent Involvement,2842.0
610129,Need-Based Flexible Funding,181534.37399859
610129,Preschool For All (locally funded),1950.0
610129,Special Education Fund,1636003.657124
610129,State Preschool For All Age 3-5,701976.3082598
610129,Title I - District Initiatives - SIS,160716.20676939999
610129,Title I - School Discretionary,80871.7209271
610129,Title Ii - Tier I Support,15217.5
610129,Workers'& Unemployment Compensation/Tort,255285.8335077
610130,Core Instructional Positions,1511758.38302217
610130,Early Childhood Instruction,12000.0
610130,General Education Fund,453773.6370645
610130,IDEA Part B Flow-Through  (LEA Flowthru Instruction),113725.1456546
610130,Lunchroom Fund,161868.6354399
610130,Mandated Parent Involvement,2236.0
610130,Need-Based Flexible Funding,275000.16423291
610130,Preschool For All (locally funded),600.0
610130,School and District Improvement Grant (Title 1003a) Cohort 23,75218.1942288
610130,Special Education Fund,935736.049784
610130,State Preschool For All Age 3-5,198623.6093358
610130,Title I - School Discretionary,61880.0
610130,Title I - School Improvement Priority Initiative,134668.2157
610130,Workers'& Unemployment Compensation/Tort,86773.4460601
610131,Core Instructional Positions,1582155.6827150001
610131,EBF - Bilingual Programs,58311.392548
610131,General Education Fund,521117.1840832
610131,Lunchroom Fund,111571.63332000001
610131,Mandated Parent Involvement,708.0
610131,Need-Based Flexible Funding,275000.1910023
610131,Special Education Fund,976560.760784
610131,Title I - School Discretionary,22022.0
610131,Title IV Part A,162678.4257085
610131,Title Ii - Tier I Support,15217.5
610131,Workers'& Unemployment Compensation/Tort,77464.2648798
610132,Core Instructional Positions,1776019.2954240001
610132,General Education Fund,483023.1171598
610132,Lunchroom Fund,128873.56466589999
610132,Need-Based Flexible Funding,160000.05
610132,Positions Allocated on Appeal,127092.70359
610132,Special Education Fund,341071.1834877
610132,Title Ii - Tier I Support,15217.5
610132,Workers'& Unemployment Compensation/Tort,80502.0012704
610132,World Language,126791.1482002
610133,Core Instructional Positions,1829954.1140907
610133,EBF - Bilingual Programs,119852.89438669999
610133,Early Childhood Instruction,12000.0
610133,General Education Fund,685895.0348306
610133,IDEA Part B Flow-Through  (LEA Flowthru Instruction),93857.73186069999
610133,Lunchroom Fund,199284.095004
610133,Mandated Parent Involvement,2673.0
610133,Need-Based Flexible Funding,208500.3
610133,Preschool For All (locally funded),975.0
610133,Special Education Fund,2332505.0058613
610133,State Preschool For All Age 3-5,362898.5344583
610133,Title I - District Initiatives,180331.29575999998
610133,Title I - School Discretionary,78410.978531
610133,Title I - School Improvement Priority Initiative,140758.97270790001
610133,Title I School Improvement & Accountability (Cohort 16) -4331-36,30217.5
610133,Workers'& Unemployment Compensation/Tort,155902.6018181
610135,Core Instructional Positions,5455346.1324506
610135,EBF - Bilingual Programs,151966.3125831
610135,Early Childhood Instruction,11929.783
610135,General Education Fund,811579.9520408
610135,IDEA Part B Flow-Through  (LEA Flowthru Instruction),153266.4977573
610135,Lunchroom Fund,326163.0677239
610135,Mandated Parent Involvement,5429.0
610135,Need-Based Flexible Funding,492517.15534969
610135,Preschool For All (locally funded),1950.0
610135,Special Education Fund,4679368.7863075
610135,State Preschool For All Age 3-5,705101.8000049
610135,Title I - District Initiatives - SIS,249534.6717974
610135,Title I - School Discretionary,181584.12275120002
610135,Title Ii - Tier I Support,15217.5
610135,Workers'& Unemployment Compensation/Tort,155331.4806911
610136,Core Instructional Positions,3164229.754307
610136,EBF - Bilingual Programs,79012.8283968
610136,General Education Fund,642567.5453718001
610136,Lunchroom Fund,119398.96797789999
610136,Need-Based Flexible Funding,257650.369091
610136,Special Education Fund,2507504.678632
610136,Title Ii - Tier I Support,15217.5
610136,Workers'& Unemployment Compensation/Tort,74136.9020097
610137,Core Instructional Positions,4383511.5731013
610137,EBF - Bilingual Programs,153122.0928169
610137,General Education Fund,768254.4345592
610137,IDEA Part B Flow-Through  (LEA Flowthru Instruction),302079.92641990003
610137,Lunchroom Fund,263047.0489259
610137,Mandated Parent Involvement,4039.0
610137,Need-Based Flexible Funding,355734.9321342
610137,Special Education Fund,2487177.6797076
610137,Title I - District Initiatives - SIS,345314.7326392
610137,Title I - School Discretionary,137317.53454593002
610137,Title Ii - Tier I Support,15217.5
610137,Workers'& Unemployment Compensation/Tort,86773.4460601
610138,CBA - Teacher Assistants K-2nd,254185.40718
610138,Core Instructional Positions,5405975.1091213
610138,EBF - Bilingual Programs,152168.99884
610138,Early Childhood Instruction,24000.0
610138,General Education Fund,880008.6932358
610138,IDEA Part B Flow-Through  (LEA Flowthru Instruction),148602.7942488
610138,Internal Accounts Book Transfers,112431.6567292
610138,International Baccalaureate Program,335226.5195231
610138,Lunchroom Fund,258616.8780919
610138,Need-Based Flexible Funding,416711.2927792
610138,Preschool For All (locally funded),427561.27435880003
610138,Regional Gifted Centers - ELL,149370.75211449998
610138,Special Education Fund,2939393.7168423
610138,Title Ii - Tier I Support,15217.5
610138,Workers'& Unemployment Compensation/Tort,133251.3714536
610139,CBA - Teacher Assistants K-2nd,127092.70359
610139,Core Instructional Positions,2178189.4028577
610139,EBF - Bilingual Programs,176987.3582672
610139,Early Childhood Instruction,12000.0
610139,General Education Fund,657256.9581026
610139,IDEA Part B Flow-Through  (LEA Flowthru Instruction),116416.05810710002
610139,Lunchroom Fund,93484.07951
610139,Mandated Parent Involvement,3191.6
610139,Need-Based Flexible Funding,195449.12688245001
610139,Personalized Learning,168271.54003830004
610139,Preschool For All (locally funded),600.0
610139,School and District Improvement Grant (Title 1003a) 27--4331-41,15217.5
610139,Special Education Fund,1357668.15564
610139,State Preschool For All Age 3-5,237299.86999799998
610139,Title I - District Initiatives - SIS,102641.8322405
610139,Title I - School Discretionary,91707.7610951
610139,Workers'& Unemployment Compensation/Tort,80502.0012704
610141,Core Instructional Positions,3288678.26864879
610141,EBF - Bilingual Programs,131950.89686839998
610141,Early Childhood Instruction,24000.0
610141,General Education Fund,632520.6141447
610141,IDEA Part B Flow-Through  (LEA Flowthru Instruction),257471.2217383
610141,Lunchroom Fund,103024.336904
610141,Need-Based Flexible Funding,244675.1385154
610141,Preschool For All (locally funded),454329.7060819
610141,Special Education Fund,1956822.144463
610141,Title Ii - Tier I Support,15217.5
610141,Workers'& Unemployment Compensation/Tort,151601.1668913
610142,Core Instructional Positions,3545483.3813004
610142,EBF - Bilingual Programs,173299.4626431
610142,Early Childhood Instruction,49000.0
610142,General Education Fund,662418.0713052
610142,Lunchroom Fund,136761.43651200001
610142,Mandated Parent Involvement,1650.0
610142,Need-Based Flexible Funding,299584.8973443
610142,Preschool For All (locally funded),654082.345091
610142,School and District Improvement Grant (Title 1003a) Cohort 17,20217.5
610142,Special Education Fund,3222082.0564345
610142,Title I - District Initiatives - SIS,170508.13108680001
610142,Title I - School Discretionary,71805.600169835
610142,Workers'& Unemployment Compensation/Tort,131477.9388794
610142,World Language,127092.70359
610143,Core Instructional Positions,1848439.63216228
610143,EBF - Bilingual Programs,58419.3157257
610143,Early Childhood Instruction,37000.0
610143,General Education Fund,652252.9898093
610143,IDEA Part B Flow-Through  (LEA Flowthru Instruction),170826.45179330002
610143,Lunchroom Fund,155795.092386
610143,Mandated Parent Involvement,4699.0
610143,Need-Based Flexible Funding,183261.00708438
610143,Preschool For All (locally funded),2550.0
610143,School and District Improvement Grant (Title 1003a) Cohort 17,30218.5
610143,Special Education Fund,1914286.5892693999
610143,State Preschool For All Age 3-5,912847.2819010001
610143,Title I - School Discretionary,120537.0385224
610143,Title I - School Improvement Priority Initiative,128874.58790910001
610143,Workers'& Unemployment Compensation/Tort,97106.6017
610144,Core Instructional Positions,3517812.9694677
610144,EBF - Bilingual Programs,166150.8917021
610144,Early Childhood Instruction,24000.0
610144,General Education Fund,735353.6964801
610144,IDEA Part B Flow-Through  (LEA Flowthru Instruction),146710.5065292
610144,Lunchroom Fund,309198.92485989997
610144,Mandated Parent Involvement,4667.25
610144,Need-Based Flexible Funding,287953.6780113
610144,Preschool For All (locally funded),592035.5031754
610144,Special Education Fund,2088735.436816
610144,Title I - District Initiatives - SIS,127383.4846905
610144,Title I - School Discretionary,132795.8979132
610144,Title Ii - Tier I Support,15217.5
610144,Workers'& Unemployment Compensation/Tort,230039.5038264
610145,Core Instructional Positions,4297068.0295321
610145,EBF - Bilingual Programs,348790.6993789
610145,Early Childhood Instruction,36000.0
610145,General Education Fund,922298.5539503
610145,IDEA Part B Flow-Through  (LEA Flowthru Instruction),416484.1434183
610145,Lunchroom Fund,187979.28839600002
610145,Mandated Parent Involvement,5288.0
610145,Need-Based Flexible Funding,403125.11434949
610145,Preschool For All (locally funded),4875.0
610145,School and District Improvement Grant (Title 1003a) Cohort 22,31217.5
610145,Special Education Fund,3810467.3856995
610145,State Preschool For All Age 3-5,1827518.338775
610145,Title I - District Initiatives - SIS,173753.8084246
610145,Title I - School Discretionary,162505.7168137
610145,Title I - School Improvement Priority Initiative,134668.2157
610145,Workers'& Unemployment Compensation/Tort,151601.1668913
610146,Core Instructional Positions,1632054.8415025
610146,Early Childhood Instruction,12000.0
610146,General Education Fund,463205.8444776
610146,Lunchroom Fund,222784.7184919
610146,Mandated Parent Involvement,2717.79
610146,Need-Based Flexible Funding,199999.92718921998
610146,Positions Allocated on Appeal,127092.70359
610146,Preschool For All (locally funded),600.0
610146,School and District Improvement Grant (Title 1003a) Cohort 18,30218.5
610146,Special Education Fund,899174.162451
610146,State Preschool For All Age 3-5,231553.9774939
610146,Title I - School Discretionary,68833.92675469999
610146,Workers'& Unemployment Compensation/Tort,72363.4694399
610147,Core Instructional Positions,4934168.2627379
610147,EBF - Bilingual Programs,137750.56308649998
610147,Early Childhood Instruction,36000.00158032
610147,General Education Fund,825346.8315397
610147,IDEA Part B Flow-Through  (LEA Flowthru Instruction),118321.0368236
610147,Internal Accounts Book Transfers,3043.5
610147,Lunchroom Fund,297373.91349189996
610147,Mandated Parent Involvement,3825.0
610147,Need-Based Flexible Funding,421371.61210133
610147,Preschool For All (locally funded),1059849.3097939
610147,Special Education Fund,4326147.4263364
610147,Title I - District Initiatives - SIS,341327.5001249
610147,Title I - School Discretionary,137250.2188639
610147,Title Ii - Tier I Support,15217.5
610147,Workers'& Unemployment Compensation/Tort,86773.4460601
610148,CTU Sustainable Schools Initiative,119906.23366999999
610148,Core Instructional Positions,5197392.6669672
610148,EBF - Bilingual Programs,299790.9956113
610148,Early Childhood Instruction,36000.0
610148,Funds Allocated on Appeal,9000.0
610148,General Education Fund,1407872.234263
610148,IDEA Part B Flow-Through  (LEA Flowthru Instruction),296296.1303309
610148,Internal Accounts Book Transfers,96241.91375
610148,Lunchroom Fund,413614.00245790003
610148,Mandated Parent Involvement,9012.8
610148,Need-Based Flexible Funding,634505.5937842
610148,Preschool For All (locally funded),1800.0
610148,Special Education Fund,2023123.3889108999
610148,State Preschool For All Age 3-5,642411.335192
610148,Title I - District Initiatives - SIS,336558.8551015
610148,Title I - School Discretionary,249424.038272
610148,Title Ii - Tier I Support,15217.5
610148,Workers'& Unemployment Compensation/Tort,328278.8445821
610152,CBA - Teacher Assistants K-2nd,127092.70359
610152,Core Instructional Positions,2145932.1083903
610152,Early Childhood Instruction,24000.0
610152,General Education Fund,675480.5123688
610152,IDEA Part B Flow-Through  (LEA Flowthru Instruction),119975.33472890001
610152,Lunchroom Fund,174759.9691159
610152,Mandated Parent Involvement,3814.0
610152,Need-Based Flexible Funding,198197.57840289
610152,Preschool For All (locally funded),1200.0
610152,Special Education Fund,1080994.0666807
610152,State Preschool For All Age 3-5,444295.30987
610152,Title I - District Initiatives - SIS,169654.6083286
610152,Title I - School Discretionary,102932.79521170001
610152,Title IV Part A,159686.06967
610152,Title Ii - Tier I Support,15217.5
610152,Workers'& Unemployment Compensation/Tort,76975.1764438
610153,Core Instructional Positions,2219903.2937211
610153,Early Childhood Instruction,37000.0
610153,General Education Fund,700406.2142236
610153,IDEA Part B Flow-Through  (LEA Flowthru Instruction),272923.0143401
610153,Lunchroom Fund,198007.9805959
610153,Mandated Parent Involvement,5040.0
610153,Need-Based Flexible Funding,238671.1415854
610153,Preschool For All (locally funded),1575.0
610153,School and District Improvement Grant (Title 1003a) 27--4331-41,15217.5
610153,Special Education Fund,3874653.5213418
610153,State Preschool For All Age 3-5,575137.2335379
610153,Title I - District Initiatives,100209.9610137
610153,Title I - District Initiatives - SIS,107106.73186069999
610153,Title I - School Discretionary,131039.7892266
610153,Workers'& Unemployment Compensation/Tort,203847.15847859997
610155,CBA - Teacher Assistants K-2nd,254185.40718
610155,Core Instructional Positions,4266839.9824487
610155,EBF - Bilingual Programs,172190.9616551
610155,Early Childhood Instruction,24000.0
610155,General Education Fund,779765.5823425
610155,IDEA Part B Flow-Through  (LEA Flowthru Instruction),128288.79457390001
610155,Lunchroom Fund,178746.3584119
610155,Need-Based Flexible Funding,316297.2396008
610155,Preschool For All (locally funded),417684.2537917
610155,Special Education Fund,1063856.8117132
610155,Title Ii - Tier I Support,15217.5
610155,Workers'& Unemployment Compensation/Tort,150988.7109417
610157,Core Instructional Positions,6145345.2500508
610157,EBF - Bilingual Programs,290907.5286435
610157,Early Childhood Instruction,24000.0
610157,General Education Fund,1004022.8702393
610157,IDEA Part B Flow-Through  (LEA Flowthru Instruction),104230.0747601
610157,Lunchroom Fund,399041.1180099
610157,Mandated Parent Involvement,9251.0
610157,Need-Based Flexible Funding,597996.0897383001
610157,Preschool For All (locally funded),1575.0
610157,Special Education Fund,1745577.106898
610157,State Preschool For All Age 3-5,590195.3021526
610157,Title I - District Initiatives - SIS,325389.5098852
610157,Title I - School Discretionary,258304.984517
610157,Title I School Improvement & Accountability (Cohort 16) -4331-36,20217.9705
610157,Workers'& Unemployment Compensation/Tort,250871.3499222
610158,CBA - Teacher Assistants K-2nd,127092.70359
610158,Core Instructional Positions,2316985.1691065
610158,EBF - Bilingual Programs,148671.3987424
610158,Early Childhood Instruction,23999.99858547
610158,General Education Fund,692125.0186780001
610158,IDEA Part B Flow-Through  (LEA Flowthru Instruction),148049.8415992
610158,International Baccalaureate Program,167558.5691848
610158,Lunchroom Fund,171857.03952000002
610158,Mandated Parent Involvement,1935.0
610158,Need-Based Flexible Funding,220859.8510265
610158,Preschool For All (locally funded),449140.2651644
610158,Special Education Fund,2520893.0474301
610158,Title I - District Initiatives - SIS,110070.8947514
610158,Title I - School Discretionary,65789.7631651
610158,Title Ii - Tier I Support,15217.5
610158,Workers'& Unemployment Compensation/Tort,94281.83097000001
610159,Core Instructional Positions,3996745.9975866
610159,EBF - Bilingual Programs,152168.99884
610159,Early Childhood Instruction,36000.0
610159,General Education Fund,802246.3372205
610159,IDEA Part B Flow-Through  (LEA Flowthru Instruction),231813.2274085
610159,Lunchroom Fund,201047.459982
610159,Mandated Parent Involvement,5207.0
610159,Need-Based Flexible Funding,336363.8250397
610159,Preschool For All (locally funded),2175.0
610159,School and District Improvement Grant (Title 1003a) Cohort 22,31218.5
610159,Special Education Fund,1471248.7555847
610159,State Preschool For All Age 3-5,741314.618586
610159,Title I - District Initiatives - SIS,149630.11413149998
610159,Title I - School Discretionary,154438.0
610159,Title I - School Improvement Priority Initiative,134668.2157
610159,Workers'& Unemployment Compensation/Tort,157966.2661528
610163,Alternative and Specialty Schools Support,160000.302
610163,EBF - Bilingual Programs,142030.2238069
610163,Early Childhood Instruction,49999.996999999996
610163,General Education Fund,648544.7029181999
610163,IDEA Part B Flow-Through  (LEA Flowthru Instruction),166221.269693
610163,Lunchroom Fund,42241.849516
610163,Positions Allocated on Appeal,127092.70359
610163,Preschool For All (locally funded),2358440.05096
610163,Special Education Fund,1257999.9109188
610163,Specialty Schools,127153.8367903
610163,Title Ii - Tier I Support,15217.5
610163,Workers'& Unemployment Compensation/Tort,53825.0
610165,Core Instructional Positions,3565769.7860541
610165,EBF - Bilingual Programs,345826.8616873
610165,Early Childhood Instruction,36000.0
610165,General Education Fund,690712.7045602
610165,IDEA Part B Flow-Through  (LEA Flowthru Instruction),207164.2478928
610165,Lunchroom Fund,268901.32581999997
610165,Mandated Parent Involvement,4291.0
610165,Need-Based Flexible Funding,338866.7140706
610165,Preschool For All (locally funded),2175.0
610165,Special Education Fund,1479886.8167742
610165,State Preschool For All Age 3-5,865924.4688866
610165,Title I - District Initiatives - SIS,158345.2993066
610165,Title I - School Discretionary,128736.45731679999
610165,Title I School Improvement & Accountability (Cohort 16) -4331-36,20217.92992
610165,Workers'& Unemployment Compensation/Tort,158411.841353
610167,Core Instructional Positions,2808175.1382822
610167,EBF - Bilingual Programs,172416.1742424
610167,Early Childhood Instruction,24000.0
610167,General Education Fund,821790.4875891
610167,IDEA Part B Flow-Through  (LEA Flowthru Instruction),157044.9275625
610167,International Baccalaureate Program,178984.69109
610167,Lunchroom Fund,303501.105668
610167,Mandated Parent Involvement,3844.0
610167,Need-Based Flexible Funding,280898.4813771
610167,Preschool For All (locally funded),1575.0
610167,Special Education Fund,770309.2462449999
610167,State Preschool For All Age 3-5,539162.4283649999
610167,Title I - District Initiatives - SIS,101589.20705509999
610167,Title I - School Discretionary,109361.48454322001
610167,Title Ii - Tier I Support,15217.5
610167,Workers'& Unemployment Compensation/Tort,133090.4348357
610170,Core Instructional Positions,3975593.0940831
610170,EBF - Bilingual Programs,259025.65479340003
610170,Early Childhood Instruction,36000.0
610170,General Education Fund,939032.9532447
610170,IDEA Part B Flow-Through  (LEA Flowthru Instruction),236134.6203788
610170,Lunchroom Fund,311283.67778390006
610170,Mandated Parent Involvement,6273.0
610170,Need-Based Flexible Funding,602657.7770424
610170,Preschool For All (locally funded),1190175.5791795
610170,Special Education Fund,2188618.6610347
610170,Title I - District Initiatives - SIS,117232.9981044
610170,Title I - School Discretionary,180237.56
610170,Title IV Part A,162808.4003206
610170,Title Ii - Tier I Support,15217.5
610170,Workers'& Unemployment Compensation/Tort,167275.44732870001
610171,Core Instructional Positions,3738669.9032186
610171,EBF - Bilingual Programs,172230.8970331
610171,Early Childhood Instruction,37000.001820000005
610171,General Education Fund,756588.1728521
610171,IDEA Part B Flow-Through  (LEA Flowthru Instruction),115872.06298419999
610171,Lunchroom Fund,268841.28132
610171,Mandated Parent Involvement,4526.0
610171,Need-Based Flexible Funding,384902.9325902
610171,Preschool For All (locally funded),1200.0
610171,Special Education Fund,2570908.8907597
610171,State Preschool For All Age 3-5,414753.504458
610171,Title I - District Initiatives - SIS,160092.8409454
610171,Title I - School Discretionary,140854.0543333
610171,Title I - School Improvement Priority Initiative,141396.019664
610171,Title Ii - Tier I Support,15217.5
610171,Workers'& Unemployment Compensation/Tort,86773.4460601
610172,Core Instructional Positions,1561284.8905218
610172,EBF - Bilingual Programs,127092.70359
610172,Early Childhood Instruction,12000.0
610172,General Education Fund,484676.6290368
610172,IDEA Part B Flow-Through  (LEA Flowthru Instruction),122760.6671831
610172,Lunchroom Fund,176365.1322559
610172,Mandated Parent Involvement,2606.75
610172,Need-Based Flexible Funding,199999.9989342
610172,Personalized Learning,156975.2985793
610172,Preschool For All (locally funded),600.0
610172,Special Education Fund,1430879.032809
610172,State Preschool For All Age 3-5,238916.2917203
610172,Title I - School Discretionary,73470.1731703
610172,Title Ii - Tier I Support,15217.5
610172,Workers'& Unemployment Compensation/Tort,167275.4473287
610173,Core Instructional Positions,1750703.2060465
610173,EBF - Bilingual Programs,87688.92602
610173,Early Childhood Instruction,37000.0
610173,General Education Fund,500403.76387029997
610173,IDEA Part B Flow-Through  (LEA Flowthru Instruction),169256.7815286
610173,Lunchroom Fund,95998.012615
610173,Mandated Parent Involvement,2080.5
610173,Need-Based Flexible Funding,200000.27878710002
610173,Preschool For All (locally funded),1950.0
610173,School and District Improvement Grant (Title 1003a) 27-4331-40,15217.5
610173,Special Education Fund,1696739.6424952
610173,State Preschool For All Age 3-5,762722.5053315
610173,Title I - School Discretionary,56145.053060800004
610173,Workers'& Unemployment Compensation/Tort,86773.44606009999
610174,Core Instructional Positions,2506029.4275978
610174,EBF - Bilingual Programs,170556.1927631
610174,Early Childhood Instruction,36000.0
610174,General Education Fund,724360.0665897
610174,IDEA Part B Flow-Through  (LEA Flowthru Instruction),164622.8297877
610174,Lunchroom Fund,361551.14229590003
610174,Mandated Parent Involvement,3750.0
610174,Need-Based Flexible Funding,241857.90025
610174,Preschool For All (locally funded),3150.0
610174,Special Education Fund,1314757.3051863
610174,State Preschool For All Age 3-5,1148929.05685
610174,Title I - District Initiatives - SIS,151245.7238676
610174,Title I - School Discretionary,103767.7577111
610174,Title Ii - Tier I Support,15217.5
610174,Workers'& Unemployment Compensation/Tort,164041.1336528
610175,Core Instructional Positions,2128935.9446194
610175,EBF - Bilingual Programs,143656.13970290002
610175,General Education Fund,632309.8559897
610175,IDEA Part B Flow-Through  (LEA Flowthru Instruction),133224.3347289
610175,Lunchroom Fund,169087.2279319
610175,Mandated Parent Involvement,1733.0
610175,Need-Based Flexible Funding,189399.8495659
610175,School and District Improvement Grant (Title 1003a) 27--4331-41,15217.5
610175,Special Education Fund,1599262.3681764002
610175,Title I - District Initiatives - SIS,129006.6183081
610175,Title I - School Discretionary,59942.8264813
610175,Workers'& Unemployment Compensation/Tort,98005.87922039999
610175,World Language,127092.70359
610176,Core Instructional Positions,2921356.6117986
610176,Early Childhood Instruction,24000.0
610176,General Education Fund,650867.6946788
610176,Lunchroom Fund,223668.13747989998
610176,Mandated Parent Involvement,8239.0
610176,Need-Based Flexible Funding,323834.19071941
610176,Preschool For All (locally funded),1200.0
610176,Special Education Fund,3203466.1014852
610176,State Preschool For All Age 3-5,448228.253385
610176,Title I - District Initiatives - SIS,128354.1940215
610176,Title I - School Discretionary,211338.3751224
610176,Title I - School Improvement Priority Initiative,134668.2157
610176,Title IV Part A,181420.0143411
610176,Title Ii - Tier I Support,15217.5
610176,Workers'& Unemployment Compensation/Tort,147754.3972557
610177,Core Instructional Positions,6548699.091674
610177,Critical Language Initiative,153122.0928169
610177,EBF - Bilingual Programs,128514.933284
610177,Early Childhood Instruction,24000.0
610177,General Education Fund,1008322.3992407001
610177,IDEA Part B Flow-Through  (LEA Flowthru Instruction),110070.8947514
610177,Lunchroom Fund,205971.21853900002
610177,Need-Based Flexible Funding,521974.6023484
610177,Preschool For All (locally funded),436746.367175
610177,Special Education Fund,2549133.3870884
610177,Title Ii - Tier I Support,15217.5
610177,Workers'& Unemployment Compensation/Tort,149827.7343182
610178,Core Instructional Positions,1437587.1628985
610178,Early Childhood Instruction,12000.0
610178,General Education Fund,489292.563924
610178,Lunchroom Fund,95436.027124
610178,Mandated Parent Involvement,2974.6
610178,Need-Based Flexible Funding,274999.72483345
610178,Preschool For All (locally funded),1950.0
610178,School and District Improvement Grant (Title 1003a) Cohort 23,31217.5
610178,Special Education Fund,1956671.9362186
610178,State Preschool For All Age 3-5,762768.269145
610178,Title I - School Discretionary,75338.0067235
610178,Workers'& Unemployment Compensation/Tort,146500.3714536
610179,CBA - Teacher Assistants K-2nd,127092.70359
610179,Core Instructional Positions,4576084.0567501
610179,EBF - Bilingual Programs,162957.1635424
610179,Early Childhood Instruction,24000.0
610179,General Education Fund,898311.6388083
610179,Lunchroom Fund,169399.04935800002
610179,Mandated Parent Involvement,4005.0
610179,Need-Based Flexible Funding,370504.84588552
610179,Preschool For All (locally funded),1200.0
610179,Special Education Fund,3190494.8770867
610179,State Preschool For All Age 3-5,431527.562962
610179,Title I - District Initiatives - SIS,295598.36629669997
610179,Title I - School Discretionary,136170.0256466
610179,Title Ii - Tier I Support,15217.5
610179,Workers'& Unemployment Compensation/Tort,222656.6849691
610180,Core Instructional Positions,2488609.6393747
610180,Early Childhood Instruction,24000.0
610180,General Education Fund,708928.0284833
610180,IDEA Part B Flow-Through  (LEA Flowthru Instruction),113593.0116806
610180,International Baccalaureate Program,329107.23070189997
610180,Lunchroom Fund,152067.917506
610180,Mandated Parent Involvement,7072.0
610180,Need-Based Flexible Funding,254241.999751
610180,Preschool For All (locally funded),525720.3329417
610180,Special Education Fund,2624113.0294275996
610180,Title I - District Initiatives - SIS,169654.6083286
610180,Title I - School Discretionary,176960.4666745
610180,Title I - School Improvement Priority Initiative,172753.48483519998
610180,Title Ii - Tier I Support,15217.5
610180,Workers'& Unemployment Compensation/Tort,166744.3637093
610182,AMERICAN DISABILITIES ACT(ADA),83932.6652597
610182,Core Instructional Positions,1941459.9881933
610182,Critical Language Initiative,116838.6314522
610182,EBF - Bilingual Programs,131968.71190999998
610182,Early Childhood Instruction,12000.004835
610182,General Education Fund,648844.6161407
610182,IDEA Part B Flow-Through  (LEA Flowthru Instruction),104230.0747601
610182,Lunchroom Fund,98316.221096
610182,Mandated Parent Involvement,804.0
610182,Need-Based Flexible Funding,173630.1616
610182,Preschool For All (locally funded),600.0
610182,Special Education Fund,3499730.3900129
610182,State Preschool For All Age 3-5,237976.58165860001
610182,Title I - District Initiatives - SIS,161915.0279596
610182,Title I - School Discretionary,36081.0
610182,Title Ii - Tier I Support,15217.5
610182,Workers'& Unemployment Compensation/Tort,72363.4694399
610183,CTU Sustainable Schools Initiative,117203.4188794
610183,Core Instructional Positions,2510904.8335038
610183,EBF - Bilingual Programs,111563.95972
610183,Early Childhood Instruction,49000.0015819
610183,General Education Fund,643263.5678899
610183,IDEA Part B Flow-Through  (LEA Flowthru Instruction),113060.81413459999
610183,Lunchroom Fund,305019.2732019
610183,Mandated Parent Involvement,5382.0
610183,Need-Based Flexible Funding,264055.2163027
610183,Preschool For All (locally funded),1800.0
610183,Special Education Fund,1281184.301282
610183,State Preschool For All Age 3-5,621939.7491060001
610183,Title I - District Initiatives,93078.1099143
610183,Title I - District Initiatives - SIS,156246.38058620002
610183,Title I - School Discretionary,142993.994542
610183,Title I - School Improvement Priority Initiative,179489.0703008
610183,Title I School Improvement & Accountability (Cohort 16) -4331-36,30218.109
610183,Workers'& Unemployment Compensation/Tort,157966.2661528
610184,Core Instructional Positions,2197508.4001829
610184,EBF - Bilingual Programs,137133.7725272
610184,Early Childhood Instruction,24000.0
610184,General Education Fund,567855.1087468
610184,Lunchroom Fund,282666.629248
610184,Mandated Parent Involvement,2729.0
610184,Need-Based Flexible Funding,212493.5
610184,Positions Allocated on Appeal,127092.70358999999
610184,Preschool For All (locally funded),1950.0
610184,Special Education Fund,1510755.0426482
610184,State Preschool For All Age 3-5,669715.5700415
610184,Title I - District Initiatives - SIS,152445.4944915
610184,Title I - School Discretionary,77655.3509099
610184,Title I School Improvement & Accountability (Cohort 16) -4331-36,20218.17692722
610184,Title III - Language Acquisition,172265.8084246
610184,Workers'& Unemployment Compensation/Tort,156476.9633067
610185,CTU Sustainable Schools Initiative,151668.7395685
610185,Core Instructional Positions,6825819.5386101
610185,EBF - Bilingual Programs,346161.2792184
610185,Early Childhood Instruction,48000.0
610185,General Education Fund,913887.6096333
610185,IDEA Part B Flow-Through  (LEA Flowthru Instruction),466003.23195499997
610185,Lunchroom Fund,511384.00963
610185,Mandated Parent Involvement,9187.0
610185,Need-Based Flexible Funding,671050.348956
610185,Preschool For All (locally funded),4125.0
610185,School and District Improvement Grant (Title 1003a) 27--4331-41,15217.5
610185,Special Education Fund,4252787.0158519
610185,State Preschool For All Age 3-5,1528519.752839
610185,Title I - District Initiatives - SIS,336437.9877025
610185,Title I - School Discretionary,275615.8179098
610185,Title I - School Improvement Priority Initiative,134668.2157
610185,Workers'& Unemployment Compensation/Tort,238374.6129456
610188,Core Instructional Positions,1759217.8139122
610188,Early Childhood Instruction,12000.0
610188,General Education Fund,531203.1365251
610188,Lunchroom Fund,82698.571924
610188,Mandated Parent Involvement,1508.0
610188,Need-Based Flexible Funding,235000.3476902
610188,Preschool For All (locally funded),600.0
610188,Special Education Fund,1113646.4532875
610188,State Preschool For All Age 3-5,247507.8850984
610188,Title I - School Discretionary,47560.5
610188,Title IV Part A,182508.25577010002
610188,Title Ii - Tier I Support,15217.5
610188,Workers'& Unemployment Compensation/Tort,83539.1323798
610191,Cellular Revenue,1196.1
610191,Core Instructional Positions,3806975.1845859
610191,EBF - Bilingual Programs,166393.7044624
610191,General Education Fund,667631.0949545
610191,IDEA Part B Flow-Through  (LEA Flowthru Instruction),298620.6452521
610191,Internal Accounts Book Transfers,175825.8868662
610191,Lunchroom Fund,98316.22109600001
610191,Mandated Parent Involvement,2434.0
610191,Need-Based Flexible Funding,375793.16717399
610191,Special Education Fund,2038148.8511945
610191,Title I - District Initiatives - SIS,158719.7301408
610191,Title I - School Discretionary,92967.4004055
610191,Title Ii - Tier I Support,15217.5
610191,Workers'& Unemployment Compensation/Tort,86773.4460601
610192,Core Instructional Positions,3317039.0166614
610192,EBF - Bilingual Programs,153551.6264245
610192,Early Childhood Instruction,36000.0
610192,General Education Fund,762727.7701995
610192,IDEA Part B Flow-Through  (LEA Flowthru Instruction),243652.03280990003
610192,Lunchroom Fund,268375.9112899
610192,Mandated Parent Involvement,5313.0
610192,Need-Based Flexible Funding,363649.61965015
610192,Preschool For All (locally funded),3525.0
610192,Special Education Fund,1919806.3362478
610192,State Preschool For All Age 3-5,1173004.498964
610192,Title I - District Initiatives - SIS,163998.178716
610192,Title I - School Discretionary,149730.2546013
610192,Title I - School Improvement Priority Initiative,129257.03112279999
610192,Title IV Part A,124376.54521600001
610192,Title Ii - Tier I Support,15217.5
610192,Workers'& Unemployment Compensation/Tort,237885.52446929997
610193,Core Instructional Positions,2964764.9712213
610193,EBF - Bilingual Programs,172473.60428210002
610193,Early Childhood Instruction,49000.0
610193,General Education Fund,803158.9779217
610193,IDEA Part B Flow-Through  (LEA Flowthru Instruction),139262.84518519999
610193,Lunchroom Fund,228162.2480239
610193,Mandated Parent Involvement,3730.0
610193,Need-Based Flexible Funding,313755.99757621
610193,Preschool For All (locally funded),2550.0
610193,School and District Improvement Grant (Title 1003a) Cohort 18,20217.9705
610193,Special Education Fund,2971600.9896441
610193,State Preschool For All Age 3-5,956024.030544
610193,Title I - District Initiatives - SIS,158286.34451939998
610193,Title I - School Discretionary,111887.51260295
610193,Workers'& Unemployment Compensation/Tort,171746.0958528
610194,Core Instructional Positions,1671611.033561
610194,Early Childhood Instruction,12000.0
610194,General Education Fund,417221.62948269997
610194,Lunchroom Fund,158631.8778819
610194,Mandated Parent Involvement,3295.6
610194,Need-Based Flexible Funding,275000.0
610194,Preschool For All (locally funded),600.0
610194,Special Education Fund,1538808.9609169
610194,State Preschool For All Age 3-5,205576.5602586
610194,Title I - School Discretionary,83468.0
610194,Title Ii - Tier I Support,15217.5
610194,Workers'& Unemployment Compensation/Tort,185462.71162420002
610195,Core Instructional Positions,4220222.4591688
610195,General Education Fund,827855.9925986
610195,IDEA Part B Flow-Through  (LEA Flowthru Instruction),256756.2165391
610195,Internal Accounts Book Transfers,74648.84743856
610195,International Baccalaureate Program,164462.4492486
610195,Lunchroom Fund,87859.01703999999
610195,Need-Based Flexible Funding,370007.5423067
610195,Special Education Fund,3317565.2133554
610195,Title Ii - Tier I Support,15217.5
610195,Workers'& Unemployment Compensation/Tort,154928.5297559
610196,CBA - Teacher Assistants K-2nd,127092.70359
610196,Core Instructional Positions,2670673.9117275
610196,EBF - Bilingual Programs,326656.6731765
610196,Early Childhood Instruction,24000.0
610196,General Education Fund,638736.3945964
610196,IDEA Part B Flow-Through  (LEA Flowthru Instruction),242072.6974457
610196,Lunchroom Fund,179048.2002139
610196,Mandated Parent Involvement,3511.0
610196,Need-Based Flexible Funding,301792.134217
610196,Preschool For All (locally funded),950049.5700606
610196,Special Education Fund,3319946.9703712
610196,Title I - District Initiatives - SIS,168231.3441401
610196,Title I - School Discretionary,109276.78682348
610196,Title Ii - Tier I Support,15217.5
610196,Workers'& Unemployment Compensation/Tort,70829.351425
610196,World Language,124391.489025
610197,Core Instructional Positions,2754245.2637814
610197,EBF - Bilingual Programs,175269.76996069998
610197,Early Childhood Instruction,12000.0
610197,General Education Fund,647569.1526973001
610197,IDEA Part B Flow-Through  (LEA Flowthru Instruction),326114.9012396
610197,Internal Accounts Book Transfers,135767.7381291
610197,Lunchroom Fund,204529.6807079
610197,Mandated Parent Involvement,1804.0
610197,Need-Based Flexible Funding,290246.12225572
610197,Preschool For All (locally funded),233838.8930948
610197,School and District Improvement Grant (Title 1003a) Cohort 22,31218.5
610197,Special Education Fund,2534242.0605109
610197,Title I - District Initiatives - SIS,173513.6833151
610197,Title I - School Discretionary,70520.3017862
610197,Title III - Language Acquisition,160427.0279596
610197,Workers'& Unemployment Compensation/Tort,167275.4473287
610198,CBA - Teacher Assistants K-2nd,127092.70359
610198,Core Instructional Positions,2489670.0123304
610198,EBF - Bilingual Programs,162957.1635424
610198,Early Childhood Instruction,24000.0
610198,General Education Fund,491107.3504849
610198,IDEA Part B Flow-Through  (LEA Flowthru Instruction),143202.8990804
610198,Lunchroom Fund,192561.47842
610198,Mandated Parent Involvement,3381.2
610198,Need-Based Flexible Funding,351012.17028798
610198,Preschool For All (locally funded),1575.0
610198,School and District Improvement Grant (Title 1003a) Cohort 17,20218.091558112
610198,Special Education Fund,1710628.4685753
610198,State Preschool For All Age 3-5,600662.4728138
610198,Title I - District Initiatives - SIS,166444.367093
610198,Title I - School Discretionary,97156.19600459999
610198,Workers'& Unemployment Compensation/Tort,151112.07840959998
610199,Core Instructional Positions,1865889.0193751
610199,Early Childhood Instruction,12000.0
610199,General Education Fund,536673.9084056
610199,IDEA Part B Flow-Through  (LEA Flowthru Instruction),164495.34661530002
610199,Lunchroom Fund,91348.719431
610199,Mandated Parent Involvement,1580.0
610199,Need-Based Flexible Funding,199999.70359000002
610199,Preschool For All (locally funded),223823.0871687
610199,Special Education Fund,1170642.014669
610199,Title I - School Discretionary,45400.0
610199,Title Ii - Tier I Support,15217.5
610199,Workers'& Unemployment Compensation/Tort,98005.8792204
610200,Core Instructional Positions,1718733.8003751
610200,EBF - Bilingual Programs,151735.09223829999
610200,Early Childhood Instruction,12000.0
610200,General Education Fund,694615.2481547
610200,IDEA Part B Flow-Through  (LEA Flowthru Instruction),279878.2129736
610200,Lunchroom Fund,318691.81723590003
610200,Mandated Parent Involvement,3930.0
610200,Need-Based Flexible Funding,216987.10642159
610200,Preschool For All (locally funded),975.0
610200,Special Education Fund,3153362.7505583
610200,State Preschool For All Age 3-5,425841.9143
610200,Title I - School Discretionary,102899.73191
610200,Title I - School Improvement Priority Initiative,169059.4640708
610200,Title Ii - Tier I Support,15217.5
610200,Workers'& Unemployment Compensation/Tort,86773.4460601
610201,Core Instructional Positions,5441165.6159345
610201,EBF - Bilingual Programs,139873.0928169
610201,General Education Fund,797102.7990437
610201,IDEA Part B Flow-Through  (LEA Flowthru Instruction),315270.18522680004
610201,Lunchroom Fund,181977.980906
610201,Need-Based Flexible Funding,459926.47566997
610201,School and District Improvement Grant (Title 1003a) Cohort 23,31217.875
610201,Special Education Fund,4640740.8557353
610201,Title I - School Improvement Priority Initiative,134668.2157
610201,Workers'& Unemployment Compensation/Tort,161003.3972557
610202,Core Instructional Positions,1799750.2795934
610202,EBF - Bilingual Programs,73608.258098
610202,Early Childhood Instruction,12000.0
610202,General Education Fund,459651.002583
610202,IDEA Part B Flow-Through  (LEA Flowthru Instruction),99462.51716370002
610202,Lunchroom Fund,169985.30481
610202,Mandated Parent Involvement,3203.0
610202,Need-Based Flexible Funding,200000.300775
610202,Preschool For All (locally funded),600.0
610202,Special Education Fund,1139795.686759
610202,State Preschool For All Age 3-5,212500.836621
610202,Title I - District Initiatives,102383.98096929998
610202,Title I - School Discretionary,85091.925511
610202,Title I - School Improvement Focus Initiative,136768.41314070002
610202,Title I - School Improvement Priority Initiative,175732.8290658
610202,Title Ii - Tier I Support,15217.5
610202,Workers'& Unemployment Compensation/Tort,145502.1456856
610203,Core Instructional Positions,5214511.9220410995
610203,EBF - Bilingual Programs,314001.6635989
610203,Early Childhood Instruction,48000.0
610203,General Education Fund,977764.412553
610203,IDEA Part B Flow-Through  (LEA Flowthru Instruction),171672.8917933
610203,Lunchroom Fund,292711.07821400004
610203,Mandated Parent Involvement,6210.0
610203,Need-Based Flexible Funding,490606.4147671
610203,Preschool For All (locally funded),13150.0
610203,Special Education Fund,1501742.509051
610203,State Preschool For All Age 3-5,1361919.912661
610203,Title I - Child Parent Centers,367496.55232474
610203,Title I - District Initiatives - SIS,254418.76381009998
610203,Title I - School Discretionary,184187.9809693
610203,Title Ii - Tier I Support,15217.5
610203,Workers'& Unemployment Compensation/Tort,238374.61294559998
610206,Core Instructional Positions,5779410.0471958
610206,EBF - Bilingual Programs,175455.2175907
610206,Early Childhood Instruction,12000.0
610206,General Education Fund,857950.1112711
610206,IDEA Part B Flow-Through  (LEA Flowthru Instruction),277717.98780909996
610206,Lunchroom Fund,295340.5745559
610206,Mandated Parent Involvement,5584.0
610206,Need-Based Flexible Funding,494062.4956876
610206,Preschool For All (locally funded),1950.0
610206,Special Education Fund,2155269.2897303
610206,State Preschool For All Age 3-5,702674.4924649
610206,Title I - District Initiatives - SIS,313155.766705
610206,Title I - School Discretionary,181146.4964976
610206,Title Ii - Tier I Support,15217.5
610206,Workers'& Unemployment Compensation/Tort,72363.4694399
610207,Core Instructional Positions,1809738.9739182
610207,General Education Fund,477282.0395533
610207,IDEA Part B Flow-Through  (LEA Flowthru Instruction),112711.5171637
610207,Lunchroom Fund,73510.73856
610207,Mandated Parent Involvement,1093.0
610207,Need-Based Flexible Funding,274999.5666925
610207,School and District Improvement Grant (Title 1003a) 27--4331-41,15217.5
610207,Special Education Fund,1965852.0643521
610207,Title I - School Discretionary,40016.0
610207,Workers'& Unemployment Compensation/Tort,113712.9204771
610208,Core Instructional Positions,2504018.5045219
610208,EBF - Bilingual Programs,51914.4944294
610208,Early Childhood Instruction,12000.003859999999
610208,General Education Fund,753355.4442331
610208,IDEA Part B Flow-Through  (LEA Flowthru Instruction),106231.1712656
610208,International Baccalaureate Program,148754.8757832
610208,Lunchroom Fund,214341.59641589999
610208,Mandated Parent Involvement,5230.2
610208,Need-Based Flexible Funding,292635.9840928
610208,Preschool For All (locally funded),600.0
610208,Special Education Fund,1699156.9041926
610208,State Preschool For All Age 3-5,235827.43963079999
610208,Title I - District Initiatives - SIS,128095.5699952
610208,Title I - School Discretionary,138966.15892020002
610208,Title I - School Improvement Priority Initiative,179634.1589408
610208,Title Ii - Tier I Support,15217.5
610208,Workers'& Unemployment Compensation/Tort,151440.23028340001
610209,Core Instructional Positions,4341596.7598697
610209,Critical Language Initiative,166151.6002083
610209,EBF - Bilingual Programs,326421.7513096
610209,Early Childhood Instruction,36000.0
610209,General Education Fund,836202.6638784
610209,IDEA Part B Flow-Through  (LEA Flowthru Instruction),284403.3272298
610209,Lunchroom Fund,229921.20770799997
610209,Mandated Parent Involvement,4141.525
610209,Need-Based Flexible Funding,457291.1364682
610209,Preschool For All (locally funded),638897.2534330001
610209,Special Education Fund,1917224.8304629999
610209,Title I - District Initiatives - SIS,276155.5671809
610209,Title I - School Discretionary,138515.81810049998
610209,Title I - School Improvement Priority Initiative,181538.8067518
610209,Title I School Improvement & Accountability (Cohort 15) -4331-35,20218.985
610209,Workers'& Unemployment Compensation/Tort,173546.8921182
610212,Core Instructional Positions,1546478.2091588
610212,EBF - Bilingual Programs,103672.2963835
610212,General Education Fund,483362.4971272
610212,Lunchroom Fund,175491.5046119
610212,Mandated Parent Involvement,2059.0
610212,Need-Based Flexible Funding,350000.488695
610212,Special Education Fund,440400.584933
610212,Title I - District Initiatives - SIS,158218.3761573
610212,Title I - School Discretionary,61776.5
610212,Title I School Improvement & Accountability (Cohort 15) -4331-35,5499.8765
610212,Title IV Part A,124376.545216
610212,Title Ii - Tier I Support,15217.5
610212,Workers'& Unemployment Compensation/Tort,101923.57924009999
610213,Core Instructional Positions,2900642.7110343
610213,EBF - Bilingual Programs,58311.392548
610213,Early Childhood Instruction,24000.0
610213,General Education Fund,657164.0288631
610213,IDEA Part B Flow-Through  (LEA Flowthru Instruction),128288.7945739
610213,Lunchroom Fund,229024.88031590002
610213,Mandated Parent Involvement,5895.0
610213,Need-Based Flexible Funding,263130.3801036
610213,Preschool For All (locally funded),10150.0
610213,School and District Improvement Grant (Title 1003a) Cohort 18,20217.75
610213,Special Education Fund,1301126.480853
610213,State Preschool For All Age 3-5,970323.993333
610213,Title I - Child Parent Centers,366481.0537921
610213,Title I - District Initiatives - SIS,157361.6170425
610213,Title I - School Discretionary,159077.5287771
610213,Title I - School Improvement Priority Initiative,183716.3737732
610213,Workers'& Unemployment Compensation/Tort,157063.5784419
610215,Core Instructional Positions,1873217.0178868
610215,EBF - Bilingual Programs,160198.7983479
610215,General Education Fund,445457.5561791
610215,International Baccalaureate Program,160144.4159142
610215,Lunchroom Fund,170214.358274
610215,Mandated Parent Involvement,2774.0
610215,Need-Based Flexible Funding,199999.7992
610215,Special Education Fund,505992.9830285
610215,Title I - District Initiatives - SIS,164360.3539467
610215,Title I - School Discretionary,74860.284531
610215,Title I School Improvement & Accountability (Cohort 16) -4331-36,20217.5
610215,Workers'& Unemployment Compensation/Tort,86773.4460601
610216,Core Instructional Positions,1952115.9009346
610216,EBF - Bilingual Programs,162329.9697424
610216,Early Childhood Instruction,12000.0
610216,General Education Fund,475534.94884830003
610216,IDEA Part B Flow-Through  (LEA Flowthru Instruction),311095.6080497
610216,Lunchroom Fund,168592.41631
610216,Mandated Parent Involvement,1630.0
610216,Need-Based Flexible Funding,199999.6733
610216,Preschool For All (locally funded),975.0
610216,School and District Improvement Grant (Title 1003a) 27-4331-40,15217.5
610216,Special Education Fund,2609800.830797
610216,State Preschool For All Age 3-5,353018.8641593
610216,Title I - School Discretionary,50098.828
610216,Workers'& Unemployment Compensation/Tort,86520.79209979999
610216,World Language,127092.70359
610217,Core Instructional Positions,3407256.8723546
610217,EBF - Bilingual Programs,147757.6521184
610217,Early Childhood Instruction,24000.0
610217,General Education Fund,694551.0895519999
610217,Lunchroom Fund,214472.50746189998
610217,Mandated Parent Involvement,4708.4
610217,Need-Based Flexible Funding,279141.3675
610217,Preschool For All (locally funded),393443.1344861
610217,Special Education Fund,1846682.1287568
610217,Title I - District Initiatives - SIS,123120.145842
610217,Title I - School Discretionary,135292.35758070002
610217,Title Ii - Tier I Support,15217.5
610217,Workers'& Unemployment Compensation/Tort,80502.00127040001
610218,Core Instructional Positions,2032153.5806697
610218,Early Childhood Instruction,12000.0
610218,General Education Fund,682075.6515616
610218,Lunchroom Fund,173581.3384779
610218,Mandated Parent Involvement,4072.0
610218,Need-Based Flexible Funding,184854.07307
610218,Preschool For All (locally funded),600.0
610218,Special Education Fund,896567.608711
610218,State Preschool For All Age 3-5,197907.343547
610218,Title I - District Initiatives - SIS,156943.4553634
610218,Title I - School Discretionary,107398.9519383
610218,Title Ii - Tier I Support,15217.5
610218,Workers'& Unemployment Compensation/Tort,164237.7109417
610219,Core Instructional Positions,4135816.8859565
610219,Critical Language Initiative,129620.9347139
610219,EBF - Bilingual Programs,162957.1635424
610219,Early Childhood Instruction,24000.0
610219,General Education Fund,781844.615338
610219,IDEA Part B Flow-Through  (LEA Flowthru Instruction),284075.7442793
610219,Lunchroom Fund,222869.55449190002
610219,Mandated Parent Involvement,4365.0
610219,Need-Based Flexible Funding,327828.52921342803
610219,Preschool For All (locally funded),424017.283129
610219,Special Education Fund,1138556.128246
610219,Title I - District Initiatives - SIS,152681.4213024
610219,Title I - School Discretionary,135868.9207501
610219,Title Ii - Tier I Support,15217.5
610219,Workers'& Unemployment Compensation/Tort,144717.2661528
610220,CBA - Teacher Assistants K-2nd,127092.70359
610220,Core Instructional Positions,4450232.0011636
610220,EBF - Bilingual Programs,153036.5460224
610220,Early Childhood Instruction,12000.0
610220,General Education Fund,829723.4000146
610220,IDEA Part B Flow-Through  (LEA Flowthru Instruction),118948.4831669
610220,Internal Accounts Book Transfers,278778.8844704
610220,Lunchroom Fund,208385.7985339
610220,Need-Based Flexible Funding,344152.2573005
610220,Preschool For All (locally funded),600.0
610220,Special Education Fund,1917399.1842412
610220,State Preschool For All Age 3-5,254254.0973105
610220,Title Ii - Tier I Support,15217.5
610220,Workers'& Unemployment Compensation/Tort,146500.3714536
610221,Core Instructional Positions,1597962.6962133
610221,Early Childhood Instruction,37000.0
610221,General Education Fund,521966.1242311
610221,Lunchroom Fund,120069.5884339
610221,Mandated Parent Involvement,3028.0
610221,Need-Based Flexible Funding,274999.866085
610221,Preschool For All (locally funded),7500.0
610221,Special Education Fund,637638.856312
610221,State Preschool For All Age 3-5,480037.50241200003
610221,Title I - Child Parent Centers,171357.09931544
610221,Title I - School Discretionary,75760.955023
610221,Title Ii - Tier I Support,15217.5
610221,Workers'& Unemployment Compensation/Tort,188697.0253004
610223,Core Instructional Positions,2699018.1469788
610223,EBF - Bilingual Programs,116274.221836
610223,Early Childhood Instruction,24000.0
610223,General Education Fund,794833.7268120999
610223,IDEA Part B Flow-Through  (LEA Flowthru Instruction),296995.5909203
610223,Lunchroom Fund,209498.9605919
610223,Mandated Parent Involvement,5563.0
610223,Need-Based Flexible Funding,324400.09024459997
610223,Preschool For All (locally funded),1575.0
610223,School and District Improvement Grant (Title 1003a) 27--4331-41,50218.5
610223,Special Education Fund,3248604.5763327
610223,State Preschool For All Age 3-5,509643.61383389996
610223,Title I - District Initiatives,98065.1009906
610223,Title I - District Initiatives - SIS,130591.6688464
610223,Title I - School Discretionary,152635.0926919
610223,Title I - School Improvement Focus Initiative,141689.544324
610223,Title I - School Improvement Priority Initiative,178227.8540278
610223,Workers'& Unemployment Compensation/Tort,231948.93438949998
610225,Core Instructional Positions,1627805.8818009
610225,Early Childhood Instruction,12000.0
610225,General Education Fund,472077.11738059996
610225,IDEA Part B Flow-Through  (LEA Flowthru Instruction),144825.1480082
610225,Lunchroom Fund,80329.922752
610225,Mandated Parent Involvement,3320.0
610225,Need-Based Flexible Funding,199999.56035531
610225,Preschool For All (locally funded),600.0
610225,Special Education Fund,2341061.6325188
610225,State Preschool For All Age 3-5,185857.42854400002
610225,Title I - School Discretionary,86319.9560278
610225,Title Ii - Tier I Support,15217.5
610225,Workers'& Unemployment Compensation/Tort,90559.0311105
610226,Core Instructional Positions,4591861.0036369
610226,EBF - Bilingual Programs,300732.8420009
610226,Early Childhood Instruction,35999.9955127
610226,General Education Fund,866642.1678006
610226,IDEA Part B Flow-Through  (LEA Flowthru Instruction),115757.6183081
610226,Lunchroom Fund,357499.6651699
610226,Mandated Parent Involvement,7599.35
610226,Need-Based Flexible Funding,479564.66281434
610226,Preschool For All (locally funded),1800.0
610226,Special Education Fund,2255763.8456693
610226,State Preschool For All Age 3-5,620845.984823
610226,Title I - District Initiatives - SIS,206871.90703729997
610226,Title I - School Discretionary,212195.5214576
610226,Title I School Improvement & Accountability (Cohort 16) -4331-36,20217.9705
610226,Workers'& Unemployment Compensation/Tort,80502.00127040001
610227,Core Instructional Positions,3522470.0425071
610227,EBF - Bilingual Programs,313707.5661849
610227,Early Childhood Instruction,24000.00045541
610227,General Education Fund,657417.3794222
610227,IDEA Part B Flow-Through  (LEA Flowthru Instruction),135899.4371203
610227,Lunchroom Fund,339516.3799299
610227,Mandated Parent Involvement,5233.0
610227,Need-Based Flexible Funding,330828.25245484
610227,Preschool For All (locally funded),1575.0
610227,Special Education Fund,1525296.1062927
610227,State Preschool For All Age 3-5,581035.6486308
610227,Title I - District Initiatives - SIS,168210.4114366
610227,Title I - School Discretionary,148878.414247
610227,Title Ii - Tier I Support,15217.5
610227,Workers'& Unemployment Compensation/Tort,168023.2959903
610228,Core Instructional Positions,1605147.1722038
610228,EBF - Bilingual Programs,128198.6328572
610228,Early Childhood Instruction,12000.004835
610228,General Education Fund,460347.05142070004
610228,IDEA Part B Flow-Through  (LEA Flowthru Instruction),154442.0094413
610228,Lunchroom Fund,97765.326696
610228,Mandated Parent Involvement,1135.0
610228,Need-Based Flexible Funding,199999.50657699
610228,Preschool For All (locally funded),215107.4163441
610228,Special Education Fund,693814.375587
610228,Title I - School Discretionary,37382.29713536
610228,Title I School Improvement & Accountability (Cohort 16) -4331-36,50217.79713536
610228,Title III - Language Acquisition,124376.194542
610228,Workers'& Unemployment Compensation/Tort,66651.0103
610229,Core Instructional Positions,4302420.3644176
610229,EBF - Bilingual Programs,86236.8027664
610229,Early Childhood Instruction,12000.0
610229,General Education Fund,828940.4928508
610229,IDEA Part B Flow-Through  (LEA Flowthru Instruction),140290.619987
610229,Lunchroom Fund,191280.747494
610229,Need-Based Flexible Funding,329294.2908539
610229,Positions Allocated on Appeal,127092.70358999999
610229,Preschool For All (locally funded),245530.69802850002
610229,Regional Gifted Centers,188512.258234
610229,Special Education Fund,1476957.055342
610229,Title Ii - Tier I Support,15217.5
610229,Workers'& Unemployment Compensation/Tort,83539.1323798
610230,Core Instructional Positions,3066554.3673008
610230,EBF - Bilingual Programs,127092.70359
610230,Early Childhood Instruction,24000.0
610230,General Education Fund,643915.2471237
610230,IDEA Part B Flow-Through  (LEA Flowthru Instruction),165724.424159
610230,Internal Accounts Book Transfers,3043.5
610230,International Baccalaureate Program,341218.20092519996
610230,Lunchroom Fund,126840.2257219
610230,Need-Based Flexible Funding,217413.999999
610230,Preschool For All (locally funded),395040.6074086
610230,Special Education Fund,1868105.0789188
610230,Title Ii - Tier I Support,15217.5
610230,Workers'& Unemployment Compensation/Tort,70554.4206159
610231,Core Instructional Positions,4635232.6990928
610231,EBF - Bilingual Programs,75085.0654915
610231,Early Childhood Instruction,35999.9985425
610231,General Education Fund,871643.0670027001
610231,IDEA Part B Flow-Through  (LEA Flowthru Instruction),310525.8870929
610231,Lunchroom Fund,310856.2451299
610231,Mandated Parent Involvement,5103.0
610231,Need-Based Flexible Funding,414738.03159786
610231,Preschool For All (locally funded),641608.59739
610231,Regional Gifted Centers,177928.86156480003
610231,School and District Improvement Grant (Title 1003a) Cohort 22,31218.5
610231,Special Education Fund,2826811.5009765
610231,Title I - District Initiatives - SIS,302203.4278289
610231,Title I - School Discretionary,168024.3344594
610231,Title I - School Improvement Priority Initiative,134668.2157
610231,Workers'& Unemployment Compensation/Tort,226389.9167734
610234,AMERICAN DISABILITIES ACT(ADA),86975.47087019999
610234,CTU Sustainable Schools Initiative,81547.5207296
610234,Core Instructional Positions,1797839.469857
610234,EBF - Bilingual Programs,135503.0469659
610234,Early Childhood Instruction,12000.0
610234,General Education Fund,414689.0384127
610234,IDEA Part B Flow-Through  (LEA Flowthru Instruction),276398.2419223
610234,Lunchroom Fund,121518.425208
610234,Mandated Parent Involvement,2878.0
610234,Need-Based Flexible Funding,275000.47385739995
610234,Preschool For All (locally funded),975.0
610234,Special Education Fund,3092433.5657125004
610234,State Preschool For All Age 3-5,364745.3183077
610234,Title I - District Initiatives - SIS,145871.01294359998
610234,Title I - School Discretionary,78966.3
610234,Title Ii - Tier I Support,15217.5
610234,Workers'& Unemployment Compensation/Tort,212489.0688952
610235,CBA - Teacher Assistants K-2nd,127092.70359
610235,Core Instructional Positions,2978136.5841352
610235,EBF - Bilingual Programs,160517.03488
610235,Early Childhood Instruction,24000.006065
610235,General Education Fund,642307.6831514001
610235,IDEA Part B Flow-Through  (LEA Flowthru Instruction),158719.7301408
610235,Lunchroom Fund,223038.5438799
610235,Mandated Parent Involvement,3496.0
610235,Need-Based Flexible Funding,240219.86521329999
610235,Preschool For All (locally funded),1200.0
610235,Special Education Fund,1967766.176853
610235,State Preschool For All Age 3-5,459939.59387900005
610235,Title I - District Initiatives - SIS,170747.7065198
610235,Title I - School Discretionary,103687.63616980001
610235,Title I - School Improvement Priority Initiative,180430.0870288
610235,Title I School Improvement & Accountability (Cohort 16) -4331-36,30217.5
610235,Workers'& Unemployment Compensation/Tort,80502.00127040001
610237,Core Instructional Positions,1819488.2256081998
610237,Early Childhood Instruction,24000.0
610237,General Education Fund,638618.0276596
610237,IDEA Part B Flow-Through  (LEA Flowthru Instruction),115958.0543333
610237,Lunchroom Fund,153787.92882
610237,Mandated Parent Involvement,4554.0
610237,Need-Based Flexible Funding,210246.1299942
610237,Preschool For All (locally funded),1575.0
610237,Special Education Fund,1912675.0483518
610237,State Preschool For All Age 3-5,487421.21756049996
610237,Title I - District Initiatives,102416.1664767
610237,Title I - School Discretionary,116820.0722778
610237,Title I - School Improvement Priority Initiative,144352.5778634
610237,Title Ii - Tier I Support,15217.5
610237,Workers'& Unemployment Compensation/Tort,149562.48125
610238,Core Instructional Positions,1848215.4148016
610238,EBF - Bilingual Programs,69514.9243435
610238,Early Childhood Instruction,12000.0
610238,General Education Fund,476889.2787476
610238,IDEA Part B Flow-Through  (LEA Flowthru Instruction),294054.4636045
610238,Lunchroom Fund,169559.6503279
610238,Mandated Parent Involvement,3498.0
610238,Need-Based Flexible Funding,200000.25
610238,Preschool For All (locally funded),600.0
610238,School and District Improvement Grant (Title 1003a) Cohort 23,75217.5
610238,Special Education Fund,1279596.7957907
610238,State Preschool For All Age 3-5,255214.3673791
610238,Title I - School Discretionary,89738.951792
610238,Title I - School Improvement Priority Initiative,134668.2157
610238,Workers'& Unemployment Compensation/Tort,154638.90327860002
610239,Core Instructional Positions,3315735.2514712
610239,EBF - Bilingual Programs,300267.291316
610239,Early Childhood Instruction,24000.0
610239,General Education Fund,794423.9060943
610239,Lunchroom Fund,265416.02682190004
610239,Mandated Parent Involvement,4455.0
610239,Need-Based Flexible Funding,363790.50619248
610239,Preschool For All (locally funded),1200.0
610239,Special Education Fund,1165305.763544
610239,State Preschool For All Age 3-5,409629.150523
610239,Title I - District Initiatives - SIS,171564.86416640002
610239,Title I - School Discretionary,132125.1175931
610239,Title I School Improvement & Accountability (Cohort 16) -4331-36,20218.5
610239,Workers'& Unemployment Compensation/Tort,135576.8579393
610242,CBA - Teacher Assistants K-2nd,254185.40717
610242,Core Instructional Positions,2492866.4507022
610242,EBF - Bilingual Programs,132865.5529683
610242,Early Childhood Instruction,24000.0
610242,General Education Fund,667208.8625158
610242,IDEA Part B Flow-Through  (LEA Flowthru Instruction),102641.8322405
610242,Lunchroom Fund,214742.2186399
610242,Mandated Parent Involvement,3458.0
610242,Need-Based Flexible Funding,272858.105153
610242,Preschool For All (locally funded),916219.0416991999
610242,Special Education Fund,2491483.0939576
610242,Title I - District Initiatives - SIS,162026.95538740003
610242,Title I - School Discretionary,107614.4532427
610242,Title Ii - Tier I Support,15217.5
610242,Workers'& Unemployment Compensation/Tort,73524.4460601
610244,Athletic Directors,96342.4
610244,CBA - Teacher Assistants K-2nd,127092.70359
610244,Core Instructional Positions,2966681.5155249
610244,General Education Fund,776701.8126477001
610244,IDEA Part B Flow-Through  (LEA Flowthru Instruction),284782.1598075
610244,International Baccalaureate Program,170782.7854548
610244,Lunchroom Fund,274933.596654
610244,Mandated Parent Involvement,8127.0
610244,Need-Based Flexible Funding,728287.55145649
610244,R. O. T. C. Salaries,348218.41794
610244,School and District Improvement Grant (Title 1003a) Cohort 23,31218.5
610244,Special Education Fund,1652231.2270446
610244,Title I - District Initiatives - SIS,170673.8507533
610244,Title I - School Discretionary,202177.1941838
610244,Title IV Part A,133405.8285918
610244,Whole School Safety Plans,79999.85971120001
610244,Workers'& Unemployment Compensation/Tort,334550.2893798
610245,Athletic Director Stipends,60000.0
610245,Core Instructional Positions,1128437.5231747
610245,General Education Fund,542859.8066004
610245,IDEA Part B Flow-Through  (LEA Flowthru Instruction),167600.0072766
610245,Lunchroom Fund,132859.290392
610245,Mandated Parent Involvement,530.0
610245,Need-Based Flexible Funding,629999.5447216
610245,Special Education Fund,357399.2941892
610245,Title I - District Initiatives - SIS,108528.9918235
610245,Title I - School Discretionary,13271.51408046
610245,Title Ii - Tier I Support,15217.5
610245,Whole School Safety Plans,79999.6990645
610245,Workers'& Unemployment Compensation/Tort,144324.6969417
610246,Core Instructional Positions,7049408.3027971005
610246,Early Childhood Instruction,48000.0
610246,General Education Fund,1057504.4632332
610246,Lunchroom Fund,445263.838962
610246,Mandated Parent Involvement,11582.75
610246,Need-Based Flexible Funding,693659.1401279
610246,Preschool For All (locally funded),15425.0
610246,Regional Gifted Centers,183480.780099
610246,School and District Improvement Grant (Title 1003a) Cohort 22,31217.5
610246,Special Education Fund,4542978.0446043005
610246,State Preschool For All Age 3-5,1729198.2513050002
610246,Title I - Child Parent Centers,318129.784955
610246,Title I - District Initiatives,104645.34947059999
610246,Title I - District Initiatives - SIS,291268.2504456
610246,Title I - School Discretionary,326430.4586286
610246,Title I - School Improvement Priority Initiative,134668.2157
610246,Workers'& Unemployment Compensation/Tort,213888.7654262
610248,Core Instructional Positions,3317027.2662422
610248,EBF - Bilingual Programs,169340.52686
610248,Early Childhood Instruction,24000.0
610248,General Education Fund,782120.8588850001
610248,IDEA Part B Flow-Through  (LEA Flowthru Instruction),164734.79734639998
610248,Lunchroom Fund,314403.87182600005
610248,Mandated Parent Involvement,3542.0
610248,Need-Based Flexible Funding,456206.892247
610248,Preschool For All (locally funded),1200.0
610248,Special Education Fund,1979067.3856338
610248,State Preschool For All Age 3-5,443336.056406
610248,Title I - District Initiatives - SIS,131495.69125530001
610248,Title I - School Discretionary,114912.0683935
610248,Title Ii - Tier I Support,15217.5
610248,Workers'& Unemployment Compensation/Tort,72363.4694399
610249,CBA - Teacher Assistants K-2nd,127092.70359
610249,Core Instructional Positions,2080594.2222719
610249,EBF - Bilingual Programs,172473.8623752
610249,Early Childhood Instruction,37000.0
610249,General Education Fund,658502.9520479
610249,IDEA Part B Flow-Through  (LEA Flowthru Instruction),115447.304506
610249,Lunchroom Fund,110546.006902
610249,Mandated Parent Involvement,3572.0
610249,Need-Based Flexible Funding,234506.09227706
610249,Preschool For All (locally funded),1575.0
610249,Special Education Fund,1757633.9265937
610249,State Preschool For All Age 3-5,600491.942107
610249,Title I - District Initiatives - SIS,123156.5919225
610249,Title I - School Discretionary,99746.47848614
610249,Title Ii - Tier I Support,15217.5
610249,Workers'& Unemployment Compensation/Tort,151498.47457929997
610250,Core Instructional Positions,1817004.1607703
610250,EBF - Bilingual Programs,167394.866311
610250,Early Childhood Instruction,12000.0043462
610250,General Education Fund,642259.7154779
610250,IDEA Part B Flow-Through  (LEA Flowthru Instruction),120995.89236079999
610250,Lunchroom Fund,113255.9154939
610250,Mandated Parent Involvement,570.0
610250,Need-Based Flexible Funding,200000.0607476
610250,Preschool For All (locally funded),200432.8182106
610250,School and District Improvement Grant (Title 1003a) Cohort 23,31218.15
610250,Special Education Fund,854088.355438
610250,Title I - District Initiatives,191182.5390896
610250,Title I - District Initiatives - SIS,165006.8382153
610250,Title I - School Discretionary,28500.16923105
610250,Title III - Language Acquisition,162639.1945472
610250,Workers'& Unemployment Compensation/Tort,94281.83097000001
610251,Core Instructional Positions,2126828.3563954
610251,EBF - Bilingual Programs,63546.351792999994
610251,Early Childhood Instruction,12000.0
610251,General Education Fund,641440.2933094
610251,IDEA Part B Flow-Through  (LEA Flowthru Instruction),159799.0053454
610251,Lunchroom Fund,169226.41372
610251,Mandated Parent Involvement,4227.0
610251,Need-Based Flexible Funding,214297.550343104
610251,Preschool For All (locally funded),1950.0
610251,Special Education Fund,2764188.2664582
610251,State Preschool For All Age 3-5,810235.1289904
610251,Title I - District Initiatives - SIS,146710.5065292
610251,Title I - School Discretionary,111471.2949768
610251,Title I School Improvement & Accountability (Cohort 16) -4331-36,30218.25383716
610251,Workers'& Unemployment Compensation/Tort,185462.7116242
610252,CBA - Teacher Assistants K-2nd,125421.3128
610252,Core Instructional Positions,1536774.2302504
610252,Early Childhood Instruction,37000.0
610252,General Education Fund,596224.9306646
610252,IDEA Part B Flow-Through  (LEA Flowthru Instruction),288812.0282748
610252,Lunchroom Fund,179763.02787989998
610252,Mandated Parent Involvement,5157.0
610252,Need-Based Flexible Funding,195491.49365802
610252,Preschool For All (locally funded),1950.0
610252,Special Education Fund,3173710.3002786
610252,State Preschool For All Age 3-5,684964.4656934
610252,Title I - School Discretionary,130622.14461290001
610252,Title I - School Improvement Priority Initiative,134668.2157
610252,Title I School Improvement & Accountability (Cohort 16) -4331-36,30217.5
610252,Workers'& Unemployment Compensation/Tort,128529.3495066
610254,Core Instructional Positions,1499942.971025
610254,EBF - Bilingual Programs,54440.6179
610254,Early Childhood Instruction,36999.99535046
610254,General Education Fund,431845.0389883
610254,IDEA Part B Flow-Through  (LEA Flowthru Instruction),112711.51716370002
610254,Lunchroom Fund,162793.3990119
610254,Mandated Parent Involvement,3102.0
610254,Need-Based Flexible Funding,200000.07028289998
610254,Preschool For All (locally funded),1575.0
610254,School and District Improvement Grant (Title 1003a) Cohort 17,5500.0
610254,Special Education Fund,1009680.1578703
610254,State Preschool For All Age 3-5,560797.620576
610254,Title I - District Initiatives - SIS,142848.1882349
610254,Title I - School Discretionary,83725.4373642
610254,Title Ii - Tier I Support,15217.5
610254,Workers'& Unemployment Compensation/Tort,83539.1323798
610256,Core Instructional Positions,918674.3401058
610256,Early Childhood Instruction,24000.0
610256,General Education Fund,501468.5287624
610256,Lunchroom Fund,106149.9679779
610256,Mandated Parent Involvement,1395.0
610256,Need-Based Flexible Funding,200000.49638
610256,Preschool For All (locally funded),1575.0
610256,School and District Improvement Grant (Title 1003a) 27--4331-41,50217.5
610256,Special Education Fund,597561.905313
610256,State Preschool For All Age 3-5,587876.8154746
610256,Title I - School Discretionary,37350.30084
610256,Title I - School Improvement Priority Initiative,134668.2157
610256,Workers'& Unemployment Compensation/Tort,77464.2648798
610257,Core Instructional Positions,1734850.0330015
610257,EBF - Bilingual Programs,127092.70359
610257,Early Childhood Instruction,24000.0
610257,General Education Fund,605220.1498867
610257,IDEA Part B Flow-Through  (LEA Flowthru Instruction),129826.6080828
610257,Lunchroom Fund,178912.54634
610257,Mandated Parent Involvement,1428.25
610257,Need-Based Flexible Funding,187314.42369108
610257,Positions Allocated on Appeal,635463.51793
610257,Preschool For All (locally funded),1200.0
610257,Regional Gifted Centers,169502.3815407
610257,School and District Improvement Grant (Title 1003a) Cohort 22,31218.5
610257,Special Education Fund,1626409.018429
610257,State Preschool For All Age 3-5,407639.123576
610257,Title I - District Initiatives - SIS,111108.6601659
610257,Title I - School Discretionary,52273.0
610257,Workers'& Unemployment Compensation/Tort,149300.8978025
610263,Core Instructional Positions,3551552.6970997
610263,Early Childhood Instruction,36000.0
610263,General Education Fund,778682.3773431
610263,IDEA Part B Flow-Through  (LEA Flowthru Instruction),156458.4655625
610263,Lunchroom Fund,252691.2414219
610263,Mandated Parent Involvement,11446.0
610263,Need-Based Flexible Funding,374472.69382842
610263,Preschool For All (locally funded),1800.0
610263,Special Education Fund,2301905.6419776003
610263,State Preschool For All Age 3-5,647864.9374500001
610263,Title I - District Initiatives - SIS,160895.7729694
610263,Title I - School Discretionary,283128.0
610263,Title Ii - Tier I Support,15217.5
610263,Workers'& Unemployment Compensation/Tort,230304.3192732
610268,Core Instructional Positions,2634335.3406814
610268,EBF - Bilingual Programs,135922.9146027
610268,Early Childhood Instruction,24000.0
610268,General Education Fund,616626.3373654
610268,Lunchroom Fund,167239.571106
610268,Mandated Parent Involvement,2710.0
610268,Need-Based Flexible Funding,254577.4646198
610268,Preschool For All (locally funded),1200.0
610268,School and District Improvement Grant (Title 1003a) Cohort 18,30218.5
610268,Special Education Fund,1467156.397476
610268,State Preschool For All Age 3-5,443739.065589
610268,Title I - District Initiatives - SIS,154733.4087617
610268,Title I - School Discretionary,84346.6538786
610268,Workers'& Unemployment Compensation/Tort,167344.2331018
610269,CTU Sustainable Schools Initiative,108812.8366802
610269,Core Instructional Positions,1729094.5432669001
610269,EBF - Bilingual Programs,119483.373813
610269,Early Childhood Instruction,12000.0017636
610269,General Education Fund,587079.3337816
610269,IDEA Part B Flow-Through  (LEA Flowthru Instruction),260685.18033469998
610269,Lunchroom Fund,201925.747242
610269,Mandated Parent Involvement,2419.0
610269,Need-Based Flexible Funding,246782.24716630005
610269,Preschool For All (locally funded),707237.8419816
610269,Special Education Fund,3638732.8024408002
610269,Title I - District Initiatives - SIS,136064.6903875
610269,Title I - School Discretionary,71750.2261211
610269,Title IV Part A,184729.3196452
610269,Title Ii - Tier I Support,15217.5
610269,Workers'& Unemployment Compensation/Tort,244124.13329839997
610271,Core Instructional Positions,2066555.5197709
610271,Early Childhood Instruction,12000.0
610271,Full Service Community Schools 23,89900.64
610271,General Education Fund,491207.9818506
610271,Lunchroom Fund,195651.922814
610271,Mandated Parent Involvement,3494.0
610271,Need-Based Flexible Funding,160000.2381121
610271,Positions Allocated on Appeal,127092.70359
610271,Preschool For All (locally funded),600.0
610271,Special Education Fund,1630849.3662675
610271,State Preschool For All Age 3-5,232192.0634156
610271,Title I - School Discretionary,89058.53619589999
610271,Title Ii - Tier I Support,15217.5
610271,Workers'& Unemployment Compensation/Tort,171746.0958528
610274,Core Instructional Positions,1666035.6657117999
610274,EBF - Bilingual Programs,63546.351793
610274,Early Childhood Instruction,12000.0
610274,General Education Fund,443558.60991420003
610274,IDEA Part B Flow-Through  (LEA Flowthru Instruction),160237.36356939998
610274,Lunchroom Fund,118892.21219800001
610274,Mandated Parent Involvement,3200.0
610274,Need-Based Flexible Funding,200000.27190628002
610274,Preschool For All (locally funded),600.0
610274,Special Education Fund,1350027.5564893999
610274,State Preschool For All Age 3-5,194753.6798267
610274,Title I - District Initiatives,272793.2140371
610274,Title I - School Discretionary,83200.1753338
610274,Title Ii - Tier I Support,15217.5
610274,Workers'& Unemployment Compensation/Tort,154638.90327860002
610276,Core Instructional Positions,1687922.9234735998
610276,Early Childhood Instruction,12000.0
610276,General Education Fund,429540.7131521
610276,IDEA Part B Flow-Through  (LEA Flowthru Instruction),167740.2050611
610276,International Baccalaureate Program,140848.70757
610276,Lunchroom Fund,192455.85753
610276,Mandated Parent Involvement,3280.0
610276,Need-Based Flexible Funding,199999.72015
610276,Preschool For All (locally funded),600.0
610276,School and District Improvement Grant (Title 1003a) Cohort 17,30217.5
610276,Special Education Fund,952151.899845
610276,State Preschool For All Age 3-5,177586.43415170003
610276,Title I - School Discretionary,85280.5
610276,Title I - School Improvement Priority Initiative,172935.0084777
610276,Workers'& Unemployment Compensation/Tort,196205.4102113
610279,Core Instructional Positions,1957026.2179384
610279,Early Childhood Instruction,37000.0
610279,General Education Fund,444942.6699813
610279,IDEA Part B Flow-Through  (LEA Flowthru Instruction),168449.00014010002
610279,Lunchroom Fund,186360.4901239
610279,Mandated Parent Involvement,3655.0
610279,Need-Based Flexible Funding,275000.0912
610279,Personalized Learning,177545.04425099998
610279,Preschool For All (locally funded),1950.0
610279,School and District Improvement Grant (Title 1003a) Cohort 23,31217.68367485
610279,Special Education Fund,1691403.2529230001
610279,State Preschool For All Age 3-5,687693.24482
610279,Title I - District Initiatives - SIS,158977.193364
610279,Title I - School Discretionary,95697.46431909999
610279,Workers'& Unemployment Compensation/Tort,77464.2648798
610281,Core Instructional Positions,3526310.2467139
610281,EBF - Bilingual Programs,111188.74428540001
610281,Early Childhood Instruction,24000.0
610281,General Education Fund,813808.2980631
610281,IDEA Part B Flow-Through  (LEA Flowthru Instruction),118148.8163055
610281,Lunchroom Fund,130465.5196
610281,Mandated Parent Involvement,7239.0
610281,Need-Based Flexible Funding,340839.748263446
610281,Preschool For All (locally funded),1200.0
610281,School and District Improvement Grant (Title 1003a) Cohort 18,30218.10237583
610281,Special Education Fund,2267103.4240812
610281,State Preschool For All Age 3-5,427580.912746
610281,Title I - District Initiatives - SIS,161915.0279596
610281,Title I - School Discretionary,192336.7912841
610281,Title I - School Improvement Priority Initiative,183512.1749504
610281,Workers'& Unemployment Compensation/Tort,223425.991132
610282,Core Instructional Positions,1974016.6628541
610282,EBF - Bilingual Programs,109851.8652884
610282,Early Childhood Instruction,37000.0
610282,General Education Fund,623356.133606
610282,IDEA Part B Flow-Through  (LEA Flowthru Instruction),316569.7821159
610282,Lunchroom Fund,181977.980906
610282,Mandated Parent Involvement,4264.65
610282,Need-Based Flexible Funding,254174.8476335
610282,Preschool For All (locally funded),1575.0
610282,School and District Improvement Grant (Title 1003a) 27-4331-40,15217.5
610282,Special Education Fund,5149206.9121829
610282,State Preschool For All Age 3-5,529846.180445
610282,Title I - District Initiatives,120570.55763129999
610282,Title I - District Initiatives - SIS,125864.545216
610282,Title I - School Discretionary,117004.03875590001
610282,Workers'& Unemployment Compensation/Tort,72363.4694399
610284,Core Instructional Positions,3150061.0227536
610284,EBF - Bilingual Programs,171813.0617476
610284,Early Childhood Instruction,48000.0
610284,General Education Fund,673737.9218568
610284,Lunchroom Fund,253334.9310779
610284,Mandated Parent Involvement,3521.0
610284,Need-Based Flexible Funding,283459.1458761
610284,Preschool For All (locally funded),2775.0
610284,School and District Improvement Grant (Title 1003a) 27-4331-39,15217.5
610284,Special Education Fund,2436377.8631364997
610284,State Preschool For All Age 3-5,1051578.8757475
610284,Title I - District Initiatives - SIS,152551.3565571
610284,Title I - School Discretionary,108196.57893729
610284,Workers'& Unemployment Compensation/Tort,101923.57924009999
610287,Core Instructional Positions,2034503.1346463999
610287,EBF - Bilingual Programs,63546.351793
610287,Early Childhood Instruction,23999.996
610287,General Education Fund,654599.6590163
610287,IDEA Part B Flow-Through  (LEA Flowthru Instruction),321776.8851045
610287,Lunchroom Fund,71818.221096
610287,Mandated Parent Involvement,3555.35
610287,Need-Based Flexible Funding,213103.18054594
610287,Personalized Learning,180052.77939450002
610287,Preschool For All (locally funded),1575.0
610287,Special Education Fund,2366125.5060714004
610287,State Preschool For All Age 3-5,598809.177166
610287,Title I - District Initiatives - SIS,145915.36591750002
610287,Title I - School Discretionary,99275.6946508
610287,Title Ii - Tier I Support,15217.5
610287,Workers'& Unemployment Compensation/Tort,80502.0012704
610290,Core Instructional Positions,1656389.2857835
610290,EBF - Bilingual Programs,51116.6534448
610290,Early Childhood Instruction,12000.0
610290,General Education Fund,492709.08914949995
610290,IDEA Part B Flow-Through  (LEA Flowthru Instruction),173754.6447045
610290,Lunchroom Fund,209701.4426919
610290,Mandated Parent Involvement,3657.0
610290,Need-Based Flexible Funding,199999.99908289997
610290,Preschool For All (locally funded),600.0
610290,School and District Improvement Grant (Title 1003a) Cohort 23,75217.5
610290,Special Education Fund,1007320.2756989999
610290,State Preschool For All Age 3-5,195003.19664880002
610290,Title I - District Initiatives - SIS,160092.8409454
610290,Title I - School Discretionary,97175.8
610290,Workers'& Unemployment Compensation/Tort,153056.11696030002
610291,Core Instructional Positions,3615558.5992112
610291,EBF - Bilingual Programs,169432.7478076
610291,General Education Fund,849769.7928116
610291,IDEA Part B Flow-Through  (LEA Flowthru Instruction),315463.7907233
610291,Lunchroom Fund,415399.07971990004
610291,Mandated Parent Involvement,4954.0
610291,Need-Based Flexible Funding,370007.99433126
610291,Special Education Fund,1442549.7960935999
610291,Title I - District Initiatives - SIS,168851.6637401
610291,Title I - School Discretionary,148608.4142743
610291,Title Ii - Tier I Support,15217.5
610291,Workers'& Unemployment Compensation/Tort,242160.198004
610293,Core Instructional Positions,2115441.1228508
610293,EBF - Bilingual Programs,63546.351792999994
610293,Early Childhood Instruction,37000.0
610293,Full Service Community Schools 23,93280.64
610293,General Education Fund,771115.6295263
610293,IDEA Part B Flow-Through  (LEA Flowthru Instruction),157336.8700896
610293,Lunchroom Fund,238393.86540789998
610293,Mandated Parent Involvement,4149.0
610293,Need-Based Flexible Funding,307425.1950341
610293,Preschool For All (locally funded),440531.8214877
610293,School and District Improvement Grant (Title 1003a) 27-4331-40,15217.5
610293,Special Education Fund,1666627.602136
610293,Title I - Child Parent Centers,222571.14507294
610293,Title I - District Initiatives,165870.58601280002
610293,Title I - District Initiatives - SIS,118019.279796
610293,Title I - School Discretionary,109435.0
610293,Workers'& Unemployment Compensation/Tort,247777.44860479998
610295,Core Instructional Positions,1810185.1750022
610295,Early Childhood Instruction,37000.001187
610295,General Education Fund,498722.9064833
610295,IDEA Part B Flow-Through  (LEA Flowthru Instruction),131297.09850229998
610295,Lunchroom Fund,126504.9154939
610295,Mandated Parent Involvement,3999.0
610295,Need-Based Flexible Funding,200000.243673
610295,Positions Allocated on Appeal,202925.1663247
610295,Preschool For All (locally funded),1200.0
610295,School and District Improvement Grant (Title 1003a) Cohort 17,20217.75
610295,Special Education Fund,1629091.505902
610295,State Preschool For All Age 3-5,403069.625314
610295,Title I - District Initiatives - SIS,162805.0466829
610295,Title I - School Discretionary,101934.5707778
610295,Workers'& Unemployment Compensation/Tort,94281.83097000001
610298,Core Instructional Positions,2012201.1478273
610298,Early Childhood Instruction,37000.003195
610298,General Education Fund,597750.2128805
610298,Lunchroom Fund,96621.5968499
610298,Need-Based Flexible Funding,174180.322525
610298,Preschool For All (locally funded),1200.0
610298,Regional Gifted Centers,144061.5377821
610298,Special Education Fund,700560.794391
610298,State Preschool For All Age 3-5,457059.982173
610298,Title Ii - Tier I Support,15217.5
610298,Workers'& Unemployment Compensation/Tort,80502.0012704
610299,Core Instructional Positions,1559042.4653973
610299,EBF - Bilingual Programs,51116.6534448
610299,Early Childhood Instruction,12000.0
610299,General Education Fund,460980.9830518
610299,IDEA Part B Flow-Through  (LEA Flowthru Instruction),146710.5065292
610299,Lunchroom Fund,108269.425208
610299,Mandated Parent Involvement,3107.0
610299,Need-Based Flexible Funding,199999.93758479
610299,Preschool For All (locally funded),600.0
610299,School and District Improvement Grant (Title 1003a) Cohort 23,75218.5
610299,Special Education Fund,903787.2198920001
610299,State Preschool For All Age 3-5,200421.93322190002
610299,Title I - School Discretionary,81949.13870269999
610299,Title I - School Improvement Priority Initiative,134668.2157
610299,Workers'& Unemployment Compensation/Tort,86520.79209979999
610300,Core Instructional Positions,2038258.2504209
610300,EBF - Bilingual Programs,63546.351793
610300,Early Childhood Instruction,37000.0
610300,General Education Fund,661247.6111498
610300,IDEA Part B Flow-Through  (LEA Flowthru Instruction),112711.5171637
610300,Lunchroom Fund,199201.374684
610300,Mandated Parent Involvement,4760.0
610300,Need-Based Flexible Funding,216175.251793
610300,Preschool For All (locally funded),2550.0
610300,Special Education Fund,1759905.7619667999
610300,State Preschool For All Age 3-5,946041.538646
610300,Title I - District Initiatives - SIS,162784.8538936
610300,Title I - School Discretionary,123759.7783639
610300,Title Ii - Tier I Support,15217.5
610300,Workers'& Unemployment Compensation/Tort,77464.2648798
610304,Athletic Directors,103457.144
610304,Core Instructional Positions,2360735.5927564
610304,EBF - Bilingual Programs,114752.2906106
610304,General Education Fund,649172.5686808
610304,IDEA Part B Flow-Through  (LEA Flowthru Instruction),173379.3512196
610304,Lunchroom Fund,238704.605774
610304,Mandated Parent Involvement,4984.0
610304,Need-Based Flexible Funding,731117.088117
610304,R. O. T. C. Salaries,736886.3682
610304,Special Education Fund,704300.828607
610304,Special Override Positions,70104.34715
610304,Title I - District Initiatives - SIS,107049.7718263
610304,Title I - School Discretionary,132420.7640608
610304,Title Ii - Tier I Support,15217.5
610304,Workers'& Unemployment Compensation/Tort,137440.7962337
610305,Core Instructional Positions,2770948.944775
610305,EBF - Bilingual Programs,113860.42738970002
610305,Early Childhood Instruction,49000.0
610305,General Education Fund,814854.5175045
610305,IDEA Part B Flow-Through  (LEA Flowthru Instruction),119480.1712656
610305,Lunchroom Fund,245205.9974759
610305,Mandated Parent Involvement,5347.0
610305,Need-Based Flexible Funding,305219.0244371
610305,Preschool For All (locally funded),2925.0
610305,Special Education Fund,2205995.4498412
610305,State Preschool For All Age 3-5,975146.520572
610305,Title I - District Initiatives,181352.8597263
610305,Title I - District Initiatives - SIS,101589.20705509999
610305,Title I - School Discretionary,144302.67664666
610305,Title I School Improvement & Accountability (Cohort 16) -4331-36,30217.56928955
610305,Workers'& Unemployment Compensation/Tort,231500.38494190003
610308,Alternative and Specialty Schools Support,159999.5
610308,EBF - Bilingual Programs,84527.0850855
610308,General Education Fund,673028.6614335
610308,IDEA Part B Flow-Through  (LEA Flowthru Instruction),227174.26527
610308,Lunchroom Fund,119398.9679779
610308,Mandated Parent Involvement,1228.0
610308,Special Education Fund,4664726.1686068
610308,Specialty Schools,296340.8715378
610308,Title I - School Discretionary,32868.0
610308,Title Ii - Tier I Support,15217.5
610308,Workers'& Unemployment Compensation/Tort,83539.1323798
610312,Core Instructional Positions,1089489.1286351
610312,Early Childhood Instruction,12000.0
610312,General Education Fund,509731.5447674
610312,Lunchroom Fund,103053.51944
610312,Mandated Parent Involvement,932.0
610312,Need-Based Flexible Funding,160000.082816
610312,Preschool For All (locally funded),194573.4357413
610312,Special Education Fund,1009580.2896319999
610312,Title I - School Discretionary,26786.25757107
610312,Title Ii - Tier I Support,15217.5
610312,Workers'& Unemployment Compensation/Tort,98005.87922039999
610313,Core Instructional Positions,2427004.5051982002
610313,EBF - Bilingual Programs,161846.4314424
610313,Early Childhood Instruction,24000.0
610313,General Education Fund,622679.9647133
610313,IDEA Part B Flow-Through  (LEA Flowthru Instruction),143326.7579625
610313,International Baccalaureate Program,184086.24865899998
610313,Lunchroom Fund,237211.817534
610313,Mandated Parent Involvement,5790.0
610313,Need-Based Flexible Funding,214204.70515253
610313,Personalized Learning,138695.3915768
610313,Preschool For All (locally funded),867830.4137579
610313,School and District Improvement Grant (Title 1003a) 27-4331-40,50218.0
610313,Special Education Fund,3529130.639912
610313,Title I - Child Parent Centers,381723.50519714
610313,Title I - District Initiatives,98666.15598109999
610313,Title I - District Initiatives - SIS,142246.44195089999
610313,Title I - School Discretionary,144886.1540384
610313,Title I - School Improvement Priority Initiative,155345.5459774
610313,Workers'& Unemployment Compensation/Tort,251333.57039429998
610315,Core Instructional Positions,1550250.8737933
610315,Early Childhood Instruction,12000.0
610315,General Education Fund,439616.518023
610315,Lunchroom Fund,103053.51944
610315,Mandated Parent Involvement,1863.0
610315,Need-Based Flexible Funding,274999.9315
610315,Preschool For All (locally funded),600.0
610315,Special Education Fund,772012.950343
610315,State Preschool For All Age 3-5,207819.1154915
610315,Title I - School Discretionary,47789.95
610315,Title Ii - Tier I Support,15217.5
610315,Workers'& Unemployment Compensation/Tort,64215.2648798
610316,Core Instructional Positions,1971036.9502077
610316,General Education Fund,442805.9603683
610316,Lunchroom Fund,89621.78129300001
610316,Mandated Parent Involvement,1249.0
610316,Need-Based Flexible Funding,159999.6527079
610316,Special Education Fund,767693.691572
610316,Title I - School Discretionary,42457.20822388
610316,Title IV Part A,181420.0168748
610316,Title Ii - Tier I Support,15217.5
610316,Workers'& Unemployment Compensation/Tort,161004.0025409
610317,CTU Sustainable Schools Initiative,110402.6567292
610317,Core Instructional Positions,2188583.1889668
610317,EBF - Bilingual Programs,161947.94147000002
610317,Early Childhood Instruction,12000.00182854
610317,General Education Fund,667807.1442154
610317,IDEA Part B Flow-Through  (LEA Flowthru Instruction),165006.8382153
610317,Lunchroom Fund,164020.865094
610317,Mandated Parent Involvement,2914.0
610317,Need-Based Flexible Funding,226056.9999947
610317,Preschool For All (locally funded),600.0
610317,Special Education Fund,1522135.9289642
610317,State Preschool For All Age 3-5,228143.5358562
610317,Title I - District Initiatives - SIS,160869.18024
610317,Title I - School Discretionary,85499.0002906
610317,Title I School Improvement & Accountability (Cohort 16) -4331-36,20218.0425
610317,Workers'& Unemployment Compensation/Tort,86773.4460601
610319,Core Instructional Positions,1349381.6819058
610319,Critical Language Initiative,170850.2642476
610319,EBF - Bilingual Programs,149263.1371424
610319,General Education Fund,528221.535933
610319,Lunchroom Fund,124806.8867779
610319,Mandated Parent Involvement,1711.0
610319,Need-Based Flexible Funding,350000.036
610319,Special Education Fund,787575.1046130001
610319,Title I - School Discretionary,50749.75
610319,Title IV Part A,146783.6583475
610319,Title Ii - Tier I Support,15217.5
610319,Workers'& Unemployment Compensation/Tort,77464.2648798
610323,Athletic Director Stipends,60000.0
610323,CTU Sustainable Schools Initiative,181276.224052
610323,Core Instructional Positions,1697313.1172129
610323,EBF - Bilingual Programs,150170.1309786
610323,General Education Fund,796865.8633076
610323,IDEA Part B Flow-Through  (LEA Flowthru Instruction),148689.0382626
610323,Lunchroom Fund,285203.73745400005
610323,Mandated Parent Involvement,2283.0
610323,Need-Based Flexible Funding,480000.34279953997
610323,R. O. T. C. Salaries,265007.39020310005
610323,School and District Improvement Grant (Title 1003a) Cohort 18,30218.202318159998
610323,Special Education Fund,1653519.0075577
610323,Title I - District Initiatives,103939.28493309999
610323,Title I - District Initiatives - SIS,122274.29097910001
610323,Title I - School Discretionary,71050.6589853
610323,Title I - School Improvement Priority Initiative,179489.0703008
610323,Whole School Safety Plans,80000.05787019999
610323,Workers'& Unemployment Compensation/Tort,500285.36362799996
610325,Core Instructional Positions,3231611.3704493
610325,EBF - Bilingual Programs,167394.866311
610325,Early Childhood Instruction,24000.0
610325,General Education Fund,649897.8947641001
610325,IDEA Part B Flow-Through  (LEA Flowthru Instruction),161916.92495309998
610325,Lunchroom Fund,339912.445664
610325,Mandated Parent Involvement,5283.0
610325,Need-Based Flexible Funding,260118.12363380002
610325,Preschool For All (locally funded),477401.989971
610325,Special Education Fund,2548253.848017
610325,Title I - District Initiatives - SIS,127709.13463110001
610325,Title I - School Discretionary,144931.5
610325,Title III - Language Acquisition,161426.05642409998
610325,Title Ii - Tier I Support,15217.5
610325,Workers'& Unemployment Compensation/Tort,173294.2381579
610329,Core Instructional Positions,1950427.0109427
610329,EBF - Bilingual Programs,147216.5162
610329,General Education Fund,471923.7088826
610329,Lunchroom Fund,219684.123906
610329,Mandated Parent Involvement,1508.0
610329,Need-Based Flexible Funding,200000.15119520001
610329,Preschool For All (locally funded),975.0
610329,Regional Gifted Centers - ELL,184380.6127231
610329,Special Education Fund,893499.4185135
610329,State Preschool For All Age 3-5,323540.0211874
610329,Title I - District Initiatives - SIS,136477.939852
610329,Title I - School Discretionary,50440.0
610329,Title Ii - Tier I Support,15217.5
610329,Workers'& Unemployment Compensation/Tort,74136.9020097
610334,Athletic Director Stipends,60000.0
610334,Core Instructional Positions,1384479.5509761
610334,General Education Fund,467258.9233604
610334,IDEA Part B Flow-Through  (LEA Flowthru Instruction),139415.4534044
610334,Lunchroom Fund,170146.559588
610334,Mandated Parent Involvement,1459.0
610334,Need-Based Flexible Funding,480000.0324005
610334,Special Education Fund,2007069.7157452
610334,Title I - District Initiatives - SIS,115958.0543333
610334,Title I - School Discretionary,36302.39118766
610334,Title Ii - Tier I Support,15217.5
610334,Whole School Safety Plans,80000.43320900001
610334,Workers'& Unemployment Compensation/Tort,211223.8201859
610339,Core Instructional Positions,2241838.9696699
610339,EBF - Bilingual Programs,164442.5688669
610339,Early Childhood Instruction,12000.0
610339,General Education Fund,701953.0431121
610339,IDEA Part B Flow-Through  (LEA Flowthru Instruction),115151.30939309999
610339,Lunchroom Fund,211525.9309039
610339,Mandated Parent Involvement,4581.0
610339,Need-Based Flexible Funding,272412.76301540004
610339,Preschool For All (locally funded),1950.0
610339,School and District Improvement Grant (Title 1003a) 27--4331-41,15217.5
610339,Special Education Fund,2059896.7949775
610339,State Preschool For All Age 3-5,636016.419298
610339,Title I - District Initiatives - SIS,136143.94232
610339,Title I - School Discretionary,123617.1140262
610339,Workers'& Unemployment Compensation/Tort,80139.55632460001
610340,Athletic Directors,109236.9025
610340,Core Instructional Positions,4094863.6262005
610340,EBF - Bilingual Programs,130013.7892672
610340,General Education Fund,839187.4568735
610340,IDEA Part B Flow-Through  (LEA Flowthru Instruction),259401.8241271
610340,Mandated Parent Involvement,5421.0
610340,Need-Based Flexible Funding,837709.6176822999
610340,Special Education Fund,1604783.9080538999
610340,Title I - District Initiatives - SIS,123120.145842
610340,Title I - School Discretionary,159036.7161812
610340,Title Ii - Tier I Support,15217.5
610340,Workers'& Unemployment Compensation/Tort,154928.5297559
610342,Core Instructional Positions,2223601.703945
610342,EBF - Bilingual Programs,154724.47834
610342,Early Childhood Instruction,24000.0
610342,General Education Fund,643732.0733424
610342,IDEA Part B Flow-Through  (LEA Flowthru Instruction),123120.145842
610342,Lunchroom Fund,176000.4792099
610342,Mandated Parent Involvement,3185.0
610342,Need-Based Flexible Funding,198636.489655
610342,Positions Allocated on Appeal,381278.11076
610342,Preschool For All (locally funded),529013.8235109
610342,School and District Improvement Grant (Title 1003a) Cohort 22,75217.74853109999
610342,Special Education Fund,1354996.6195836
610342,Title I - School Discretionary,89745.3828603
610342,Title I - School Improvement Priority Initiative,134668.2157
610342,Title III - Language Acquisition,146258.39044480002
610342,Workers'& Unemployment Compensation/Tort,80502.0012704
610345,Core Instructional Positions,1750952.5320792
610345,Early Childhood Instruction,12000.0
610345,General Education Fund,701871.0238655
610345,IDEA Part B Flow-Through  (LEA Flowthru Instruction),150855.4700044
610345,Lunchroom Fund,218246.245556
610345,Mandated Parent Involvement,5200.0
610345,Need-Based Flexible Funding,208717.185815
610345,Preschool For All (locally funded),600.0
610345,School and District Improvement Grant (Title 1003a) Cohort 17,30217.5
610345,Special Education Fund,2579846.8411466
610345,State Preschool For All Age 3-5,168534.9369993
610345,Title I - School Discretionary,131705.1069591
610345,Title I - School Improvement Priority Initiative,184748.7415628
610345,Workers'& Unemployment Compensation/Tort,167275.4473287
610347,CBA - Teacher Assistants K-2nd,62710.6564
610347,Core Instructional Positions,2005410.0298384
610347,EBF - Bilingual Programs,119636.32036549998
610347,Early Childhood Instruction,12000.0
610347,General Education Fund,687150.3231576
610347,IDEA Part B Flow-Through  (LEA Flowthru Instruction),293240.65227190003
610347,Lunchroom Fund,218247.48142190004
610347,Mandated Parent Involvement,4698.0
610347,Need-Based Flexible Funding,209225.0
610347,Preschool For All (locally funded),600.0
610347,School and District Improvement Grant (Title 1003a) Cohort 22,31218.5
610347,Special Education Fund,3793555.7431069
610347,State Preschool For All Age 3-5,197369.1341667
610347,Title I - District Initiatives,98065.1009906
610347,Title I - District Initiatives - SIS,125864.545216
610347,Title I - School Discretionary,118260.1467216
610347,Title I - School Improvement Priority Initiative,175156.1335462
610347,Workers'& Unemployment Compensation/Tort,187683.54982000001
610350,Core Instructional Positions,2920346.2763044
610350,General Education Fund,772536.009542
610350,Lunchroom Fund,195935.615003
610350,Mandated Parent Involvement,3261.0
610350,Need-Based Flexible Funding,253529.9549446
610350,Special Education Fund,1390722.069127
610350,Title I - District Initiatives - SIS,167048.4369849
610350,Title I - School Discretionary,100197.85348820001
610350,Title Ii - Tier I Support,15217.5
610350,Workers'& Unemployment Compensation/Tort,161003.3972557
610352,Core Instructional Positions,4093183.5617082003
610352,Critical Language Initiative,103298.8524278
610352,EBF - Bilingual Programs,154798.31653830002
610352,Early Childhood Instruction,61000.0035643
610352,General Education Fund,822173.4045691
610352,IDEA Part B Flow-Through  (LEA Flowthru Instruction),118800.29653169999
610352,Lunchroom Fund,202294.52202190002
610352,Mandated Parent Involvement,4182.0
610352,Need-Based Flexible Funding,369689.9384616
610352,Preschool For All (locally funded),1712407.1236929998
610352,Special Education Fund,2031726.0271376
610352,Title I - District Initiatives - SIS,154873.5161401
610352,Title I - School Discretionary,135659.6899508
610352,Title Ii - Tier I Support,15217.5
610352,Workers'& Unemployment Compensation/Tort,148273.8040178
610353,Core Instructional Positions,3924799.3466947
610353,Critical Language Initiative,126063.1352935
610353,EBF - Bilingual Programs,335401.7431792
610353,Early Childhood Instruction,12000.0
610353,General Education Fund,959180.3724049999
610353,IDEA Part B Flow-Through  (LEA Flowthru Instruction),140971.5182976
610353,Lunchroom Fund,279183.4660519
610353,Mandated Parent Involvement,6218.0
610353,Need-Based Flexible Funding,392230.8248816
610353,Preschool For All (locally funded),1950.0
610353,Special Education Fund,1951508.0133054
610353,State Preschool For All Age 3-5,767509.6182254
610353,Title I - District Initiatives - SIS,133461.5065292
610353,Title I - School Discretionary,173614.6628357
610353,Title Ii - Tier I Support,15217.5
610353,Workers'& Unemployment Compensation/Tort,161003.3972557
610354,Core Instructional Positions,1864003.3434579999
610354,EBF - Bilingual Programs,159873.7917714
610354,General Education Fund,660932.2123922
610354,IDEA Part B Flow-Through  (LEA Flowthru Instruction),123120.145842
610354,Lunchroom Fund,266267.539686
610354,Mandated Parent Involvement,1428.0
610354,Need-Based Flexible Funding,208097.1855843
610354,Preschool For All (locally funded),975.0
610354,School and District Improvement Grant (Title 1003a) 27-4331-40,15217.5
610354,Special Education Fund,1373686.3761381
610354,State Preschool For All Age 3-5,353084.4490966
610354,Title I - District Initiatives - SIS,129826.6080828
610354,Title I - School Discretionary,51239.56947419
610354,Workers'& Unemployment Compensation/Tort,155169.7329786
610355,Cellular Revenue,37567.885211550005
610355,Core Instructional Positions,1711661.9429025
610355,EBF - Bilingual Programs,171642.5090476
610355,Early Childhood Instruction,36999.999702
610355,General Education Fund,452019.74392740004
610355,IDEA Part B Flow-Through  (LEA Flowthru Instruction),266161.9419532
610355,Lunchroom Fund,116781.12686399999
610355,Mandated Parent Involvement,2720.0
610355,Need-Based Flexible Funding,234999.81684
610355,Preschool For All (locally funded),690764.168548
610355,Special Education Fund,3334982.7593901
610355,Title I - Child Parent Centers,211518.7211081
610355,Title I - District Initiatives - SIS,167500.3943466
610355,Title I - School Discretionary,74632.8624899
610355,Title I School Improvement & Accountability (Cohort 15) -4331-35,20218.0
610355,Workers'& Unemployment Compensation/Tort,164237.7109417
610357,Athletic Director Stipends,60000.0
610357,CPS Community Schools Initiative,106087.87437260001
610357,Core Instructional Positions,1241861.2339879
610357,EBF - Bilingual Programs,63546.351793
610357,General Education Fund,386192.3005499
610357,IDEA Part B Flow-Through  (LEA Flowthru Instruction),118901.63412080001
610357,Mandated Parent Involvement,547.0
610357,Need-Based Flexible Funding,479999.618739
610357,Special Education Fund,764556.78125
610357,Title I - District Initiatives - SIS,125864.545216
610357,Title I - School Discretionary,16416.16520907
610357,Title Ii - Tier I Support,15217.5
610357,Workers'& Unemployment Compensation/Tort,94281.83097000001
610362,Core Instructional Positions,1812902.9051871
610362,Early Childhood Instruction,37000.0
610362,General Education Fund,512528.4793214
610362,IDEA Part B Flow-Through  (LEA Flowthru Instruction),158286.3445194
610362,Lunchroom Fund,162196.2119679
610362,Mandated Parent Involvement,2856.0
610362,Need-Based Flexible Funding,160000.5
610362,Positions Allocated on Appeal,127092.70358999999
610362,Preschool For All (locally funded),1200.0
610362,School and District Improvement Grant (Title 1003a) Cohort 18,5500.0
610362,Special Education Fund,988828.491788
610362,State Preschool For All Age 3-5,434645.453466
610362,Title I - School Discretionary,75332.1413648
610362,Title Ii - Tier I Support,15217.5
610362,Workers'& Unemployment Compensation/Tort,60887.902009699996
610363,CBA - Teacher Assistants K-2nd,254185.40718
610363,Core Instructional Positions,8344587.169388
610363,Critical Language Initiative,275025.0906101
610363,EBF - Bilingual Programs,169054.3532452
610363,Early Childhood Instruction,36000.0
610363,FACILITRO,1014.5
610363,General Education Fund,926275.365517
610363,IDEA Part B Flow-Through  (LEA Flowthru Instruction),254240.3363612
610363,Internal Accounts Book Transfers,420508.398294
610363,Lunchroom Fund,421190.7914899
610363,Mandated Parent Involvement,8353.05
610363,Need-Based Flexible Funding,700831.1734664
610363,Preschool For All (locally funded),1800.0
610363,School Parking Lot Rental,9130.5
610363,Special Education Fund,2375513.7598882
610363,State Preschool For All Age 3-5,658085.756219
610363,Title I - District Initiatives - SIS,277345.5786836
610363,Title I - School Discretionary,275056.73702323
610363,Title Ii - Tier I Support,15217.5
610363,Workers'& Unemployment Compensation/Tort,236358.0461145
610364,Core Instructional Positions,1796421.8604544
610364,Early Childhood Instruction,12000.00296
610364,General Education Fund,504129.6003927
610364,IDEA Part B Flow-Through  (LEA Flowthru Instruction),176761.00816370003
610364,Lunchroom Fund,51147.386752
610364,Mandated Parent Involvement,3094.0
610364,Need-Based Flexible Funding,200000.29701839
610364,Positions Allocated on Appeal,127092.70359
610364,Preschool For All (locally funded),600.0
610364,Special Education Fund,1126106.246425
610364,State Preschool For All Age 3-5,211867.971149
610364,Title I - School Discretionary,78865.4968135
610364,Title Ii - Tier I Support,15217.5
610364,Workers'& Unemployment Compensation/Tort,79720.83415
610366,Core Instructional Positions,1818502.42519685
610366,Early Childhood Instruction,12000.0
610366,General Education Fund,474380.279614
610366,Lunchroom Fund,85611.96176800001
610366,Mandated Parent Involvement,1869.0
610366,Need-Based Flexible Funding,159999.81302
610366,Preschool For All (locally funded),600.0
610366,Special Education Fund,2048104.596271
610366,State Preschool For All Age 3-5,237380.4027856
610366,Title I - School Discretionary,54268.159531599995
610366,Title Ii - Tier I Support,15217.5
610366,Workers'& Unemployment Compensation/Tort,77464.2648798
610367,CTU Sustainable Schools Initiative,169580.6165842
610367,Core Instructional Positions,2287536.5043684
610367,EBF - Bilingual Programs,58311.392548
610367,Early Childhood Instruction,37000.0
610367,General Education Fund,790073.1006946
610367,IDEA Part B Flow-Through  (LEA Flowthru Instruction),126725.1402047
610367,International Baccalaureate Program,144363.6543187
610367,Lunchroom Fund,172938.196252
610367,Mandated Parent Involvement,5900.0
610367,Need-Based Flexible Funding,284827.79989961
610367,Preschool For All (locally funded),1575.0
610367,Special Education Fund,3713479.766822
610367,State Preschool For All Age 3-5,600748.0141714
610367,Title I - District Initiatives,102416.16647669999
610367,Title I - District Initiatives - SIS,109611.7964919
610367,Title I - School Discretionary,151334.95461716
610367,Title I - School Improvement Priority Initiative,123353.574102
610367,Title I School Improvement & Accountability (Cohort 16) -4331-36,30218.37284972
610367,Workers'& Unemployment Compensation/Tort,140826.3926324
610368,Core Instructional Positions,2479068.1530056
610368,EBF - Bilingual Programs,63546.351793
610368,Early Childhood Instruction,11999.99935071
610368,General Education Fund,736176.7189089
610368,IDEA Part B Flow-Through  (LEA Flowthru Instruction),305451.5716816
610368,Lunchroom Fund,214782.1997339
610368,Mandated Parent Involvement,4489.5
610368,Need-Based Flexible Funding,237993.9906404
610368,Preschool For All (locally funded),1950.0
610368,School and District Improvement Grant (Title 1003a) Cohort 17,30217.71945692
610368,Special Education Fund,3469931.2521467
610368,State Preschool For All Age 3-5,843312.3976699
610368,Title I - District Initiatives,263759.5253456
610368,Title I - District Initiatives - SIS,170373.6165434
610368,Title I - School Discretionary,121155.073
610368,Workers'& Unemployment Compensation/Tort,168418.7329786
610369,Core Instructional Positions,2027482.6174822
610369,Early Childhood Instruction,37000.0
610369,General Education Fund,678524.9419026
610369,Lunchroom Fund,186935.7571539
610369,Mandated Parent Involvement,4300.0
610369,Need-Based Flexible Funding,214176.6385804
610369,Preschool For All (locally funded),1575.0
610369,School and District Improvement Grant (Title 1003a) Cohort 23,75217.5
610369,Special Education Fund,3440805.9707795
610369,State Preschool For All Age 3-5,568306.119357
610369,Title I - School Discretionary,111800.0
610369,Title I - School Improvement Priority Initiative,134668.2157
610369,Workers'& Unemployment Compensation/Tort,86773.4460601
610380,Core Instructional Positions,1410021.4574095
610380,General Education Fund,493487.40873009997
610380,Lunchroom Fund,122977.725248
610380,Mandated Parent Involvement,1237.5
610380,Need-Based Flexible Funding,479999.6803817
610380,Special Education Fund,516953.79542930005
610380,Title I - District Initiatives - SIS,171565.2301742
610380,Title I - School Discretionary,32413.84666445
610380,Title Ii - Tier I Support,15217.5
610380,Whole School Safety Plans,39999.8804751
610380,Workers'& Unemployment Compensation/Tort,307794.000476
610381,Athletic Director Stipends,60000.0
610381,Core Instructional Positions,1334892.8231177
610381,General Education Fund,481936.9536292
610381,IDEA Part B Flow-Through  (LEA Flowthru Instruction),144621.43371389998
610381,International Baccalaureate Program,151151.2137091
610381,Mandated Parent Involvement,1937.0
610381,Need-Based Flexible Funding,480000.35588235
610381,Special Education Fund,1348205.8253402
610381,Title I - District Initiatives - SIS,122256.15359510001
610381,Title I - School Discretionary,49358.0
610381,Title Ii - Tier I Support,15217.5
610381,Whole School Safety Plans,40000.241088
610381,Workers'& Unemployment Compensation/Tort,77464.2648798
610383,Core Instructional Positions,1622110.3177639
610383,EBF - Bilingual Programs,139956.8627911
610383,General Education Fund,465031.0994371
610383,IDEA Part B Flow-Through  (LEA Flowthru Instruction),124278.0320322
610383,Lunchroom Fund,359792.932466
610383,Mandated Parent Involvement,2343.0
610383,Need-Based Flexible Funding,480000.2325064
610383,School and District Improvement Grant (Title 1003a) Cohort 18,5500.0
610383,Special Education Fund,612895.740656
610383,Title I - District Initiatives - SIS,173513.5814934
610383,Title I - School Discretionary,66030.4235423
610383,Title Ii - Tier I Support,15217.5
610384,Core Instructional Positions,2965704.4161653
610384,EBF - Bilingual Programs,146045.7733914
610384,General Education Fund,648817.1091155
610384,Mandated Parent Involvement,5311.0
610384,Need-Based Flexible Funding,632695.8416875
610384,Special Education Fund,1292412.2881129999
610384,Title I - District Initiatives - SIS,124703.751062
610384,Title I - School Discretionary,143317.5982929
610384,Title IV Part A,169059.4640708
610384,Title Ii - Tier I Support,15217.5
610385,Core Instructional Positions,1785037.1746156
610385,EBF - Bilingual Programs,155986.8548983
610385,General Education Fund,463497.86720499996
610385,IDEA Part B Flow-Through  (LEA Flowthru Instruction),129502.4533969
610385,Mandated Parent Involvement,1708.0
610385,Need-Based Flexible Funding,479999.75319029996
610385,School and District Improvement Grant (Title 1003a) Cohort 18,30217.8875
610385,Special Education Fund,1171720.0128361
610385,Title I - District Initiatives - SIS,171672.8917933
610385,Title I - School Discretionary,54607.3516335
610386,Alternative Schools Dropouts,592047.3257782
610386,Alternative and Specialty Schools Support,439999.7439156
610386,EBF - Bilingual Programs,120123.3564678
610386,General Education Fund,978741.7430606
610386,Lunchroom Fund,98980.12379
610386,Mandated Parent Involvement,621.0
610386,Positions Allocated on Appeal,381278.11077
610386,Special Education Fund,1022500.8224239999
610386,Title I - District Initiatives,2156699.0685877
610386,Title I - District Initiatives - SIS,131951.40655800002
610386,Title I - School Discretionary,22712.0
610386,Title I - School Improvement Priority Initiative,152131.9882814
610386,Title Ii - Tier I Support,15217.5
610386,Workers'& Unemployment Compensation/Tort,267062.5503147
610389,Athletic Director Stipends,60000.0
610389,Core Instructional Positions,1794857.2929955
610389,EBF - Bilingual Programs,122242.24871379999
610389,General Education Fund,791575.4462896
610389,IDEA Part B Flow-Through  (LEA Flowthru Instruction),219072.8165333
610389,Lunchroom Fund,460472.681666
610389,Mandated Parent Involvement,1809.6
610389,Need-Based Flexible Funding,561163.95132012
610389,School and District Improvement Grant (Title 1003a) Cohort 17,30218.274729869998
610389,Special Education Fund,854315.4052842
610389,Title I - District Initiatives - SIS,173513.6695288
610389,Title I - School Discretionary,60528.364914100006
610389,Title I - School Improvement Priority Initiative,184127.7836488
610389,Whole School Safety Plans,80000.02292372001
610389,Workers'& Unemployment Compensation/Tort,331061.989902
610390,Athletic Directors,117901.912
610390,CBA - Teacher Assistants K-2nd,127092.70359
610390,Core Instructional Positions,3640802.7825322
610390,EBF - Bilingual Programs,102233.3068888
610390,General Education Fund,828351.6621349
610390,IDEA Part B Flow-Through  (LEA Flowthru Instruction),146351.5076247
610390,Lunchroom Fund,179933.281496
610390,Mandated Parent Involvement,4111.17843
610390,Need-Based Flexible Funding,789137.3978569
610390,R. O. T. C. Salaries,884466.276211
610390,Special Education Fund,1207816.495947
610390,Special Override Positions,72659.0
610390,Title I - District Initiatives - SIS,161042.0861694
610390,Title I - School Discretionary,131462.0253333
610390,Title Ii - Tier I Support,15217.5
610390,Workers'& Unemployment Compensation/Tort,199240.0688952
610391,Athletic Directors,92858.4
610391,CBA - Teacher Assistants K-2nd,63546.351793
610391,Core Instructional Positions,7818399.2578667
610391,Critical Language Initiative,216812.86073490002
610391,EBF - Bilingual Programs,88125.89151799999
610391,FACILITRO,1014.5
610391,General Education Fund,1014486.937417
610391,IDEA Part B Flow-Through  (LEA Flowthru Instruction),276283.2079839
610391,Internal Accounts Book Transfers,43442.546578
610391,Lunchroom Fund,263225.593428
610391,Mandated Parent Involvement,5852.0
610391,Need-Based Flexible Funding,1745172.0367485
610391,Positions Allocated on Appeal,190639.0553755
610391,R. O. T. C. Salaries,499204.100814
610391,Special Education Fund,2930705.5829123002
610391,Title I - District Initiatives - SIS,168851.6637401
610391,Title I - School Discretionary,218679.81293890998
610391,Title Ii - Tier I Support,15217.5
610391,Whole School Safety Plans,75000.4694399
610391,Workers'& Unemployment Compensation/Tort,534314.552606
610392,Core Instructional Positions,2789143.4360353
610392,EBF - Bilingual Programs,160703.8931552
610392,General Education Fund,756987.8339428
610392,IDEA Part B Flow-Through  (LEA Flowthru Instruction),154442.0094413
610392,Mandated Parent Involvement,4403.0
610392,Need-Based Flexible Funding,642724.65192154
610392,Special Education Fund,1233778.102115
610392,Title I - District Initiatives - SIS,160895.7729694
610392,Title I - School Discretionary,119801.9584533
610392,Title Ii - Tier I Support,15217.5
610392,Whole School Safety Plans,79999.90200969999
610392,Workers'& Unemployment Compensation/Tort,510704.42509699997
610394,Athletic Director Stipends,60000.0
610394,CTU Sustainable Schools Initiative,172048.6725399
610394,Core Instructional Positions,1633512.5587985
610394,EBF - Bilingual Programs,63546.351793
610394,General Education Fund,482070.7347516
610394,IDEA Part B Flow-Through  (LEA Flowthru Instruction),135714.2889672
610394,Lunchroom Fund,130541.081911
610394,Mandated Parent Involvement,2632.0
610394,Need-Based Flexible Funding,480000.4601277
610394,School and District Improvement Grant (Title 1003a) Cohort 23,75217.9673338
610394,Special Education Fund,3495979.598845
610394,Title I - District Initiatives - SIS,167683.731431
610394,Title I - School Discretionary,72827.65877869
610394,Title I - School Improvement Priority Initiative,134668.2157
610394,Title IV Part A,172822.7938801
610394,Workers'& Unemployment Compensation/Tort,271614.30813950003
610396,Core Instructional Positions,5159426.4069197
610396,EBF - Bilingual Programs,287004.514118
610396,Early Childhood Instruction,24000.0
610396,General Education Fund,861571.3755742001
610396,IDEA Part B Flow-Through  (LEA Flowthru Instruction),107106.73186069999
610396,Lunchroom Fund,387022.7927439
610396,Mandated Parent Involvement,8651.6
610396,Need-Based Flexible Funding,557373.91386863
610396,Preschool For All (locally funded),1200.0
610396,Special Education Fund,2643005.2574816
610396,State Preschool For All Age 3-5,408831.707714
610396,Title I - District Initiatives - SIS,275494.6593475
610396,Title I - School Discretionary,239427.5823313
610396,Title Ii - Tier I Support,15217.5
610396,Workers'& Unemployment Compensation/Tort,248525.2972577
610402,Core Instructional Positions,1314445.7553623
610402,EBF - Bilingual Programs,63546.351793
610402,General Education Fund,453318.4608531
610402,Mandated Parent Involvement,1044.0
610402,Need-Based Flexible Funding,972013.4512097
610402,Special Education Fund,169431.8017707
610402,Title I - District Initiatives - SIS,165833.6766008
610402,Title I - School Discretionary,34920.0
610402,Title Ii - Tier I Support,15217.5
610402,Workers'& Unemployment Compensation/Tort,72363.4694399
610405,Core Instructional Positions,2315456.2999095
610405,EBF - Bilingual Programs,72608.855954
610405,Early Childhood Instruction,47999.9981915
610405,General Education Fund,626961.0283811999
610405,IDEA Part B Flow-Through  (LEA Flowthru Instruction),141651.5519482
610405,Lunchroom Fund,98301.017768
610405,Mandated Parent Involvement,1079.0
610405,Montessori Schools,1523350.6886749999
610405,Need-Based Flexible Funding,229960.9812302
610405,Preschool For All (locally funded),554463.447335
610405,Special Education Fund,1648875.3635930999
610405,Title I - District Initiatives - SIS,137119.8538609
610405,Title I - School Discretionary,48424.3913454
610405,Title Ii - Tier I Support,15217.5
610405,Workers'& Unemployment Compensation/Tort,70647.6365617
610499,Athletic Director Stipends,60000.0
610499,Core Instructional Positions,1551848.8086153
610499,General Education Fund,525784.8541499
610499,IDEA Part B Flow-Through  (LEA Flowthru Instruction),115937.9806844
610499,Lunchroom Fund,234210.495228
610499,Mandated Parent Involvement,4031.0
610499,Need-Based Flexible Funding,480000.06187840004
610499,Special Education Fund,1245455.9807
610499,Title I - District Initiatives,329983.50812420005
610499,Title I - District Initiatives - SIS,151758.93077819998
610499,Title I - School Discretionary,98104.2
610499,Title Ii - Tier I Support,15217.5
610499,Whole School Safety Plans,80000.3707764
610499,Workers'& Unemployment Compensation/Tort,429856.720678
610503,Core Instructional Positions,1612330.8891095999
610503,General Education Fund,467172.42334160005
610503,International Baccalaureate Program,123115.457609
610503,Lunchroom Fund,150013.1069019
610503,Mandated Parent Involvement,1554.0
610503,Need-Based Flexible Funding,200000.1887897
610503,School and District Improvement Grant (Title 1003a) Cohort 23,75218.5
610503,Special Education Fund,1112605.1706929998
610503,Title I - School Discretionary,41287.0
610503,Title I - School Improvement Priority Initiative,134668.2157
610503,Workers'& Unemployment Compensation/Tort,86773.4460601
610504,Alternative and Specialty Schools Support,160000.1192172
610504,EBF - Bilingual Programs,134771.1571797
610504,Early Childhood Instruction,99999.9987733
610504,General Education Fund,658640.3777824
610504,Lunchroom Fund,77627.17008
610504,Preschool For All (locally funded),1825045.187621
610504,Special Education Fund,892334.1242468
610504,Specialty Schools,110355.933112
610504,Title I - Child Parent Centers,323327.71797884
610504,Title III - Language Acquisition,140720.9915711
610504,Title Ii - Tier I Support,15217.5
610504,Workers'& Unemployment Compensation/Tort,80502.0012704
610513,Athletic Director Stipends,60000.0
610513,CBA - Teacher Assistants K-2nd,254185.40718
610513,Core Instructional Positions,1404457.9287448
610513,EBF - Bilingual Programs,60828.9744815
610513,General Education Fund,515189.2830351
610513,Lunchroom Fund,93484.07951000001
610513,Mandated Parent Involvement,1913.0
610513,Need-Based Flexible Funding,479999.75499
610513,R. O. T. C. Salaries,411198.739095
610513,Special Education Fund,1367851.4421668
610513,Special Override Positions,55617.642625
610513,Title I - District Initiatives - SIS,169654.6083286
610513,Title I - School Discretionary,52483.83093304
610513,Title Ii - Tier I Support,15217.5
610513,Whole School Safety Plans,79999.8864662
610513,Workers'& Unemployment Compensation/Tort,146500.3714536
610515,Need-Based Flexible Funding,1288765.75
610515,Core Instructional Positions,8475141.27
610515,General Education Fund,1254975.33
610515,Workers'& Unemployment Compensation/Tort,241701.98
610515,Preschool For All (locally funded),428348.1
610515,Lunchroom Fund,281094.6
610515,Athletic Director Stipends,60000.0
610515,Athletic Directors,109236.9
610515,Special Education Fund,3577962.45
610515,Title I - District Initiatives - SIS,314515.36
610515,Title I - School Discretionary,150970.18
610515,EBF - Bilingual Programs,309090.83
610515,School and District Improvement Grant (Title 1003a) 27-4331-40,15217.5
610515,Mandated Parent Involvement,3363.0
610515,IDEA Part B Flow-Through  (LEA Flowthru Instruction),237557.78
610515,Early Childhood Instruction,24000.0
610518,Athletic Director Stipends,60000.0
610518,Core Instructional Positions,1434143.4326911
610518,EBF - Bilingual Programs,54204.4744815
610518,General Education Fund,477255.3828006
610518,IDEA Part B Flow-Through  (LEA Flowthru Instruction),112805.1779564
610518,Lunchroom Fund,160067.141454
610518,Mandated Parent Involvement,1971.0
610518,Need-Based Flexible Funding,479999.36260868
610518,School and District Improvement Grant (Title 1003a) Cohort 18,30217.5
610518,Special Education Fund,950644.937293
610518,Title I - District Initiatives - SIS,170678.9905684
610518,Title I - School Discretionary,53189.865930500004
610518,Title I - School Improvement Priority Initiative,168861.5406481
610518,Whole School Safety Plans,80000.278704
610518,Workers'& Unemployment Compensation/Tort,376786.894085
610520,Core Instructional Positions,3505759.2718158
610520,EBF - Bilingual Programs,170556.1927631
610520,General Education Fund,617527.8513531
610520,IDEA Part B Flow-Through  (LEA Flowthru Instruction),118597.9895837
610520,Lunchroom Fund,150652.9743859
610520,Need-Based Flexible Funding,282235.9636
610520,Positions Allocated on Appeal,381278.11076
610520,Preschool For All (locally funded),708544.8180965
610520,Special Education Fund,2065504.0709779
610520,Title Ii - Tier I Support,15217.5
610520,Workers'& Unemployment Compensation/Tort,159136.915504
610521,Core Instructional Positions,1736517.2257896
610521,EBF - Bilingual Programs,63546.351792999994
610521,Early Childhood Instruction,12000.00604
610521,General Education Fund,490263.6212305
610521,IDEA Part B Flow-Through  (LEA Flowthru Instruction),106824.3575807
610521,Lunchroom Fund,113255.9154939
610521,Mandated Parent Involvement,2065.0
610521,Need-Based Flexible Funding,199999.701333
610521,Preschool For All (locally funded),975.0
610521,Special Education Fund,786178.5455694
610521,State Preschool For All Age 3-5,297998.3284637
610521,Title I - District Initiatives,136920.85856199998
610521,Title I - School Discretionary,51381.5
610521,Title Ii - Tier I Support,15217.5
610521,Workers'& Unemployment Compensation/Tort,98005.87922039999
610523,CBA - Teacher Assistants K-2nd,381278.11076999997
610523,Core Instructional Positions,2736096.6157168
610523,EBF - Bilingual Programs,57432.2335424
610523,General Education Fund,690869.2042902
610523,IDEA Part B Flow-Through  (LEA Flowthru Instruction),244198.7701851
610523,Lunchroom Fund,111557.8867779
610523,Need-Based Flexible Funding,210393.00159
610523,Special Education Fund,3636279.435236
610523,Title Ii - Tier I Support,15217.5
610523,Workers'& Unemployment Compensation/Tort,80502.0012704
610524,Athletic Director Stipends,60000.0
610524,Core Instructional Positions,2268642.3782376
610524,EBF - Bilingual Programs,178440.30969139998
610524,General Education Fund,710682.4981017
610524,IDEA Part B Flow-Through  (LEA Flowthru Instruction),240200.00501199998
610524,Lunchroom Fund,91162.85195899999
610524,Mandated Parent Involvement,2214.0
610524,Need-Based Flexible Funding,488174.01863616
610524,Special Education Fund,3096781.3955382
610524,Title I - District Initiatives - SIS,145128.5991736
610524,Title I - School Discretionary,70787.3423822
610524,Title Ii - Tier I Support,15217.5
610524,Workers'& Unemployment Compensation/Tort,146128.92975840002
610529,Athletic Directors,109236.9025
610529,CBA - Teacher Assistants K-2nd,254185.40718
610529,Core Instructional Positions,8629716.0264755
610529,Critical Language Initiative,166015.0454476
610529,EBF - Bilingual Programs,303554.4806584
610529,Early Childhood Instruction,36000.0
610529,General Education Fund,1728504.7990283999
610529,IDEA Part B Flow-Through  (LEA Flowthru Instruction),306370.5740756
610529,Internal Accounts Book Transfers,1014.5
610529,International Baccalaureate Program,579287.330562
610529,Lunchroom Fund,460760.929514
610529,Mandated Parent Involvement,7155.0
610529,Need-Based Flexible Funding,1008683.7079313
610529,Positions Allocated on Appeal,127092.70359
610529,Preschool For All (locally funded),547007.4074179999
610529,School Parking Lot Rental,296582.269352
610529,School and District Improvement Grant (Title 1003a) 27--4331-41,15217.5
610529,Special Education Fund,4267286.2739788
610529,Title I - District Initiatives,98666.1559811
610529,Title I - District Initiatives - SIS,342376.7645542
610529,Title I - School Discretionary,243269.38454620002
610529,Title I - School Improvement Priority Initiative,134668.2157
610529,Workers'& Unemployment Compensation/Tort,703018.7593789999
610530,Core Instructional Positions,1806362.6444214
610530,Early Childhood Instruction,37000.0
610530,General Education Fund,446657.7624341
610530,IDEA Part B Flow-Through  (LEA Flowthru Instruction),271453.1561125
610530,Lunchroom Fund,148241.209382
610530,Mandated Parent Involvement,2805.0
610530,Need-Based Flexible Funding,275000.11050089996
610530,Preschool For All (locally funded),1575.0
610530,Special Education Fund,2829479.7635685
610530,State Preschool For All Age 3-5,485673.397902
610530,Title I - School Discretionary,74518.272606
610530,Title Ii - Tier I Support,15217.5
610530,Workers'& Unemployment Compensation/Tort,146500.3714536
610532,Core Instructional Positions,4541967.916569199
610532,EBF - Bilingual Programs,175134.00255479998
610532,General Education Fund,930654.8075292
610532,IDEA Part B Flow-Through  (LEA Flowthru Instruction),296204.31960419996
610532,Lunchroom Fund,286352.3534639
610532,Mandated Parent Involvement,8139.0
610532,Need-Based Flexible Funding,643192.2276981
610532,School and District Improvement Grant (Title 1003a) Cohort 22,31217.993
610532,Special Education Fund,1098031.5208882
610532,Title I - District Initiatives - SIS,339455.5298572
610532,Title I - School Discretionary,227251.3924207
610532,Title I - School Improvement Priority Initiative,134668.2157
610532,Title IV Part A,280802.2849144
610532,Workers'& Unemployment Compensation/Tort,161038.0486762
610533,Core Instructional Positions,4740808.5277793
610533,EBF - Bilingual Programs,334642.12126000004
610533,Early Childhood Instruction,23999.75222273
610533,General Education Fund,910756.4338405
610533,IDEA Part B Flow-Through  (LEA Flowthru Instruction),480509.614998
610533,Lunchroom Fund,245467.49187589998
610533,Mandated Parent Involvement,7426.0
610533,Need-Based Flexible Funding,484854.22262002004
610533,Preschool For All (locally funded),1575.0
610533,Special Education Fund,2605006.0448146
610533,State Preschool For All Age 3-5,496162.6597501
610533,Title I - District Initiatives - SIS,307937.2909971
610533,Title I - School Discretionary,213379.5786056
610533,Title Ii - Tier I Support,15217.5
610533,Workers'& Unemployment Compensation/Tort,160316.1193479
610534,Core Instructional Positions,3224417.2276441
610534,General Education Fund,690623.7675457001
610534,IDEA Part B Flow-Through  (LEA Flowthru Instruction),135714.2889672
610534,Internal Accounts Book Transfers,2029.0
610534,Lunchroom Fund,117701.820164
610534,Need-Based Flexible Funding,222505.0000041
610534,Special Education Fund,691418.1093953
610534,Title Ii - Tier I Support,15217.5
610534,Workers'& Unemployment Compensation/Tort,83539.1323798
610539,CBA - Teacher Assistants K-2nd,127092.70359
610539,Core Instructional Positions,4462594.0909365
610539,EBF - Bilingual Programs,344188.0023452
610539,Early Childhood Instruction,36000.0
610539,General Education Fund,937529.6399825
610539,IDEA Part B Flow-Through  (LEA Flowthru Instruction),151524.0366844
610539,Lunchroom Fund,223083.2708239
610539,Mandated Parent Involvement,5616.0
610539,Need-Based Flexible Funding,398171.530404
610539,Preschool For All (locally funded),1269516.0624635
610539,School and District Improvement Grant (Title 1003a) Cohort 23,31218.2
610539,Special Education Fund,2679148.7353463
610539,Title I - District Initiatives,167783.8805718
610539,Title I - District Initiatives - SIS,173513.7349369
610539,Title I - School Discretionary,168479.62197089999
610539,Title I - School Improvement Priority Initiative,134668.2157
610539,Workers'& Unemployment Compensation/Tort,146500.3714536
610541,Core Instructional Positions,4083136.8927289
610541,EBF - Bilingual Programs,170455.0700486
610541,Early Childhood Instruction,49000.0
610541,General Education Fund,692706.1444221
610541,IDEA Part B Flow-Through  (LEA Flowthru Instruction),314541.430851
610541,Lunchroom Fund,306128.8029559
610541,Mandated Parent Involvement,4941.0
610541,Need-Based Flexible Funding,376768.2997038
610541,Personalized Learning,141140.5165345
610541,Preschool For All (locally funded),647828.746514
610541,Special Education Fund,1800838.182861
610541,Title I - District Initiatives - SIS,164127.1945472
610541,Title I - School Discretionary,146562.6225163
610541,Title Ii - Tier I Support,15217.5
610541,Workers'& Unemployment Compensation/Tort,77464.2648798
610542,Core Instructional Positions,4124731.3996951003
610542,EBF - Bilingual Programs,330306.8520811
610542,Early Childhood Instruction,12000.002620019999
610542,General Education Fund,864453.107865
610542,IDEA Part B Flow-Through  (LEA Flowthru Instruction),222995.6110605
610542,Lunchroom Fund,206015.15088990002
610542,Mandated Parent Involvement,6396.0
610542,Need-Based Flexible Funding,384318.1417853
610542,Preschool For All (locally funded),1950.0
610542,Special Education Fund,3836612.0484433
610542,State Preschool For All Age 3-5,672987.7007327
610542,Title I - District Initiatives - SIS,171672.8917933
610542,Title I - School Discretionary,185678.59028439998
610542,Title Ii - Tier I Support,15217.5
610542,Workers'& Unemployment Compensation/Tort,70647.6365617
610543,Athletic Directors,109639.84000000001
610543,Core Instructional Positions,8203446.242920999
610543,EBF - Bilingual Programs,300396.1091283
610543,General Education Fund,1086464.4215168
610543,IDEA Part B Flow-Through  (LEA Flowthru Instruction),286642.1661015
610543,Lunchroom Fund,370004.449776
610543,Mandated Parent Involvement,12345.0
610543,Need-Based Flexible Funding,1854015.42369887
610543,Special Education Fund,2750297.8676577
610543,Title I - District Initiatives - SIS,148777.9553874
610543,Title I - School Discretionary,358351.3806946
610543,Title IV Part A,162922.2651168
610543,Title Ii - Tier I Support,15217.5
610543,Whole School Safety Plans,79999.50854350001
610543,Workers'& Unemployment Compensation/Tort,313684.4507657
610544,Core Instructional Positions,4429001.8279263
610544,EBF - Bilingual Programs,175512.6615776
610544,General Education Fund,784162.3630268
610544,IDEA Part B Flow-Through  (LEA Flowthru Instruction),128288.7945739
610544,Lunchroom Fund,201549.699512
610544,Mandated Parent Involvement,6034.0
610544,Need-Based Flexible Funding,475213.18138428003
610544,School and District Improvement Grant (Title 1003a) Cohort 22,31217.5
610544,Special Education Fund,2332920.458349
610544,Title I - District Initiatives - SIS,275627.9937526
610544,Title I - School Discretionary,181007.8915393
610544,Title I - School Improvement Priority Initiative,134668.2157
610544,Title IV Part A,124376.545216
610544,Workers'& Unemployment Compensation/Tort,80502.00127040001
610547,Athletic Directors,109236.9025
610547,Core Instructional Positions,4093825.1356745
610547,General Education Fund,933691.3178975
610547,IDEA Part B Flow-Through  (LEA Flowthru Instruction),128288.7945739
610547,International Baccalaureate Program,432618.501231
610547,Lunchroom Fund,201968.30629799998
610547,Mandated Parent Involvement,6385.5
610547,Need-Based Flexible Funding,827524.72318399
610547,R. O. T. C. Salaries,239791.8104395
610547,Special Education Fund,2451096.6117313
610547,Title I - District Initiatives - SIS,125864.545216
610547,Title I - School Discretionary,179954.8783418
610547,Title Ii - Tier I Support,15217.5
610547,Workers'& Unemployment Compensation/Tort,449728.378568
610548,Core Instructional Positions,2407216.3236208
610548,EBF - Bilingual Programs,154075.2503531
610548,General Education Fund,520968.5574276
610548,IDEA Part B Flow-Through  (LEA Flowthru Instruction),156246.38058620002
610548,Internal Accounts Book Transfers,42505.641515699994
610548,Lunchroom Fund,96613.906496
610548,Mandated Parent Involvement,1499.0
610548,Need-Based Flexible Funding,335332.4176598
610548,Special Education Fund,1120066.1257565
610548,Title I - District Initiatives - SIS,167173.514693
610548,Title I - School Discretionary,61604.92868235
610548,Title IV Part A,184543.3851952
610548,Title Ii - Tier I Support,15217.5
610548,Workers'& Unemployment Compensation/Tort,80502.0012704
610557,Charter Core Instructional Funding,2705664.944
610557,EBF - Bilingual Programs,107010.0
610557,General Education Fund,1435548.6600000001
610557,Mandated Parent Involvement,5047.4
610557,Special Education Fund,578133.0
610557,Title I - School Discretionary,278934.2
610557,Title IIA Teacher Quality,4731.9400000000005
610557,Title III - Language Acquisition,18000.0
610557,Title IV Part A,8235.0
610558,Athletic Directors,109236.9025
610558,Core Instructional Positions,6462263.5252341
610558,EBF - Bilingual Programs,143995.1896691
610558,General Education Fund,907495.7685429
610558,IDEA Part B Flow-Through  (LEA Flowthru Instruction),438829.84746699996
610558,Lunchroom Fund,208353.93314799998
610558,Mandated Parent Involvement,10531.0
610558,Need-Based Flexible Funding,1359741.8703195201
610558,Special Education Fund,3561768.6979105
610558,Title I - District Initiatives - SIS,158286.3445194
610558,Title I - School Discretionary,294062.84969540004
610558,Title IV Part A,186594.5319274
610558,Title Ii - Tier I Support,15217.5
610558,Whole School Safety Plans,75000.18567772
610558,Workers'& Unemployment Compensation/Tort,377796.42819370003
610559,Core Instructional Positions,2540650.717735
610559,EBF - Bilingual Programs,168900.8534931
610559,General Education Fund,673097.6265376
610559,IDEA Part B Flow-Through  (LEA Flowthru Instruction),241363.5013189
610559,Lunchroom Fund,157399.3338279
610559,Mandated Parent Involvement,4179.25
610559,Need-Based Flexible Funding,238712.07656975
610559,School and District Improvement Grant (Title 1003a) 27--4331-41,15217.5
610559,Special Education Fund,746030.4878367999
610559,Title I - District Initiatives - SIS,163815.3931351
610559,Title I - School Discretionary,112782.9592522
610559,Workers'& Unemployment Compensation/Tort,224422.3877021
610561,Athletic Director Stipends,60000.0
610561,CBA - Teacher Assistants K-2nd,127092.70359
610561,Core Instructional Positions,2096434.5102096
610561,General Education Fund,675824.4123445001
610561,Lunchroom Fund,213817.998492
610561,Mandated Parent Involvement,4380.0
610561,Need-Based Flexible Funding,480244.8924799
610561,Special Education Fund,1054260.9714075
610561,Title I - District Initiatives - SIS,163526.39433510002
610561,Title I - School Discretionary,113880.0056053
610561,Title IV Part A,168585.891054
610561,Title Ii - Tier I Support,15217.5
610561,Whole School Safety Plans,79999.9473753
610561,Workers'& Unemployment Compensation/Tort,236601.18037780002
610563,Athletic Directors,109236.9025
610563,CBA - Teacher Assistants K-2nd,381278.11077
610563,Core Instructional Positions,6728297.8928804
610563,EBF - Bilingual Programs,277650.3167716
610563,General Education Fund,1072172.7450538
610563,IDEA Part B Flow-Through  (LEA Flowthru Instruction),226075.2886671
610563,International Baccalaureate Program,481376.437847
610563,Lunchroom Fund,301836.158654
610563,Mandated Parent Involvement,14303.0
610563,Need-Based Flexible Funding,1609149.13994609
610563,Special Education Fund,1727172.114842
610563,Title I - District Initiatives - SIS,167366.0106293
610563,Title I - School Discretionary,382961.9474026
610563,Title Ii - Tier I Support,15217.5
610563,Workers'& Unemployment Compensation/Tort,485200.842584
610564,Athletic Director Stipends,60000.0
610564,Athletic Directors,109236.9025
610564,Core Instructional Positions,8475141.2668299
610564,EBF - Bilingual Programs,309090.8287892
610564,Early Childhood Instruction,24000.0
610564,General Education Fund,1254975.3254961001
610564,IDEA Part B Flow-Through  (LEA Flowthru Instruction),237557.7760013
610564,Lunchroom Fund,281094.60157
610564,Mandated Parent Involvement,3363.0
610564,Need-Based Flexible Funding,1288765.7497073999
610564,Preschool For All (locally funded),428348.09662940004
610564,School and District Improvement Grant (Title 1003a) 27-4331-40,15217.5
610564,Special Education Fund,3577962.4521097
610564,Title I - District Initiatives - SIS,314515.361478
610564,Title I - School Discretionary,150970.17601650002
610564,Workers'& Unemployment Compensation/Tort,241701.97582380002
610565,Charter Core Instructional Funding,2646199.78
610565,EBF - Bilingual Programs,5000.0
610565,General Education Fund,671884.14
610565,Mandated Parent Involvement,5668.0
610565,Special Education Fund,715185.0
610565,Title I - School Discretionary,387622.58
610565,Title IIA Teacher Quality,4598.93
610565,Title III - Language Acquisition,500.0
610565,Title IV Part A,6347.09
610568,Charter Core Instructional Funding,3161564.531
610568,EBF - Bilingual Programs,107010.0
610568,General Education Fund,1677435.98
610568,Mandated Parent Involvement,5128.2
610568,Special Education Fund,433262.0
610568,Title I - School Discretionary,258496.74
610568,Title IIA Teacher Quality,9390.0
610568,Title III - Language Acquisition,18000.0
610568,Title IV Part A,9390.0
610569,Charter Core Instructional Funding,2775040.968
610569,EBF - Bilingual Programs,107010.0
610569,General Education Fund,1472357.6
610569,Mandated Parent Involvement,4442.4
610569,Special Education Fund,323284.0
610569,Title I - School Discretionary,289599.54
610569,Title IIA Teacher Quality,7100.0
610569,Title III - Language Acquisition,18000.0
610569,Title IV Part A,7358.87
610570,Charter Core Instructional Funding,2576823.756
610570,EBF - Bilingual Programs,107010.0
610570,General Education Fund,1367189.2
610570,Mandated Parent Involvement,4906.35
610570,Special Education Fund,266763.0
610570,Title I - School Discretionary,309512.74
610570,Title IIA Teacher Quality,3916.67
610570,Title III - Language Acquisition,18000.0
610570,Title IV Part A,6504.25
610571,Charter Core Instructional Funding,1437074.787
610571,EBF - Bilingual Programs,9000.0
610571,General Education Fund,762470.9
610571,Mandated Parent Involvement,4477.5599999999995
610571,Special Education Fund,197071.0
610571,Title I - School Discretionary,280889.8
610571,Title IIA Teacher Quality,4133.52
610571,Title III - Language Acquisition,900.0
610571,Title IV Part A,5130.0
610573,EBF - Bilingual Programs,5000.0
610573,Mandated Parent Involvement,1072.6
610573,Regional Safe Schools,1745235.25
610573,Title I - School Discretionary,44912.59
610573,Title IIA Teacher Quality,1475.0
610573,Title III - Language Acquisition,500.0
610573,Title IV Part A,1800.0
610586,Core Instructional Positions,3972731.9876882
610586,EBF - Bilingual Programs,288529.1087235
610586,Early Childhood Instruction,12000.0
610586,General Education Fund,787774.7131937
610586,IDEA Part B Flow-Through  (LEA Flowthru Instruction),131495.69125530001
610586,Lunchroom Fund,152183.116814
610586,Mandated Parent Involvement,5544.0
610586,Need-Based Flexible Funding,375800.333844075
610586,Preschool For All (locally funded),1950.0
610586,School and District Improvement Grant (Title 1003a) Cohort 17,5499.85
610586,Special Education Fund,5846162.4120155005
610586,State Preschool For All Age 3-5,623754.2991065
610586,Title I - District Initiatives - SIS,135458.395332
610586,Title I - School Discretionary,166319.57118630002
610586,Title IV Part A,172208.9940377
610586,Title Ii - Tier I Support,15217.5
610586,Workers'& Unemployment Compensation/Tort,135024.8040178
610587,Athletic Director Stipends,60000.0
610587,Athletic Directors,109236.9025
610587,CTU Sustainable Schools Initiative,135346.774143
610587,Core Instructional Positions,3123321.3911831
610587,General Education Fund,676900.8674444
610587,Lunchroom Fund,207657.470186
610587,Mandated Parent Involvement,7998.0
610587,Need-Based Flexible Funding,706796.1701211999
610587,Special Education Fund,1671286.7542412998
610587,Title I - District Initiatives - SIS,160310.5201694
610587,Title I - School Discretionary,206521.3560131
610587,Title Ii - Tier I Support,15217.5
610587,Whole School Safety Plans,79999.5173836
610587,Workers'& Unemployment Compensation/Tort,510607.6579979
610588,Core Instructional Positions,6008533.2671236005
610588,EBF - Bilingual Programs,344563.268778
610588,General Education Fund,919436.8146014999
610588,IDEA Part B Flow-Through  (LEA Flowthru Instruction),315246.862781
610588,Lunchroom Fund,368183.4253319
610588,Mandated Parent Involvement,8153.0
610588,Need-Based Flexible Funding,486665.1710331
610588,School and District Improvement Grant (Title 1003a) Cohort 17,20218.4935
610588,Special Education Fund,1478863.9497305
610588,Title I - District Initiatives - SIS,337374.0835993
610588,Title I - School Discretionary,234263.58238910002
610588,Title I - School Improvement Priority Initiative,176127.1562165
610588,Workers'& Unemployment Compensation/Tort,219655.7205111
610589,Core Instructional Positions,3445384.8997218
610589,EBF - Bilingual Programs,171368.0353476
610589,Early Childhood Instruction,49000.0
610589,General Education Fund,629787.9336927
610589,Lunchroom Fund,252879.5670779
610589,Need-Based Flexible Funding,293487.1040399
610589,Preschool For All (locally funded),563343.009714
610589,Special Education Fund,1115971.557216
610589,Title IV Part A,175156.1335462
610589,Title Ii - Tier I Support,15217.5
610589,Workers'& Unemployment Compensation/Tort,164237.7109417
610590,Core Instructional Positions,3014497.7404434
610590,General Education Fund,700572.5739084
610590,Lunchroom Fund,160665.2168279
610590,Need-Based Flexible Funding,239176.6975198
610590,Personalized Learning,159222.4502
610590,Special Education Fund,842018.904103
610590,Title Ii - Tier I Support,15217.5
610590,Workers'& Unemployment Compensation/Tort,64215.2648798
610592,Athletic Directors,109236.9025
610592,CBA - Teacher Assistants K-2nd,254185.40718
610592,CTU Sustainable Schools Initiative,106391.13061440001
610592,Core Instructional Positions,3566461.6747786
610592,EBF - Bilingual Programs,114213.83301559999
610592,General Education Fund,909126.0878859999
610592,Lunchroom Fund,219130.275284
610592,Mandated Parent Involvement,6369.0
610592,Need-Based Flexible Funding,851138.3200784
610592,R. O. T. C. Salaries,226505.06738000002
610592,Special Education Fund,1784820.278886
610592,Title I - District Initiatives - SIS,151758.9307782
610592,Title I - School Discretionary,177848.51716370002
610592,Title I - School Improvement Priority Initiative,134668.2157
610592,Title IV Part A,156537.3618335
610592,Title Ii - Tier I Support,15217.5
610592,Whole School Safety Plans,80000.0
610592,Workers'& Unemployment Compensation/Tort,1008046.239321
610593,Charter Core Instructional Funding,1238857.575
610593,EBF - Bilingual Programs,2000.0
610593,General Education Fund,657302.5
610593,Mandated Parent Involvement,3408.67
610593,Special Education Fund,284378.0
610593,Title I - School Discretionary,166432.16999999998
610593,Title IIA Teacher Quality,3623.75
610593,Title III - Language Acquisition,200.0
610593,Title IV Part A,3827.1800000000003
610594,Charter Core Instructional Funding,1397431.345
610594,EBF - Bilingual Programs,57505.0
610594,General Education Fund,741437.22
610594,Mandated Parent Involvement,2555.25
610594,Special Education Fund,337638.0
610594,Title I - School Discretionary,206323.86
610594,Title IIA Teacher Quality,4275.0
610594,Title III - Language Acquisition,5000.0
610594,Title IV Part A,4275.0
610595,Alternative and Specialty Schools Support,159999.99965508
610595,EBF - Bilingual Programs,77774.0318812
610595,Early Childhood Instruction,99999.9997012
610595,General Education Fund,638983.8248366
610595,Lunchroom Fund,102411.32104
610595,Preschool For All (locally funded),1367114.2030508001
610595,Special Education Fund,832097.5397962
610595,Title Ii - Tier I Support,15217.5
610595,Workers'& Unemployment Compensation/Tort,67630.4579998
610599,Alternative and Specialty Schools Support,159999.7241772
610599,EBF - Bilingual Programs,132422.4968578
610599,Early Childhood Instruction,149999.99843110002
610599,General Education Fund,667280.9321674
610599,Lunchroom Fund,120069.5884339
610599,Preschool For All (locally funded),2029337.557041
610599,Special Education Fund,898024.4901639
610599,Title Ii - Tier I Support,15217.5
610599,Workers'& Unemployment Compensation/Tort,74136.9020097
610601,EBF - Bilingual Programs,4000.0
610601,Mandated Parent Involvement,549.55
610601,Regional Safe Schools,1363542.45
610601,Title I - School Discretionary,31026.23
610601,Title IIA Teacher Quality,1560.0
610601,Title III - Language Acquisition,400.0
610601,Title IV Part A,1560.0
610602,Core Instructional Positions,1652205.14663
610602,EBF - Bilingual Programs,127092.70359
610602,General Education Fund,791855.442255
610602,Lunchroom Fund,137365.8900491
610602,Need-Based Flexible Funding,265000.460103
610602,School and District Improvement Grant (Title 1003a) Cohort 22,31000.0
610602,Special Education Fund,1298823.535563
610602,Title Ii - Tier I Support,15217.5
610602,Workers'& Unemployment Compensation/Tort,137574.1757
610603,Core Instructional Positions,1652205.14662
610603,EBF - Bilingual Programs,127092.70359
610603,General Education Fund,855830.1459592
610603,Lunchroom Fund,137365.8900491
610603,Need-Based Flexible Funding,199999.5
610603,Personalized Learning,136010.42335
610603,Special Education Fund,711284.36959
610603,Title Ii - Tier I Support,15217.5
610603,Workers'& Unemployment Compensation/Tort,137574.1757
610604,Core Instructional Positions,1652205.1466140002
610604,EBF - Bilingual Programs,127092.70358999999
610604,General Education Fund,805713.543249
610604,Lunchroom Fund,137365.89004909998
610604,Need-Based Flexible Funding,199999.796
610604,Special Education Fund,711284.36959
610604,Title Ii - Tier I Support,15217.5
610604,Workers'& Unemployment Compensation/Tort,137574.1757
610605,Core Instructional Positions,1779297.85024
610605,EBF - Bilingual Programs,127092.70359
610605,General Education Fund,838097.3722517
610605,Lunchroom Fund,137365.89004909998
610605,Need-Based Flexible Funding,199999.62345
610605,Special Education Fund,765903.721473
610605,Title Ii - Tier I Support,15217.5
610605,Workers'& Unemployment Compensation/Tort,137574.1757
610606,Core Instructional Positions,2033483.257399
610606,EBF - Bilingual Programs,127092.70359
610606,General Education Fund,838232.665071
610606,Lunchroom Fund,137365.89004909998
610606,Need-Based Flexible Funding,210370.832629
610606,Special Education Fund,511718.31430300005
610606,Title Ii - Tier I Support,15217.5
610606,Workers'& Unemployment Compensation/Tort,137574.1757
