school_id,name,long_name,type,governance,network,school_type,program,admission,sped_cluster,grades_served,band,address,lat,lon,subdistrict,community_area,ward,rcdts,predecessor_id,enrollment_2026_27,enrollment_2025_26,enrollment_2024_25,enrollment_change_count,enrollment_change_pct,pct_white,pct_white_year,pct_black,pct_black_year,pct_latinx,pct_latinx_year,pct_asian,pct_asian_year,pct_multiracial,pct_multiracial_year,pct_native,pct_native_year,pct_pacific,pct_pacific_year,pct_mena,pct_mena_year,pct_race_na,pct_race_na_year,pct_low_income,pct_low_income_year,pct_el,pct_el_year,pct_iep,pct_iep_year,pct_homeless,pct_homeless_year,pct_youth_in_care,pct_youth_in_care_year,cps_budget_fy27,cps_budget_fy27_year,cps_budget_per_pupil,cps_budget_per_pupil_year,cps_budget_fy26_projected,cps_budget_fy26_projected_year,cps_positions_fy27,cps_positions_fy27_year,ppe_total,ppe_total_year,ppe_site,ppe_site_year,ppe_central,ppe_central_year,iar_ela_prof,iar_ela_prof_year,iar_math_prof,iar_math_prof_year,ela_growth,ela_growth_year,math_growth,math_growth_year,attendance_rate,attendance_rate_year,chronic_absent,chronic_absent_year,grad_4yr,grad_4yr_year,ninth_on_track,ninth_on_track_year,postsec_12mo,postsec_12mo_year,sat_ela_prof,sat_ela_prof_year,sat_math_prof,sat_math_prof_year,act_ela_prof,act_ela_prof_year,act_math_prof,act_math_prof_year,act_ela_avg,act_ela_avg_year,act_math_avg,act_math_avg_year,fe_leaders,fe_leaders_year,fe_teachers,fe_teachers_year,fe_families,fe_families_year,fe_environment,fe_environment_year,budget_units,flags
400009,GLOBAL CITIZENSHIP,Academy for Global Citizenship Charter School,charter,Charter,Charter,Traditional,,application,,K-8,ES,4942 W 44TH ST,41.81342,-87.748,7a,GARFIELD RIDGE,22,15016299025229C,,493,491,489,4,0.8,3.0,2026-27,1.8,2026-27,92.9,2026-27,0.0,2026-27,0.2,2026-27,0.6,2026-27,0.4,2026-27,0.0,2026-27,1.0,2026-27,54.6,2026-27,31.2,2026-27,19.1,2026-27,*,2024-25,*,2024-25,9679953,2026-27,19635,2026-27,9587185,2025-26,0.0,2026-27,23019,2024-25,21606,2024-25,1412,2024-25,37.1,2024-25,10.9,2024-25,49.5,2024-25,50.1,2024-25,93.2,2024-25,20.6,2024-25,,,,,,,,,,,,,,,,,,,4.0,2024-25,3.0,2024-25,4.0,2024-25,,,U63011,budget_not_comparable
400011,LOCKE A,Alain Locke Charter School,charter,Charter,Charter,Traditional,,application,,K-8,ES,3141 W JACKSON BLVD,41.87725,-87.70523,5b,EAST GARFIELD PARK,28,15016299025206C,,336,370,348,-12,-3.4,0.3,2026-27,96.7,2026-27,1.5,2026-27,0.0,2026-27,0.0,2026-27,0.0,2026-27,0.0,2026-27,0.0,2026-27,1.5,2026-27,81.5,2026-27,0.0,2026-27,14.6,2026-27,9.5,2024-25,*,2024-25,7416988,2026-27,22074,2026-27,7315443,2025-26,3.0,2026-27,25374,2024-25,23936,2024-25,1438,2024-25,60.1,2024-25,36.3,2024-25,56.7,2024-25,57.7,2024-25,90.7,2024-25,37.2,2024-25,,,,,,,,,,,,,,,,,,,,,,,,,,,U66151,budget_not_comparable
400021,CATALYST - CIRCLE ROCK,Catalyst Elementary Charter School - Circle Rock,charter,Charter,Charter,Traditional,,application,,K-8,ES,5608 W WASHINGTON BLVD,41.88232,-87.76532,5a,AUSTIN,29,15016299025228C,,519,521,522,-3,-0.6,0.6,2026-27,96.3,2026-27,1.7,2026-27,0.0,2026-27,1.2,2026-27,0.2,2026-27,0.0,2026-27,0.0,2026-27,0.0,2026-27,81.5,2026-27,0.4,2026-27,14.1,2026-27,3.1,2024-25,*,2024-25,10494544,2026-27,20221,2026-27,10317480,2025-26,0.0,2026-27,21369,2024-25,19960,2024-25,1409,2024-25,48.0,2024-25,20.9,2024-25,49.8,2024-25,44.0,2024-25,91.0,2024-25,32.1,2024-25,,,,,,,,,,,,,,,,,,,4.0,2024-25,4.0,2024-25,3.0,2024-25,,,U66432,budget_not_comparable
400023,CICS - AVALON/SOUTH SHORE,CICS - Avalon/South Shore,charter,Charter,Charter,Traditional,,application,,K-8,ES,1501 E 83RD PL,41.74318,-87.58793,10b,AVALON PARK,8,15016299025252C,,517,499,476,41,8.6,0.2,2026-27,96.1,2026-27,2.7,2026-27,0.2,2026-27,0.4,2026-27,0.0,2026-27,0.0,2026-27,0.0,2026-27,0.4,2026-27,81.0,2026-27,1.4,2026-27,16.8,2026-27,3.6,2024-25,*,2024-25,9926776,2026-27,19201,2026-27,9656118,2025-26,0.0,2026-27,18175,2024-25,16761,2024-25,1414,2024-25,59.3,2024-25,35.9,2024-25,67.1,2024-25,45.9,2024-25,92.5,2024-25,27.6,2024-25,,,,,,,,,,,,,,,,,,,3.0,2024-25,3.0,2024-25,2.0,2024-25,,,U66371,budget_not_comparable
400024,CICS - BASIL,CICS - Basil,charter,Charter,Charter,Traditional,,application,,K-8,ES,1816 W GARFIELD BLVD,41.79404,-87.67024,8b,NEW CITY,16,15016299025277C,,582,561,548,34,6.2,1.0,2026-27,70.6,2026-27,27.3,2026-27,0.0,2026-27,0.3,2026-27,0.2,2026-27,0.0,2026-27,0.0,2026-27,0.5,2026-27,81.1,2026-27,18.6,2026-27,17.5,2026-27,7.8,2024-25,2.0,2024-25,11253392,2026-27,19336,2026-27,12611504,2025-26,0.0,2026-27,17804,2024-25,16399,2024-25,1406,2024-25,55.3,2024-25,30.6,2024-25,67.3,2024-25,59.6,2024-25,91.1,2024-25,33.7,2024-25,,,,,,,,,,,,,,,,,,,3.0,2024-25,3.0,2024-25,3.0,2024-25,,,U66231,budget_not_comparable
400025,CICS - BUCKTOWN,CICS - Bucktown,charter,Charter,Charter,Traditional,,application,,K-8,ES,2235 N HAMILTON AVE,41.92241,-87.68136,6a,LOGAN SQUARE,32,15016299025246C,,460,481,521,-61,-11.7,1.5,2026-27,34.1,2026-27,60.2,2026-27,0.2,2026-27,3.7,2026-27,0.2,2026-27,0.0,2026-27,0.0,2026-27,0.0,2026-27,74.1,2026-27,16.7,2026-27,22.6,2026-27,*,2024-25,*,2024-25,9710592,2026-27,21110,2026-27,9398381,2025-26,0.0,2026-27,19701,2024-25,18293,2024-25,1409,2024-25,31.5,2024-25,20.7,2024-25,41.7,2024-25,53.0,2024-25,90.0,2024-25,38.9,2024-25,,,,,,,,,,,,,,,,,,,3.0,2024-25,3.0,2024-25,3.0,2024-25,,,U66071,budget_not_comparable
400026,CICS - LOOMIS,CICS - Loomis Primary,charter,Charter,Charter,Traditional,,application,,K-3,ES,9535 S LOOMIS ST,41.72025,-87.65756,9b,WASHINGTON HEIGHTS,21,15016299025255C,,436,358,339,97,28.6,0.0,2026-27,97.2,2026-27,2.5,2026-27,0.0,2026-27,0.2,2026-27,0.0,2026-27,0.0,2026-27,0.0,2026-27,0.0,2026-27,72.5,2026-27,0.5,2026-27,8.0,2026-27,*,2024-25,*,2024-25,7219839,2026-27,16559,2026-27,7140642,2025-26,0.0,2026-27,19118,2024-25,17678,2024-25,1440,2024-25,*,2024-25,*,2024-25,*,2024-25,*,2024-25,88.2,2024-25,46.8,2024-25,,,,,,,,,,,,,,,,,,,3.0,2024-25,3.0,2024-25,2.0,2024-25,,,U66075,budget_not_comparable
400027,CICS - IRVING PARK,CICS - Irving Park,charter,Charter,Charter,Traditional,,application,,K-8,ES,3820 N SPAULDING AVE,41.95089,-87.71049,3a,IRVING PARK,33,15016299025254C,,443,465,454,-11,-2.4,7.0,2026-27,8.6,2026-27,77.4,2026-27,2.7,2026-27,3.4,2026-27,0.5,2026-27,0.5,2026-27,0.0,2026-27,0.0,2026-27,61.6,2026-27,32.5,2026-27,15.1,2026-27,*,2024-25,*,2024-25,9262421,2026-27,20908,2026-27,9079318,2025-26,0.0,2026-27,18934,2024-25,17517,2024-25,1417,2024-25,51.3,2024-25,32.6,2024-25,58.8,2024-25,54.3,2024-25,92.5,2024-25,21.4,2024-25,,,,,,,,,,,,,,,,,,,3.0,2024-25,3.0,2024-25,3.0,2024-25,,,U66074,budget_not_comparable
400028,CICS - PRAIRIE,CICS - Prairie,charter,Charter,Charter,Traditional,,application,,K-8,ES,11530 S PRAIRIE AVE,41.68443,-87.61689,9b,WEST PULLMAN,9,15016299025248C,,415,423,413,2,0.5,0.7,2026-27,72.0,2026-27,26.5,2026-27,0.0,2026-27,0.7,2026-27,0.0,2026-27,0.0,2026-27,0.0,2026-27,0.0,2026-27,82.4,2026-27,20.5,2026-27,18.6,2026-27,6.6,2024-25,*,2024-25,8565322,2026-27,20639,2026-27,8397406,2025-26,0.0,2026-27,17314,2024-25,15890,2024-25,1424,2024-25,27.6,2024-25,15.6,2024-25,48.5,2024-25,46.5,2024-25,89.4,2024-25,39.3,2024-25,,,,,,,,,,,,,,,,,,,3.0,2024-25,3.0,2024-25,3.0,2024-25,,,U66161,budget_not_comparable
400029,CICS - WASHINGTON PARK,CICS - Washington Park,charter,Charter,Charter,Traditional,,application,,K-8,ES,110 E 61ST ST,41.78413,-87.62126,6b,WASHINGTON PARK,20,15016299025249C,,498,490,493,5,1.0,0.4,2026-27,97.0,2026-27,2.0,2026-27,0.0,2026-27,0.6,2026-27,0.0,2026-27,0.0,2026-27,0.0,2026-27,0.0,2026-27,84.5,2026-27,0.2,2026-27,15.7,2026-27,9.5,2024-25,*,2024-25,9795624,2026-27,19670,2026-27,9569774,2025-26,0.0,2026-27,16864,2024-25,15452,2024-25,1412,2024-25,53.0,2024-25,27.9,2024-25,63.5,2024-25,54.9,2024-25,90.1,2024-25,41.6,2024-25,,,,,,,,,,,,,,,,,,,3.0,2024-25,3.0,2024-25,3.0,2024-25,,,U66181,budget_not_comparable
400030,CICS - WEST BELDEN,CICS - West Belden,charter,Charter,Charter,Traditional,,application,,K-8,ES,2245 N MCVICKER AVE,41.92169,-87.77675,5a,BELMONT CRAGIN,36,15016299025251C,,538,535,524,14,2.7,0.7,2026-27,6.7,2026-27,90.7,2026-27,0.0,2026-27,1.5,2026-27,0.2,2026-27,0.0,2026-27,0.0,2026-27,0.2,2026-27,78.6,2026-27,45.7,2026-27,18.4,2026-27,*,2024-25,*,2024-25,10749981,2026-27,19981,2026-27,10636473,2025-26,0.0,2026-27,17625,2024-25,16217,2024-25,1408,2024-25,34.0,2024-25,21.2,2024-25,47.9,2024-25,55.0,2024-25,93.2,2024-25,18.9,2024-25,,,,,,,,,,,,,,,,,,,3.0,2024-25,3.0,2024-25,4.0,2024-25,,,U66221,budget_not_comparable
400031,CICS - WRIGHTWOOD,CICS - Wrightwood,charter,Charter,Charter,Traditional,,application,,K-8,ES,8130 S CALIFORNIA AVE,41.74537,-87.69261,9a,ASHBURN,18,15016299025278C,,597,591,615,-18,-2.9,0.2,2026-27,95.3,2026-27,4.0,2026-27,0.0,2026-27,0.2,2026-27,0.3,2026-27,0.0,2026-27,0.0,2026-27,0.0,2026-27,79.7,2026-27,0.5,2026-27,13.6,2026-27,2.0,2024-25,*,2024-25,11782778,2026-27,19737,2026-27,11503415,2025-26,0.0,2026-27,17662,2024-25,16263,2024-25,1400,2024-25,28.0,2024-25,7.7,2024-25,45.4,2024-25,43.5,2024-25,90.8,2024-25,36.3,2024-25,,,,,,,,,,,,,,,,,,,4.0,2024-25,4.0,2024-25,4.0,2024-25,,,U66381,budget_not_comparable
400032,CICS - ELLISON HS,CICS - Ralph Ellison,charter,Charter,Charter,Traditional,,application,,9-12,HS,1817 W 80TH ST,41.74838,-87.66898,9a,AUBURN GRESHAM,17,15016299025083C,,188,203,229,-41,-17.9,0.5,2026-27,92.0,2026-27,6.9,2026-27,0.0,2026-27,0.5,2026-27,0.0,2026-27,0.0,2026-27,0.0,2026-27,0.0,2026-27,94.1,2026-27,4.8,2026-27,25.0,2026-27,19.2,2024-25,*,2024-25,4053890,2026-27,21563,2026-27,4379799,2025-26,0.0,2026-27,23885,2024-25,22088,2024-25,1797,2024-25,,,,,,,,,75.7,2024-25,82.2,2024-25,71.4,2024-25,70.0,2024-25,*,2024-25,3.7,2023-24,0.0,2023-24,18.6,2024-25,1.7,2024-25,12.9,2024-25,13.6,2024-25,2.0,2024-25,2.0,2024-25,2.0,2024-25,2.0,2024-25,U66072,budget_not_comparable
400033,CICS - LONGWOOD,CICS - Longwood,charter,Charter,Charter,Traditional,,application,,4-12,combo,1309 W 95TH ST,41.72122,-87.65577,9b,WASHINGTON HEIGHTS,21,15016299025247C,,1047,1146,1113,-66,-5.9,0.1,2026-27,95.6,2026-27,3.3,2026-27,0.1,2026-27,0.9,2026-27,0.0,2026-27,0.0,2026-27,0.0,2026-27,0.0,2026-27,87.7,2026-27,1.1,2026-27,18.0,2026-27,4.2,2024-25,*,2024-25,22895029,2026-27,21867,2026-27,21591282,2025-26,0.0,2026-27,18430,2024-25,16764,2024-25,1666,2024-25,21.4,2024-25,9.8,2024-25,39.9,2024-25,41.7,2024-25,85.3,2024-25,54.6,2024-25,85.3,2024-25,86.9,2024-25,33.8,2024-25,2.6,2023-24,0.0,2023-24,24.3,2024-25,0.9,2024-25,14.3,2024-25,14.0,2024-25,3.0,2024-25,3.0,2024-25,2.0,2024-25,,,U66061,budget_not_comparable
400034,CICS - NORTHTOWN HS,CICS - Northtown,charter,Charter,Charter,Traditional,,application,,9-12,HS,3900 W PETERSON AVE,41.99025,-87.7265,1a,NORTH PARK,39,15016299025082C,,931,907,872,59,6.8,14.1,2026-27,10.2,2026-27,52.7,2026-27,21.4,2026-27,0.8,2026-27,0.1,2026-27,0.4,2026-27,0.3,2026-27,0.0,2026-27,81.3,2026-27,51.3,2026-27,19.3,2026-27,*,2024-25,*,2024-25,18082790,2026-27,19423,2026-27,17030210,2025-26,0.0,2026-27,18123,2024-25,16448,2024-25,1676,2024-25,,,,,,,,,88.7,2024-25,39.1,2024-25,92.6,2024-25,82.7,2024-25,68.7,2024-25,20.6,2023-24,15.4,2023-24,34.0,2024-25,17.7,2024-25,15.3,2024-25,15.5,2024-25,4.0,2024-25,5.0,2024-25,4.0,2024-25,3.0,2024-25,U66241,budget_not_comparable
400035,CHICAGO MATH & SCIENCE HS,Chicago Math and Science Academy Charter School,charter,Charter,Charter,Traditional,,application,,6-12,combo,7212 N CLARK ST,42.01303,-87.67482,2a,ROGERS PARK,49,15016299025217C,,607,623,617,-10,-1.6,3.8,2026-27,46.5,2026-27,35.7,2026-27,11.7,2026-27,1.5,2026-27,0.5,2026-27,0.0,2026-27,0.3,2026-27,0.0,2026-27,82.5,2026-27,42.7,2026-27,13.7,2026-27,3.9,2024-25,*,2024-25,12581845,2026-27,20728,2026-27,11740424,2025-26,2.0,2026-27,18544,2024-25,16708,2024-25,1836,2024-25,30.9,2024-25,14.4,2024-25,41.9,2024-25,53.2,2024-25,92.0,2024-25,24.0,2024-25,87.5,2024-25,84.3,2024-25,69.6,2024-25,32.3,2023-24,36.6,2023-24,49.0,2024-25,41.7,2024-25,17.7,2024-25,19.2,2024-25,3.0,2024-25,3.0,2024-25,3.0,2024-25,3.0,2024-25,U66281,budget_not_comparable
400039,ERIE,Erie Elementary Charter School,charter,Charter,Charter,Traditional,,application,,K-8,ES,1405 N WASHTENAW AVE,41.90677,-87.69436,3b,WEST TOWN,26,15016299025219C,,355,379,404,-49,-12.1,3.1,2026-27,17.7,2026-27,73.0,2026-27,0.0,2026-27,0.6,2026-27,0.0,2026-27,0.0,2026-27,0.0,2026-27,5.6,2026-27,78.6,2026-27,39.7,2026-27,11.8,2026-27,*,2024-25,*,2024-25,7708953,2026-27,21715,2026-27,7509580,2025-26,0.0,2026-27,5124,2024-25,3698,2024-25,1426,2024-25,19.3,2024-25,9.4,2024-25,48.3,2024-25,44.2,2024-25,94.6,2024-25,15.6,2024-25,,,,,,,,,,,,,,,,,,,3.0,2024-25,3.0,2024-25,3.0,2024-25,,,U66331,budget_not_comparable
400044,KIPP - ASCEND,KIPP Ascend Charter School,charter,Charter,Charter,Traditional,,application,,K-8,ES,1616 S AVERS AVE,41.85837,-87.72107,5b,NORTH LAWNDALE,24,15016299025282C,,783,861,903,-120,-13.3,0.4,2026-27,87.1,2026-27,11.6,2026-27,0.0,2026-27,0.9,2026-27,0.0,2026-27,0.0,2026-27,0.0,2026-27,0.0,2026-27,84.7,2026-27,9.1,2026-27,14.6,2026-27,14.9,2024-25,*,2024-25,14554975,2026-27,18589,2026-27,14654144,2025-26,3.0,2026-27,20058,2024-25,18674,2024-25,1384,2024-25,29.6,2024-25,12.7,2024-25,48.5,2024-25,48.1,2024-25,93.0,2024-25,24.8,2024-25,,,,,,,,,,,,,,,,,,,3.0,2024-25,3.0,2024-25,3.0,2024-25,,,U66261,budget_not_comparable
400046,LEARN - BUTLER,L.E.A.R.N. - Romano Butler Campus,charter,Charter,Charter,Traditional,,application,,K-8,ES,1132 S HOMAN AVE,41.86727,-87.71068,5b,NORTH LAWNDALE,24,15016299025283C,,468,475,481,-13,-2.7,0.2,2026-27,98.1,2026-27,1.5,2026-27,0.0,2026-27,0.2,2026-27,0.0,2026-27,0.0,2026-27,0.0,2026-27,0.0,2026-27,87.0,2026-27,0.2,2026-27,12.4,2026-27,9.1,2024-25,*,2024-25,9506001,2026-27,20312,2026-27,9704744,2025-26,0.0,2026-27,19472,2024-25,18058,2024-25,1414,2024-25,37.3,2024-25,30.8,2024-25,46.3,2024-25,52.8,2024-25,93.6,2024-25,22.5,2024-25,,,,,,,,,,,,,,,,,,,4.0,2024-25,4.0,2024-25,4.0,2024-25,,,U66211,budget_not_comparable
400047,LEARN - CAMPBELL,L.E.A.R.N. - Charles and Dorothy Campbell Campus,charter,Charter,Charter,Traditional,,application,,K-6,ES,212 S FRANCISCO AVE,41.87786,-87.69874,5b,EAST GARFIELD PARK,27,15016299025273C,,372,384,358,14,3.9,0.3,2026-27,95.4,2026-27,3.5,2026-27,0.0,2026-27,0.5,2026-27,0.0,2026-27,0.3,2026-27,0.0,2026-27,0.0,2026-27,84.4,2026-27,1.6,2026-27,18.5,2026-27,3.6,2024-25,*,2024-25,7690483,2026-27,20673,2026-27,7347147,2025-26,0.0,2026-27,20071,2024-25,18636,2024-25,1435,2024-25,43.5,2024-25,34.1,2024-25,55.6,2024-25,50.4,2024-25,94.4,2024-25,17.1,2024-25,,,,,,,,,,,,,,,,,,,3.0,2024-25,3.0,2024-25,3.0,2024-25,,,U66562,budget_not_comparable
400048,LEARN - EXCEL,L.E.A.R.N. - Excel Campus,charter,Charter,Charter,Traditional,,application,,K-6,ES,3021 W CARROLL AVE,41.88732,-87.70207,5b,EAST GARFIELD PARK,27,15016299025272C,,396,410,384,12,3.1,0.5,2026-27,95.7,2026-27,2.8,2026-27,0.3,2026-27,0.3,2026-27,0.0,2026-27,0.0,2026-27,0.0,2026-27,0.5,2026-27,75.3,2026-27,1.3,2026-27,13.4,2026-27,7.1,2024-25,*,2024-25,8191228,2026-27,20685,2026-27,7667668,2025-26,0.0,2026-27,19061,2024-25,17631,2024-25,1430,2024-25,52.8,2024-25,40.3,2024-25,48.9,2024-25,59.3,2024-25,92.9,2024-25,23.8,2024-25,,,,,,,,,,,,,,,,,,,3.0,2024-25,3.0,2024-25,3.0,2024-25,,,U66561,budget_not_comparable
400049,LEGACY,Legacy Charter School,charter,Charter,Charter,Traditional,,application,,K-8,ES,3318 W OGDEN AVE,41.85696,-87.70851,5b,NORTH LAWNDALE,24,15016299025221C,,447,456,465,-18,-3.9,0.4,2026-27,92.4,2026-27,6.9,2026-27,0.0,2026-27,0.0,2026-27,0.2,2026-27,0.0,2026-27,0.0,2026-27,0.0,2026-27,79.9,2026-27,1.1,2026-27,18.1,2026-27,2.4,2024-25,*,2024-25,9205209,2026-27,20593,2026-27,9073580,2025-26,0.0,2026-27,22085,2024-25,20669,2024-25,1416,2024-25,39.2,2024-25,11.7,2024-25,56.0,2024-25,46.8,2024-25,91.7,2024-25,30.4,2024-25,,,,,,,,,,,,,,,,,,,3.0,2024-25,3.0,2024-25,3.0,2024-25,,,U67071,budget_not_comparable
400050,NAMASTE,Namaste Charter School,charter,Charter,Charter,Traditional,,application,,K-8,ES,3737 S PAULINA ST,41.8257,-87.66772,8b,MCKINLEY PARK,12,15016299025218C,,394,386,369,25,6.8,5.1,2026-27,14.2,2026-27,78.4,2026-27,0.5,2026-27,1.5,2026-27,0.3,2026-27,0.0,2026-27,0.0,2026-27,0.0,2026-27,76.1,2026-27,38.1,2026-27,22.8,2026-27,4.9,2024-25,*,2024-25,7686093,2026-27,19508,2026-27,7718806,2025-26,0.0,2026-27,22029,2024-25,20597,2024-25,1433,2024-25,46.9,2024-25,26.5,2024-25,56.9,2024-25,58.8,2024-25,91.4,2024-25,33.1,2024-25,,,,,,,,,,,,,,,,,,,3.0,2024-25,3.0,2024-25,3.0,2024-25,,,U66271,budget_not_comparable
400051,NOBLE - NOBLE HS,Noble - Noble College Prep,charter,Charter,Charter,Traditional,,application,,9-12,HS,1010 N NOBLE ST,41.90019,-87.66263,5b,WEST TOWN,1,15016299025041C,,642,690,685,-43,-6.3,1.7,2026-27,18.7,2026-27,77.7,2026-27,0.6,2026-27,0.9,2026-27,0.2,2026-27,0.0,2026-27,0.0,2026-27,0.2,2026-27,85.5,2026-27,35.5,2026-27,16.7,2026-27,3.2,2024-25,*,2024-25,13754822,2026-27,21425,2026-27,13067975,2025-26,0.0,2026-27,21277,2024-25,19590,2024-25,1687,2024-25,,,,,,,,,90.6,2024-25,34.4,2024-25,86.1,2024-25,92.6,2024-25,76.8,2024-25,16.1,2023-24,25.8,2023-24,54.1,2024-25,28.7,2024-25,17.6,2024-25,17.7,2024-25,4.0,2024-25,4.0,2024-25,4.0,2024-25,4.0,2024-25,U66141,budget_not_comparable
400052,NOBLE - COMER,Noble - Gary Comer College Prep,charter,Charter,Charter,Traditional,,application,,6-12,combo,7131 S SOUTH CHICAGO AVE,41.76525,-87.60416,10a,GREATER GRAND CROSSING,5,15016299025032C,,1136,1110,1005,131,13.0,0.0,2026-27,97.3,2026-27,1.9,2026-27,0.0,2026-27,0.1,2026-27,0.1,2026-27,0.0,2026-27,0.0,2026-27,0.6,2026-27,91.5,2026-27,1.5,2026-27,19.1,2026-27,5.9,2024-25,1.1,2024-25,21257030,2026-27,18712,2026-27,19963631,2025-26,0.0,2026-27,23226,2024-25,21556,2024-25,1670,2024-25,44.4,2024-25,13.1,2024-25,48.3,2024-25,51.1,2024-25,83.4,2024-25,58.2,2024-25,85.5,2024-25,69.1,2024-25,67.6,2024-25,5.5,2023-24,3.1,2023-24,15.6,2024-25,5.0,2024-25,14.3,2024-25,14.1,2024-25,3.0,2024-25,2.0,2024-25,3.0,2024-25,2.0,2024-25,U66146,budget_not_comparable
400053,NOBLE - GOLDER HS,Noble - Golder College Prep,charter,Charter,Charter,Traditional,,application,,9-12,HS,1454 W SUPERIOR ST,41.89528,-87.66448,5b,WEST TOWN,27,15016299025031C,,610,648,643,-33,-5.1,1.3,2026-27,40.5,2026-27,57.7,2026-27,0.2,2026-27,0.3,2026-27,0.0,2026-27,0.0,2026-27,0.0,2026-27,0.0,2026-27,94.3,2026-27,30.8,2026-27,18.9,2026-27,2.4,2024-25,*,2024-25,12942546,2026-27,21217,2026-27,12365890,2025-26,0.0,2026-27,20534,2024-25,18843,2024-25,1691,2024-25,,,,,,,,,85.4,2024-25,51.9,2024-25,91.4,2024-25,93.9,2024-25,71.1,2024-25,16.3,2023-24,10.8,2023-24,32.5,2024-25,16.5,2024-25,15.4,2024-25,15.7,2024-25,3.0,2024-25,4.0,2024-25,4.0,2024-25,3.0,2024-25,U66145,budget_not_comparable
400054,NOBLE - PRITZKER HS,Noble - Pritzker College Prep,charter,Charter,Charter,Traditional,,application,,9-12,HS,4131 W CORTLAND ST,41.91521,-87.73013,3b,HERMOSA,26,15016299025028C,,1019,1006,989,30,3.0,0.5,2026-27,6.7,2026-27,92.5,2026-27,0.3,2026-27,0.0,2026-27,0.0,2026-27,0.0,2026-27,0.0,2026-27,0.0,2026-27,93.1,2026-27,45.6,2026-27,13.4,2026-27,1.8,2024-25,*,2024-25,20101948,2026-27,19727,2026-27,18950661,2025-26,0.0,2026-27,19568,2024-25,17898,2024-25,1670,2024-25,,,,,,,,,88.6,2024-25,33.1,2024-25,90.8,2024-25,86.7,2024-25,78.8,2024-25,26.7,2023-24,24.4,2023-24,39.4,2024-25,19.9,2024-25,16.2,2024-25,16.1,2024-25,4.0,2024-25,4.0,2024-25,4.0,2024-25,4.0,2024-25,U66142,budget_not_comparable
400055,NOBLE - RAUNER HS,Noble - Rauner College Prep,charter,Charter,Charter,Traditional,,application,,9-12,HS,1337 W OHIO ST,41.89243,-87.66086,5b,WEST TOWN,1,15016299025029C,,382,465,556,-174,-31.3,1.6,2026-27,41.9,2026-27,55.2,2026-27,0.5,2026-27,0.3,2026-27,0.0,2026-27,0.0,2026-27,0.0,2026-27,0.5,2026-27,88.7,2026-27,24.9,2026-27,17.5,2026-27,9.3,2024-25,*,2024-25,9351316,2026-27,24480,2026-27,9094801,2025-26,0.0,2026-27,23093,2024-25,21393,2024-25,1700,2024-25,,,,,,,,,86.4,2024-25,49.8,2024-25,81.8,2024-25,82.2,2024-25,69.1,2024-25,8.0,2023-24,7.5,2023-24,29.8,2024-25,11.3,2024-25,15.8,2024-25,15.1,2024-25,,,,,,,3.0,2024-25,U66143,budget_not_comparable
400056,NOBLE - ROWE CLARK HS,Noble - Rowe-Clark Math and Science Academy,charter,Charter,Charter,Traditional,,application,,9-12,HS,3645 W CHICAGO AVE,41.89536,-87.71805,5a,HUMBOLDT PARK,27,15016299025030C,,271,303,311,-40,-12.9,0.0,2026-27,83.0,2026-27,16.6,2026-27,0.0,2026-27,0.0,2026-27,0.0,2026-27,0.4,2026-27,0.0,2026-27,0.0,2026-27,93.7,2026-27,12.5,2026-27,28.4,2026-27,19.9,2024-25,*,2024-25,6116273,2026-27,22569,2026-27,6062567,2025-26,0.0,2026-27,28720,2024-25,26967,2024-25,1754,2024-25,,,,,,,,,81.7,2024-25,65.7,2024-25,83.3,2024-25,90.5,2024-25,37.7,2024-25,6.3,2023-24,0.0,2023-24,14.3,2024-25,7.1,2024-25,13.2,2024-25,14.3,2024-25,,,,,,,2.0,2024-25,U66144,budget_not_comparable
400057,NOBLE - UIC HS,Noble - UIC College Prep,charter,Charter,Charter,Traditional,,application,,9-12,HS,1231 S DAMEN AVE,41.86582,-87.67611,7a,NEAR WEST SIDE,28,15016299025033C,,996,958,949,47,5.0,0.4,2026-27,46.0,2026-27,45.0,2026-27,7.5,2026-27,0.9,2026-27,0.2,2026-27,0.0,2026-27,0.0,2026-27,0.0,2026-27,88.8,2026-27,18.7,2026-27,18.0,2026-27,4.8,2024-25,*,2024-25,15836676,2026-27,15900,2026-27,15299548,2025-26,0.0,2026-27,19226,2024-25,17554,2024-25,1672,2024-25,,,,,,,,,86.7,2024-25,49.3,2024-25,86.6,2024-25,83.7,2024-25,77.9,2024-25,14.6,2023-24,10.2,2023-24,36.5,2024-25,13.7,2024-25,16.0,2024-25,15.4,2024-25,3.0,2024-25,2.0,2024-25,3.0,2024-25,3.0,2024-25,U66147,budget_not_comparable
400058,NLCP - CHRISTIANA HS,North Lawndale College Prep - Christiana,charter,Charter,Charter,Traditional,,application,,9-12,HS,1615 S CHRISTIANA AVE,41.85856,-87.70899,5b,NORTH LAWNDALE,24,15016299025084C,,265,227,251,14,5.6,0.4,2026-27,96.2,2026-27,2.3,2026-27,0.0,2026-27,0.0,2026-27,0.0,2026-27,0.0,2026-27,0.0,2026-27,1.1,2026-27,96.2,2026-27,1.5,2026-27,19.2,2026-27,20.7,2024-25,*,2024-25,4119590,2026-27,15546,2026-27,5200660,2025-26,4.0,2026-27,14036,2024-25,12254,2024-25,1783,2024-25,,,,,,,,,85.6,2024-25,55.4,2024-25,94.0,2024-25,82.9,2024-25,47.0,2024-25,0.0,2023-24,1.4,2023-24,7.7,2024-25,3.1,2024-25,12.9,2024-25,13.6,2024-25,3.0,2024-25,4.0,2024-25,4.0,2024-25,3.0,2024-25,U66091,budget_not_comparable
400059,NLCP - COLLINS HS,North Lawndale College Prep - Collins,charter,Charter,Charter,Traditional,,application,,9-12,HS,1615 S CHRISTIANA AVE,41.85756,-87.70899,5b,NORTH LAWNDALE,24,15016299025046C,,94,142,268,-174,-64.9,1.1,2026-27,93.6,2026-27,4.3,2026-27,0.0,2026-27,1.1,2026-27,0.0,2026-27,0.0,2026-27,0.0,2026-27,0.0,2026-27,100.0,2026-27,0.0,2026-27,22.3,2026-27,24.8,2024-25,*,2024-25,2401393,2026-27,25547,2026-27,2667370,2025-26,0.0,2026-27,17039,2024-25,15266,2024-25,1773,2024-25,,,,,,,,,80.2,2024-25,74.5,2024-25,93.5,2024-25,87.8,2024-25,44.7,2024-25,2.3,2023-24,2.3,2023-24,4.9,2024-25,4.9,2024-25,11.8,2024-25,13.8,2024-25,2.0,2024-25,2.0,2024-25,2.0,2024-25,2.0,2024-25,U66092,budget_not_comparable
400060,PASSAGES,Asian Human Services - Passages Charter School,charter,Charter,Charter,Traditional,,application,,K-8,ES,1643 W BRYN MAWR AVE,41.98337,-87.67116,2b,EDGEWATER,40,15016299025214C,,221,335,385,-164,-42.6,7.7,2026-27,35.7,2026-27,17.2,2026-27,37.1,2026-27,2.3,2026-27,0.0,2026-27,0.0,2026-27,0.0,2026-27,0.0,2026-27,84.6,2026-27,68.3,2026-27,5.9,2026-27,14.8,2024-25,*,2024-25,6940248,2026-27,31404,2026-27,7270224,2025-26,2.0,2026-27,18466,2024-25,17037,2024-25,1429,2024-25,23.8,2024-25,8.6,2024-25,46.9,2024-25,39.3,2024-25,87.9,2024-25,50.9,2024-25,,,,,,,,,,,,,,,,,,,2.0,2024-25,2.0,2024-25,3.0,2024-25,,,U66191,budget_not_comparable
400061,PERSPECTIVES - LEADERSHIP HS,Perspectives - Leadership Academy,charter,Charter,Charter,Traditional,,application,,6-12,combo,8522 S LAFAYETTE AVE,41.73879,-87.6265,10b,CHATHAM,21,15016299025051C,,649,778,821,-172,-21.0,0.0,2026-27,96.8,2026-27,2.3,2026-27,0.0,2026-27,0.3,2026-27,0.0,2026-27,0.0,2026-27,0.0,2026-27,0.6,2026-27,92.8,2026-27,0.8,2026-27,15.7,2026-27,2.4,2024-25,1.5,2024-25,15563902,2026-27,23981,2026-27,15025990,2025-26,0.0,2026-27,20832,2024-25,19154,2024-25,1678,2024-25,23.0,2024-25,3.0,2024-25,39.5,2024-25,44.2,2024-25,79.3,2024-25,73.8,2024-25,79.7,2024-25,83.0,2024-25,*,2024-25,2.7,2023-24,0.0,2023-24,19.1,2024-25,2.1,2024-25,13.8,2024-25,13.5,2024-25,3.0,2024-25,3.0,2024-25,3.0,2024-25,2.0,2024-25,U66052,budget_not_comparable
400062,PERSPECTIVES - TECH HS,Perspectives - High School of Technology,charter,Charter,Charter,Traditional,,application,,9-12,HS,8522 S LAFAYETTE AVE,41.73752,-87.62649,10b,CHATHAM,21,15016299025052C,,244,333,312,-68,-21.8,0.0,2026-27,97.1,2026-27,2.5,2026-27,0.0,2026-27,0.0,2026-27,0.4,2026-27,0.0,2026-27,0.0,2026-27,0.0,2026-27,93.4,2026-27,1.6,2026-27,18.4,2026-27,*,2024-25,*,2024-25,6616056,2026-27,27115,2026-27,6629519,2025-26,0.0,2026-27,25529,2024-25,23776,2024-25,1753,2024-25,,,,,,,,,79.4,2024-25,72.3,2024-25,89.3,2024-25,87.7,2024-25,*,2024-25,2.1,2023-24,0.0,2023-24,22.5,2024-25,1.3,2024-25,14.4,2024-25,14.1,2024-25,3.0,2024-25,3.0,2024-25,3.0,2024-25,2.0,2024-25,U66053,budget_not_comparable
400064,PERSPECTIVES - JOSLIN HS,Perspectives - Rodney D. Joslin,charter,Charter,Charter,Traditional,,application,,6-12,combo,1930 S ARCHER AVE,41.856,-87.62853,8b,NEAR SOUTH SIDE,3,15016299025050C,,205,314,317,-112,-35.3,0.5,2026-27,92.7,2026-27,3.4,2026-27,0.5,2026-27,1.0,2026-27,1.0,2026-27,0.0,2026-27,0.0,2026-27,1.0,2026-27,95.1,2026-27,1.0,2026-27,20.5,2026-27,*,2024-25,*,2024-25,6333513,2026-27,30895,2026-27,6252711,2025-26,0.0,2026-27,20440,2024-25,18689,2024-25,1751,2024-25,43.8,2024-25,12.8,2024-25,53.7,2024-25,43.5,2024-25,81.5,2024-25,75.2,2024-25,87.0,2024-25,83.3,2024-25,42.4,2023-24,1.8,2023-24,1.8,2023-24,12.8,2024-25,7.4,2024-25,12.8,2024-25,14.7,2024-25,3.0,2024-25,3.0,2024-25,3.0,2024-25,3.0,2024-25,U66051,budget_not_comparable
400066,PERSPECTIVES - MATH & SCI HS,Perspectives - Math and Science Academy,charter,Charter,Charter,Traditional,,application,,6-12,combo,3663 S WABASH AVE,41.82778,-87.62479,6b,DOUGLAS,3,15016299025053C,,345,429,394,-49,-12.4,0.0,2026-27,96.2,2026-27,2.9,2026-27,0.0,2026-27,0.3,2026-27,0.3,2026-27,0.0,2026-27,0.0,2026-27,0.3,2026-27,95.9,2026-27,0.3,2026-27,19.4,2026-27,4.5,2024-25,*,2024-25,7122072,2026-27,20644,2026-27,7416513,2025-26,0.0,2026-27,21020,2024-25,19292,2024-25,1728,2024-25,21.4,2024-25,3.6,2024-25,34.0,2024-25,32.9,2024-25,79.6,2024-25,71.6,2024-25,89.2,2024-25,85.3,2024-25,48.5,2023-24,2.3,2023-24,2.3,2023-24,20.4,2024-25,4.9,2024-25,13.9,2024-25,13.5,2024-25,3.0,2024-25,3.0,2024-25,3.0,2024-25,2.0,2024-25,U66056,budget_not_comparable;isbe_match_by_address
400069,POLARIS,Polaris Charter Academy,charter,Charter,Charter,Traditional,,application,,K-8,ES,620 N SAWYER AVE,41.89255,-87.7078,5a,HUMBOLDT PARK,27,15016299025226C,,319,340,361,-42,-11.6,0.9,2026-27,89.3,2026-27,9.1,2026-27,0.0,2026-27,0.0,2026-27,0.0,2026-27,0.0,2026-27,0.0,2026-27,0.6,2026-27,82.8,2026-27,2.2,2026-27,13.5,2026-27,15.2,2024-25,*,2024-25,5639735,2026-27,17679,2026-27,5726836,2025-26,0.0,2026-27,22726,2024-25,21292,2024-25,1435,2024-25,24.2,2024-25,5.9,2024-25,51.4,2024-25,46.0,2024-25,87.6,2024-25,49.4,2024-25,,,,,,,,,,,,,,,,,,,4.0,2024-25,4.0,2024-25,3.0,2024-25,,,U67081,budget_not_comparable
400071,PROVIDENCE ENGLEWOOD,Providence Englewood Charter School,charter,Charter,Charter,Traditional,,application,,K-8,ES,6515 S ASHLAND AVE,41.77537,-87.664,9a,WEST ENGLEWOOD,16,15016299025224C,,455,438,434,21,4.8,0.4,2026-27,75.8,2026-27,12.1,2026-27,0.0,2026-27,0.2,2026-27,0.2,2026-27,0.0,2026-27,0.0,2026-27,11.2,2026-27,82.0,2026-27,9.9,2026-27,12.3,2026-27,9.8,2024-25,*,2024-25,7280837,2026-27,16002,2026-27,7264169,2025-26,0.0,2026-27,18786,2024-25,17365,2024-25,1420,2024-25,29.2,2024-25,19.2,2024-25,46.4,2024-25,50.1,2024-25,89.4,2024-25,41.2,2024-25,,,,,,,,,,,,,,,,,,,3.0,2024-25,3.0,2024-25,2.0,2024-25,,,U66471,budget_not_comparable
400075,U OF C - DONOGHUE,University of Chicago - Donoghue,charter,Charter,Charter,Traditional,,application,,K-5,ES,707 E 37TH ST,41.82773,-87.6085,10a,OAKLAND,4,15016299025281C,,429,470,500,-71,-14.2,0.2,2026-27,96.3,2026-27,1.9,2026-27,0.5,2026-27,0.7,2026-27,0.0,2026-27,0.0,2026-27,0.0,2026-27,0.5,2026-27,75.5,2026-27,2.8,2026-27,8.6,2026-27,3.0,2024-25,*,2024-25,7930373,2026-27,18486,2026-27,8143870,2025-26,3.0,2026-27,18355,2024-25,16944,2024-25,1411,2024-25,42.7,2024-25,25.3,2024-25,53.5,2024-25,47.4,2024-25,90.9,2024-25,36.3,2024-25,,,,,,,,,,,,,,,,,,,4.0,2024-25,4.0,2024-25,4.0,2024-25,,,U66321,budget_not_comparable
400076,U OF C - NKO,University of Chicago - North Kenwood/Oakland,charter,Charter,Charter,Traditional,,application,,K-5,ES,1119 E 46TH ST,41.81118,-87.59879,10a,KENWOOD,4,15016299025258C,,308,303,309,-1,-0.3,2.9,2026-27,93.8,2026-27,1.9,2026-27,0.0,2026-27,1.0,2026-27,0.3,2026-27,0.0,2026-27,0.0,2026-27,0.0,2026-27,55.2,2026-27,1.6,2026-27,12.3,2026-27,*,2024-25,*,2024-25,4938875,2026-27,16035,2026-27,5081137,2025-26,0.0,2026-27,20602,2024-25,19153,2024-25,1449,2024-25,41.4,2024-25,34.9,2024-25,50.1,2024-25,45.5,2024-25,91.9,2024-25,29.4,2024-25,,,,,,,,,,,,,,,,,,,3.0,2024-25,3.0,2024-25,3.0,2024-25,,,U66111,budget_not_comparable
400077,U OF C - WOODLAWN HS,University of Chicago - Woodlawn,charter,Charter,Charter,Traditional,,application,,6-12,combo,6300 S UNIVERSITY AVE,41.78041,-87.59738,6b,WOODLAWN,20,15016299025107C,,644,630,603,41,6.8,0.0,2026-27,97.0,2026-27,2.2,2026-27,0.2,2026-27,0.5,2026-27,0.2,2026-27,0.0,2026-27,0.0,2026-27,0.0,2026-27,80.9,2026-27,2.8,2026-27,15.4,2026-27,4.1,2024-25,*,2024-25,12734393,2026-27,19774,2026-27,12152950,2025-26,4.0,2026-27,21810,2024-25,20115,2024-25,1695,2024-25,29.2,2024-25,6.5,2024-25,38.3,2024-25,38.9,2024-25,85.8,2024-25,58.2,2024-25,82.1,2024-25,89.9,2024-25,65.5,2024-25,10.8,2023-24,3.6,2023-24,37.0,2024-25,4.9,2024-25,15.9,2024-25,15.2,2024-25,3.0,2024-25,2.0,2024-25,3.0,2024-25,3.0,2024-25,U66112,budget_not_comparable
400079,ACERO - ZIZUMBO,Acero Charter Schools - SPC Daniel Zizumbo,charter,Charter,Charter,Traditional,,application,,K-8,ES,4248 W 47TH ST,41.81013,-87.7305,7b,ARCHER HEIGHTS,14,15016299025264C,,505,513,534,-29,-5.4,1.2,2026-27,0.4,2026-27,97.4,2026-27,0.6,2026-27,0.2,2026-27,0.0,2026-27,0.0,2026-27,0.2,2026-27,0.0,2026-27,83.0,2026-27,48.5,2026-27,12.5,2026-27,*,2024-25,*,2024-25,10306951,2026-27,20410,2026-27,9926472,2025-26,0.0,2026-27,16630,2024-25,15222,2024-25,1407,2024-25,39.7,2024-25,17.5,2024-25,49.3,2024-25,47.7,2024-25,91.4,2024-25,29.1,2024-25,,,,,,,,,,,,,,,,,,,3.0,2024-25,3.0,2024-25,3.0,2024-25,,,U66395,budget_not_comparable
400080,ACERO - TORRES,Acero Charter Schools - PFC Omar E. Torres,charter,Charter,Charter,Traditional,,application,,K-8,ES,4248 W 47TH ST,41.8082,-87.73045,7b,ARCHER HEIGHTS,14,15016299025285C,,436,482,528,-92,-17.4,1.1,2026-27,2.3,2026-27,96.6,2026-27,0.0,2026-27,0.0,2026-27,0.0,2026-27,0.0,2026-27,0.0,2026-27,0.0,2026-27,82.3,2026-27,57.8,2026-27,16.1,2026-27,*,2024-25,*,2024-25,9748182,2026-27,22358,2026-27,9397249,2025-26,0.0,2026-27,16241,2024-25,14833,2024-25,1408,2024-25,26.6,2024-25,10.1,2024-25,49.8,2024-25,47.7,2024-25,90.9,2024-25,34.1,2024-25,,,,,,,,,,,,,,,,,,,3.0,2024-25,3.0,2024-25,3.0,2024-25,,,U66396,budget_not_comparable
400085,ACERO - GARCIA HS,Acero Charter Schools - Major Hector P. Garcia MD,charter,Charter,Charter,Traditional,,application,,9-12,HS,4248 W 47TH ST,41.80917,-87.73047,7b,ARCHER HEIGHTS,14,15016299025085C,,632,639,655,-23,-3.5,1.1,2026-27,0.5,2026-27,98.1,2026-27,0.0,2026-27,0.2,2026-27,0.0,2026-27,0.0,2026-27,0.2,2026-27,0.0,2026-27,88.4,2026-27,57.3,2026-27,19.0,2026-27,2.9,2024-25,*,2024-25,12799428,2026-27,20252,2026-27,12194675,2025-26,0.0,2026-27,17998,2024-25,16308,2024-25,1690,2024-25,,,,,,,,,84.7,2024-25,51.3,2024-25,91.7,2024-25,93.9,2024-25,56.8,2024-25,6.7,2023-24,0.6,2023-24,23.6,2024-25,5.7,2024-25,14.2,2024-25,14.9,2024-25,3.0,2024-25,3.0,2024-25,3.0,2024-25,4.0,2024-25,U66394,budget_not_comparable
400086,URBAN PREP HS,Urban Prep Academy for Young Men - Englewood,charter,Charter,Charter,Traditional,,application,,9-12,HS,6201 S STEWART AVE,41.7815,-87.63436,6b,ENGLEWOOD,20,15016299025010C,,125,81,87,38,43.7,0.0,2026-27,96.0,2026-27,1.6,2026-27,0.0,2026-27,0.8,2026-27,0.0,2026-27,0.0,2026-27,0.0,2026-27,1.6,2026-27,87.2,2026-27,2.4,2026-27,32.0,2026-27,*,2024-25,*,2024-25,2734445,2026-27,21876,2026-27,5748555,2025-26,3.0,2026-27,23316,2024-25,21250,2024-25,2066,2024-25,,,,,,,,,90.6,2024-25,33.0,2024-25,78.3,2024-25,*,2024-25,56.4,2024-25,4.2,2023-24,0.0,2023-24,18.2,2024-25,0.0,2024-25,15.0,2024-25,13.9,2024-25,3.0,2024-25,3.0,2024-25,3.0,2024-25,4.0,2024-25,U66441;U66442,budget_not_comparable;isbe_partial_campus
400089,ACERO - MARQUEZ,Acero Charter Schools - Officer Donald J. Marquez,charter,Charter,Charter,Traditional,,application,,K-8,ES,2916 W 47TH ST,41.80831,-87.69739,7b,BRIGHTON PARK,12,15016299025263C,,460,495,508,-48,-9.4,0.7,2026-27,0.4,2026-27,98.7,2026-27,0.0,2026-27,0.0,2026-27,0.0,2026-27,0.2,2026-27,0.0,2026-27,0.0,2026-27,87.8,2026-27,63.3,2026-27,15.9,2026-27,*,2024-25,*,2024-25,10008095,2026-27,21757,2026-27,9587870,2025-26,0.0,2026-27,16077,2024-25,14667,2024-25,1410,2024-25,24.3,2024-25,16.4,2024-25,46.4,2024-25,52.1,2024-25,91.7,2024-25,27.6,2024-25,,,,,,,,,,,,,,,,,,,3.0,2024-25,3.0,2024-25,3.0,2024-25,,,U66397,budget_not_comparable
400091,CHICAGO TECH HS,Chicago Technology Academy High School,contract,Contract,Contract,Traditional,,application,,9-12,HS,1301 W 14TH ST,41.8633,-87.65909,7a,NEAR WEST SIDE,28,150162990250850,,241,290,328,-87,-26.5,1.2,2026-27,84.6,2026-27,12.4,2026-27,0.0,2026-27,0.8,2026-27,0.0,2026-27,0.0,2026-27,0.0,2026-27,0.8,2026-27,89.6,2026-27,5.8,2026-27,26.1,2026-27,17.6,2024-25,*,2024-25,4804698,2026-27,19937,2026-27,5505441,2025-26,3.0,2026-27,22762,2024-25,21014,2024-25,1747,2024-25,,,,,,,,,83.5,2024-25,57.4,2024-25,88.7,2024-25,80.0,2024-25,44.2,2024-25,0.0,2023-24,0.0,2023-24,13.6,2024-25,1.1,2024-25,12.1,2024-25,12.9,2024-25,2.0,2024-25,2.0,2024-25,2.0,2024-25,,,U63091,budget_not_comparable
400092,CICS - BOND,CICS - Lloyd Bond,charter,Charter,Charter,Traditional,,application,,K-6,ES,13300 S LANGLEY AVE,41.65366,-87.60504,10b,RIVERDALE,10,15016299025280C,,300,287,279,21,7.5,0.0,2026-27,98.0,2026-27,1.3,2026-27,0.0,2026-27,0.7,2026-27,0.0,2026-27,0.0,2026-27,0.0,2026-27,0.0,2026-27,85.0,2026-27,0.3,2026-27,10.7,2026-27,*,2024-25,*,2024-25,5822905,2026-27,19410,2026-27,5852310,2025-26,0.0,2026-27,19856,2024-25,18396,2024-25,1460,2024-25,20.0,2024-25,13.1,2024-25,47.9,2024-25,44.1,2024-25,88.0,2024-25,43.6,2024-25,,,,,,,,,,,,,,,,,,,2.0,2024-25,2.0,2024-25,2.0,2024-25,,,U66076,budget_not_comparable
400096,ROWE,Rowe Elementary Charter School,charter,Charter,Charter,Traditional,,application,,K-8,ES,1424 N CLEAVER ST,41.9078,-87.66407,6a,WEST TOWN,1,15016299025230C,,470,517,635,-165,-26.0,1.5,2026-27,23.8,2026-27,72.8,2026-27,0.0,2026-27,1.1,2026-27,0.4,2026-27,0.2,2026-27,0.0,2026-27,0.2,2026-27,82.3,2026-27,37.4,2026-27,14.3,2026-27,6.8,2024-25,*,2024-25,9900577,2026-27,21065,2026-27,9813461,2025-26,0.0,2026-27,7815,2024-25,6417,2024-25,1398,2024-25,21.0,2024-25,7.7,2024-25,44.3,2024-25,38.4,2024-25,89.4,2024-25,38.1,2024-25,,,,,,,,,,,,,,,,,,,2.0,2024-25,2.0,2024-25,2.0,2024-25,,,U66571,budget_not_comparable
400097,NOBLE - BULLS HS,Noble - Chicago Bulls College Prep,charter,Charter,Charter,Traditional,,application,,9-12,HS,2040 W ADAMS ST,41.87881,-87.6782,5b,NEAR WEST SIDE,27,15016299025034C,,946,1015,1067,-121,-11.3,1.1,2026-27,75.6,2026-27,23.0,2026-27,0.1,2026-27,0.2,2026-27,0.0,2026-27,0.0,2026-27,0.0,2026-27,0.0,2026-27,88.5,2026-27,9.7,2026-27,20.3,2026-27,1.9,2024-25,*,2024-25,16874591,2026-27,17838,2026-27,16282679,2025-26,0.0,2026-27,19861,2024-25,18193,2024-25,1668,2024-25,,,,,,,,,85.2,2024-25,54.2,2024-25,88.2,2024-25,88.8,2024-25,72.3,2024-25,9.1,2023-24,7.5,2023-24,37.6,2024-25,16.1,2024-25,16.0,2024-25,15.7,2024-25,3.0,2024-25,2.0,2024-25,3.0,2024-25,3.0,2024-25,U66572,budget_not_comparable
400098,NOBLE - MUCHIN HS,Noble - Muchin College Prep,charter,Charter,Charter,Traditional,,application,,9-12,HS,1 N STATE ST,41.88274,-87.62634,6b,LOOP,34,15016299025035C,,934,952,916,18,2.0,1.1,2026-27,57.5,2026-27,37.4,2026-27,3.6,2026-27,0.2,2026-27,0.1,2026-27,0.0,2026-27,0.0,2026-27,0.1,2026-27,84.2,2026-27,17.0,2026-27,14.5,2026-27,6.2,2024-25,*,2024-25,18992013,2026-27,20334,2026-27,17855871,2025-26,0.0,2026-27,21519,2024-25,19846,2024-25,1673,2024-25,,,,,,,,,87.8,2024-25,48.9,2024-25,92.3,2024-25,85.4,2024-25,78.6,2024-25,13.2,2023-24,13.2,2023-24,35.1,2024-25,14.3,2024-25,15.4,2024-25,15.5,2024-25,,,,,,,3.0,2024-25,U66573,budget_not_comparable
400104,INSTITUTO - HEALTH,Instituto Health Sciences Career Academy,charter,Charter,Charter,Traditional,,application,,9-12,HS,2520 S WESTERN AVE,41.84597,-87.68724,7a,LOWER WEST SIDE,25,15016299025012C,,452,479,562,-110,-19.6,0.4,2026-27,2.7,2026-27,96.5,2026-27,0.2,2026-27,0.0,2026-27,0.2,2026-27,0.0,2026-27,0.0,2026-27,0.0,2026-27,89.4,2026-27,65.9,2026-27,15.3,2026-27,8.1,2024-25,*,2024-25,9968654,2026-27,22055,2026-27,9663954,2025-26,5.0,2026-27,21233,2024-25,19533,2024-25,1699,2024-25,,,,,,,,,82.3,2024-25,60.0,2024-25,84.0,2024-25,79.9,2024-25,46.2,2024-25,6.5,2023-24,2.2,2023-24,15.0,2024-25,8.6,2024-25,12.7,2024-25,14.7,2024-25,2.0,2024-25,2.0,2024-25,2.0,2024-25,3.0,2024-25,U63131,budget_not_comparable
400106,NOBLE - JOHNSON HS,Noble - John and Eunice Johnson College Prep,charter,Charter,Charter,Traditional,,application,,9-12,HS,6350 S STEWART AVE,41.77837,-87.63512,6b,ENGLEWOOD,20,15016299025036C,,505,538,505,0,0.0,0.2,2026-27,96.6,2026-27,2.2,2026-27,0.0,2026-27,0.4,2026-27,0.0,2026-27,0.2,2026-27,0.0,2026-27,0.4,2026-27,95.0,2026-27,0.8,2026-27,20.4,2026-27,11.8,2024-25,*,2024-25,8883548,2026-27,17591,2026-27,8770555,2025-26,0.0,2026-27,21067,2024-25,19360,2024-25,1707,2024-25,,,,,,,,,81.5,2024-25,65.9,2024-25,82.7,2024-25,84.1,2024-25,74.1,2024-25,3.3,2023-24,1.1,2023-24,22.3,2024-25,3.8,2024-25,14.3,2024-25,14.2,2024-25,3.0,2024-25,3.0,2024-25,3.0,2024-25,3.0,2024-25,U66148,budget_not_comparable
400107,LEARN - SOUTH CHICAGO,L.E.A.R.N. - South Chicago Campus,charter,Charter,Charter,Traditional,,application,,K-8,ES,8914 S BUFFALO AVE,41.73333,-87.54558,10b,SOUTH CHICAGO,10,15016299025274C,,396,390,390,6,1.5,1.3,2026-27,90.7,2026-27,7.3,2026-27,0.0,2026-27,0.3,2026-27,0.3,2026-27,0.3,2026-27,0.0,2026-27,0.0,2026-27,77.3,2026-27,6.3,2026-27,12.1,2026-27,7.2,2024-25,*,2024-25,6550396,2026-27,16541,2026-27,6486311,2025-26,0.0,2026-27,20444,2024-25,19015,2024-25,1428,2024-25,38.8,2024-25,29.5,2024-25,45.8,2024-25,51.8,2024-25,93.5,2024-25,20.5,2024-25,,,,,,,,,,,,,,,,,,,4.0,2024-25,3.0,2024-25,3.0,2024-25,,,U66563,budget_not_comparable
400111,LEARN - PERKINS,L.E.A.R.N. - Hunter Perkins Campus,charter,Charter,Charter,Traditional,,application,,K-8,ES,1700 W 83RD ST,41.74312,-87.66572,9a,AUBURN GRESHAM,17,15016299025275C,,525,491,482,43,8.9,0.4,2026-27,95.8,2026-27,3.0,2026-27,0.0,2026-27,0.6,2026-27,0.0,2026-27,0.2,2026-27,0.0,2026-27,0.0,2026-27,70.9,2026-27,1.0,2026-27,13.1,2026-27,3.2,2024-25,*,2024-25,9768910,2026-27,18607,2026-27,9248850,2025-26,0.0,2026-27,19353,2024-25,17940,2024-25,1413,2024-25,49.3,2024-25,21.5,2024-25,50.6,2024-25,56.4,2024-25,92.8,2024-25,23.3,2024-25,,,,,,,,,,,,,,,,,,,3.0,2024-25,2.0,2024-25,2.0,2024-25,,,U66564,budget_not_comparable
400112,ACERO - IDAR,Acero Charter Schools - Jovita Idar,charter,Charter,Charter,Traditional,,application,,K-8,ES,5050 S HOMAN AVE,41.80104,-87.7088,7b,GAGE PARK,14,15016299025284C,,554,547,529,25,4.7,2.9,2026-27,1.1,2026-27,95.5,2026-27,0.0,2026-27,0.0,2026-27,0.0,2026-27,0.0,2026-27,0.0,2026-27,0.5,2026-27,81.8,2026-27,57.2,2026-27,12.8,2026-27,*,2024-25,*,2024-25,11101268,2026-27,20038,2026-27,12466635,2025-26,0.0,2026-27,14730,2024-25,13322,2024-25,1408,2024-25,39.7,2024-25,18.3,2024-25,56.6,2024-25,57.5,2024-25,93.8,2024-25,16.3,2024-25,,,,,,,,,,,,,,,,,,,3.0,2024-25,3.0,2024-25,3.0,2024-25,,,U66399,budget_not_comparable
400115,CATALYST - MARIA,Catalyst - Maria Charter School,charter,Charter,Charter,Traditional,,application,,K-9,combo,6727 S CALIFORNIA AVE,41.771,-87.69308,8a,CHICAGO LAWN,16,15016299025232C,,564,550,539,25,4.6,2.3,2026-27,48.0,2026-27,48.6,2026-27,0.2,2026-27,0.4,2026-27,0.4,2026-27,0.0,2026-27,0.0,2026-27,0.2,2026-27,86.9,2026-27,27.1,2026-27,14.7,2026-27,2.7,2024-25,*,2024-25,22106514,2026-27,20006,2026-27,21156759,2025-26,0.0,2026-27,17469,2024-25,16062,2024-25,1407,2024-25,36.2,2024-25,25.9,2024-25,51.5,2024-25,53.9,2024-25,90.9,2024-25,28.7,2024-25,91.2,2024-25,86.5,2024-25,54.5,2024-25,7.0,2023-24,3.1,2023-24,22.6,2024-25,9.0,2024-25,14.4,2024-25,14.8,2024-25,3.0,2024-25,3.0,2024-25,3.0,2024-25,,,U66433,budget_k12_shared;budget_not_comparable;isbe_k12_shared
400116,MONTESSORI ENGLEWOOD,The Montessori School of Englewood Charter,charter,Charter,Charter,Traditional,,application,,K-8,ES,6936 S HERMITAGE AVE,41.76739,-87.66764,9a,WEST ENGLEWOOD,17,15016299025233C,,353,392,354,-1,-0.3,3.1,2026-27,74.5,2026-27,21.8,2026-27,0.0,2026-27,0.3,2026-27,0.3,2026-27,0.0,2026-27,0.0,2026-27,0.0,2026-27,82.4,2026-27,15.9,2026-27,23.2,2026-27,18.9,2024-25,*,2024-25,6716507,2026-27,19027,2026-27,7009666,2025-26,2.0,2026-27,21772,2024-25,20336,2024-25,1436,2024-25,12.9,2024-25,3.8,2024-25,38.9,2024-25,44.3,2024-25,92.4,2024-25,20.5,2024-25,,,,,,,,,,,,,,,,,,,3.0,2024-25,3.0,2024-25,3.0,2024-25,,,U66591,budget_not_comparable
400117,NOBLE - HANSBERRY HS,Noble - Hansberry College Prep,charter,Charter,Charter,Traditional,,application,,9-12,HS,8748 S ABERDEEN ST,41.73444,-87.65099,9a,AUBURN GRESHAM,21,15016299025037C,,588,565,528,60,11.4,0.0,2026-27,98.0,2026-27,1.4,2026-27,0.0,2026-27,0.7,2026-27,0.0,2026-27,0.0,2026-27,0.0,2026-27,0.0,2026-27,90.1,2026-27,1.5,2026-27,22.1,2026-27,6.5,2024-25,*,2024-25,11216322,2026-27,19075,2026-27,10697746,2025-26,0.0,2026-27,22521,2024-25,20817,2024-25,1704,2024-25,,,,,,,,,85.7,2024-25,56.0,2024-25,86.1,2024-25,90.4,2024-25,67.7,2024-25,8.3,2023-24,2.8,2023-24,26.0,2024-25,7.1,2024-25,14.6,2024-25,14.7,2024-25,3.0,2024-25,2.0,2024-25,3.0,2024-25,2.0,2024-25,U66574,budget_not_comparable
400118,NOBLE - DRW HS,Noble - DRW College Prep,charter,Charter,Charter,Traditional,,application,,9-12,HS,931 S HOMAN AVE,41.86933,-87.71165,5b,NORTH LAWNDALE,24,15016299025038C,,228,266,317,-89,-28.1,0.0,2026-27,96.5,2026-27,3.1,2026-27,0.0,2026-27,0.4,2026-27,0.0,2026-27,0.0,2026-27,0.0,2026-27,0.0,2026-27,96.9,2026-27,1.3,2026-27,24.1,2026-27,28.8,2024-25,*,2024-25,5346316,2026-27,23449,2026-27,5321507,2025-26,0.0,2026-27,29204,2024-25,27452,2024-25,1751,2024-25,,,,,,,,,79.1,2024-25,72.7,2024-25,69.7,2024-25,79.3,2024-25,44.1,2024-25,3.5,2023-24,5.8,2023-24,10.1,2024-25,13.0,2024-25,12.3,2024-25,14.7,2024-25,3.0,2024-25,2.0,2024-25,3.0,2024-25,3.0,2024-25,U66575,budget_not_comparable
400119,LEGAL PREP HS,Legal Prep Charter Academy,charter,Charter,Charter,Traditional,,application,,9-12,HS,4319 W WASHINGTON BLVD,41.88173,-87.73378,5b,WEST GARFIELD PARK,28,15016299025019C,,179,179,216,-37,-17.1,0.6,2026-27,93.9,2026-27,5.6,2026-27,0.0,2026-27,0.0,2026-27,0.0,2026-27,0.0,2026-27,0.0,2026-27,0.0,2026-27,98.3,2026-27,2.2,2026-27,20.7,2026-27,9.6,2024-25,*,2024-25,3732339,2026-27,20851,2026-27,3614111,2025-26,2.0,2026-27,25093,2024-25,22880,2024-25,2214,2024-25,,,,,,,,,78.0,2024-25,76.2,2024-25,84.6,2024-25,75.5,2024-25,43.4,2024-25,0.0,2023-24,0.0,2023-24,4.2,2024-25,4.2,2024-25,12.8,2024-25,13.5,2024-25,3.0,2024-25,3.0,2024-25,2.0,2024-25,2.0,2024-25,U66641,budget_not_comparable
400120,ACERO - CLEMENTE,Acero Charter Schools - Roberto Clemente,charter,Charter,Charter,Traditional,,application,,K-8,ES,2050 N NATCHEZ AVE,41.91795,-87.78783,5a,BELMONT CRAGIN,29,15016299025268C,,399,428,463,-64,-13.8,1.0,2026-27,8.0,2026-27,90.2,2026-27,0.0,2026-27,0.5,2026-27,0.3,2026-27,0.0,2026-27,0.0,2026-27,0.0,2026-27,75.7,2026-27,45.1,2026-27,13.3,2026-27,*,2024-25,*,2024-25,8662098,2026-27,21710,2026-27,8337818,2025-26,0.0,2026-27,15878,2024-25,14462,2024-25,1416,2024-25,30.1,2024-25,12.1,2024-25,48.8,2024-25,45.0,2024-25,91.0,2024-25,33.0,2024-25,,,,,,,,,,,,,,,,,,,1.0,2024-25,2.0,2024-25,3.0,2024-25,,,U66133,budget_not_comparable
400123,YCCS - SCHOLASTIC ACHIEVEMENT,YCCS- Academy of Scholastic Achievement HS,charter,Charter,Options,Options,reengagement,application,,10-12,HS,4651 W MADISON ST,41.88045,-87.74254,5a,AUSTIN,28,15016299025054C,,159,149,117,42,35.9,0.0,2026-27,96.9,2026-27,3.1,2026-27,0.0,2026-27,0.0,2026-27,0.0,2026-27,0.0,2026-27,0.0,2026-27,0.0,2026-27,95.0,2026-27,1.3,2026-27,19.5,2026-27,*,2024-25,*,2024-25,33825,2026-27,213,2026-27,33363,2025-26,1.0,2026-27,19485,2024-25,17318,2024-25,2168,2024-25,,,,,,,,,69.6,2024-25,74.8,2024-25,50.8,2024-25,,,*,2024-25,0.0,2023-24,0.0,2023-24,0.0,2024-25,0.0,2024-25,9.9,2024-25,13.1,2024-25,5.0,2024-25,,,,,5.0,2024-25,U66106,budget_not_comparable;budget_pp_outlier
400124,YCCS - MCKINLEY,YCCS- McKinley Lakeside Leadership HS,charter,Charter,Options,Options,reengagement,application,,10-12,HS,2920 S WABASH AVE,41.84133,-87.62533,6b,DOUGLAS,3,15016299025055C,,99,97,92,7,7.6,1.0,2026-27,94.9,2026-27,2.0,2026-27,0.0,2026-27,0.0,2026-27,0.0,2026-27,0.0,2026-27,0.0,2026-27,2.0,2026-27,94.9,2026-27,1.0,2026-27,19.2,2026-27,16.7,2024-25,*,2024-25,47074,2026-27,475,2026-27,55570,2025-26,1.0,2026-27,27280,2024-25,24967,2024-25,2313,2024-25,,,,,,,,,73.4,2024-25,87.1,2024-25,63.5,2024-25,,,*,2024-25,0.0,2023-24,0.0,2023-24,3.0,2024-25,0.0,2024-25,11.0,2024-25,12.1,2024-25,4.0,2024-25,4.0,2024-25,,,4.0,2024-25,U66107,budget_not_comparable;budget_pp_outlier
400125,YCCS - ASPIRA PANTOJA,"YCCS-ASPIRA,Antonia Pantoja Alternative HS",charter,Charter,Options,Options,reengagement,application,,10-12,HS,3121 N PULASKI RD,41.93819,-87.72714,3a,AVONDALE,31,15016299025056C,,91,167,184,-93,-50.5,7.7,2026-27,7.7,2026-27,83.5,2026-27,0.0,2026-27,0.0,2026-27,1.1,2026-27,0.0,2026-27,0.0,2026-27,0.0,2026-27,86.8,2026-27,49.5,2026-27,19.8,2026-27,17.9,2024-25,*,2024-25,82699,2026-27,909,2026-27,,,2.0,2026-27,18929,2024-25,16956,2024-25,1973,2024-25,,,,,,,,,64.1,2024-25,95.3,2024-25,51.9,2024-25,,,12.7,2024-25,1.4,2023-24,1.4,2023-24,0.0,2024-25,0.0,2024-25,9.5,2024-25,13.0,2024-25,3.0,2024-25,4.0,2024-25,3.0,2024-25,3.0,2024-25,U66108,budget_not_comparable;budget_pp_outlier
400126,YCCS - ASSOCIATION HOUSE,YCCS-Association House HS,charter,Charter,Options,Options,reengagement,application,,10-12,HS,1116 N KEDZIE AVE,41.90157,-87.70686,3b,HUMBOLDT PARK,26,15016299025057C,,103,101,100,3,3.0,1.9,2026-27,35.9,2026-27,57.3,2026-27,0.0,2026-27,1.9,2026-27,2.9,2026-27,0.0,2026-27,0.0,2026-27,0.0,2026-27,97.1,2026-27,31.1,2026-27,29.1,2026-27,11.9,2024-25,*,2024-25,,,,,,,,,18873,2024-25,16614,2024-25,2259,2024-25,,,,,,,,,52.2,2024-25,98.0,2024-25,37.3,2024-25,,,*,2024-25,0.0,2023-24,0.0,2023-24,0.0,2024-25,8.3,2024-25,10.5,2024-25,14.9,2024-25,4.0,2024-25,4.0,2024-25,4.0,2024-25,3.0,2024-25,U66109,budget_not_comparable;budget_zero_unit
400128,YCCS - CCA ACADEMY,YCCS-CCA Academy HS,charter,Charter,Options,Options,reengagement,application,,10-12,HS,1231 S PULASKI RD,41.86494,-87.72366,5b,NORTH LAWNDALE,24,15016299025059C,,104,121,120,-16,-13.3,0.0,2026-27,89.4,2026-27,10.6,2026-27,0.0,2026-27,0.0,2026-27,0.0,2026-27,0.0,2026-27,0.0,2026-27,0.0,2026-27,96.2,2026-27,4.8,2026-27,32.7,2026-27,32.8,2024-25,*,2024-25,47074,2026-27,453,2026-27,46795,2025-26,1.0,2026-27,13585,2024-25,11431,2024-25,2154,2024-25,,,,,,,,,47.5,2024-25,96.9,2024-25,59.7,2024-25,,,*,2024-25,2.2,2023-24,0.0,2023-24,0.0,2024-25,4.7,2024-25,8.2,2024-25,13.7,2024-25,4.0,2024-25,4.0,2024-25,,,4.0,2024-25,U66612,budget_not_comparable;budget_pp_outlier
400129,YCCS - PROGRESSIVE LEADERSHIP,YCCS-Progressive Leadership Academy,charter,Charter,Options,Options,reengagement,application,,10-12,HS,6620 S DR MARTIN LUTHER KING JR DR,41.77417,-87.61584,6b,GREATER GRAND CROSSING,20,15016299025060C,,75,126,114,-39,-34.2,0.0,2026-27,94.7,2026-27,4.0,2026-27,0.0,2026-27,1.3,2026-27,0.0,2026-27,0.0,2026-27,0.0,2026-27,0.0,2026-27,92.0,2026-27,1.3,2026-27,16.0,2026-27,29.7,2024-25,*,2024-25,,,,,,,,,22768,2024-25,20587,2024-25,2182,2024-25,,,,,,,,,66.4,2024-25,89.1,2024-25,56.2,2024-25,,,*,2024-25,1.5,2023-24,0.0,2023-24,0.0,2024-25,0.0,2024-25,9.2,2024-25,12.7,2024-25,2.0,2024-25,2.0,2024-25,,,3.0,2024-25,U66613,budget_not_comparable;budget_zero_unit
400130,YCCS - YOUTH DEVELOPMENT,YCCS-Community Youth Development Institute HS,charter,Charter,Options,Options,reengagement,application,,10-11,HS,7836 S UNION AVE,41.75138,-87.64173,9a,AUBURN GRESHAM,17,15016299025061C,,117,117,83,34,41.0,0.0,2026-27,96.6,2026-27,1.7,2026-27,0.0,2026-27,0.0,2026-27,0.0,2026-27,0.0,2026-27,0.0,2026-27,1.7,2026-27,93.2,2026-27,1.7,2026-27,23.1,2026-27,15.9,2024-25,*,2024-25,49490,2026-27,423,2026-27,51181,2025-26,1.0,2026-27,19624,2024-25,17238,2024-25,2387,2024-25,,,,,,,,,70.5,2024-25,91.4,2024-25,30.6,2024-25,,,*,2024-25,0.0,2023-24,0.0,2023-24,2.9,2024-25,2.9,2024-25,8.6,2024-25,13.5,2024-25,4.0,2024-25,4.0,2024-25,,,3.0,2024-25,U66614,budget_not_comparable;budget_pp_outlier
400131,YCCS - CAMPOS,YCCS-Dr. Pedro Albizu Campos Puerto Rican HS,charter,Charter,Options,Options,reengagement,application,,10-12,HS,2739 W DIVISION ST,41.90285,-87.69601,3b,WEST TOWN,26,15016299025062C,,188,200,187,1,0.5,2.7,2026-27,16.5,2026-27,79.8,2026-27,0.5,2026-27,0.0,2026-27,0.0,2026-27,0.5,2026-27,0.0,2026-27,0.0,2026-27,93.6,2026-27,45.2,2026-27,20.2,2026-27,16.7,2024-25,*,2024-25,,,,,,,,,18793,2024-25,16826,2024-25,1967,2024-25,,,,,,,,,69.3,2024-25,87.8,2024-25,33.3,2024-25,,,*,2024-25,1.5,2023-24,0.0,2023-24,4.3,2024-25,0.0,2024-25,11.2,2024-25,12.8,2024-25,3.0,2024-25,3.0,2024-25,,,3.0,2024-25,U66615,budget_not_comparable;budget_zero_unit
400133,YCCS - INNOVATIONS,YCCS- Innovations HS of Arts Integration,charter,Charter,Options,Options,reengagement,application,,10-12,HS,17 N STATE ST,41.88305,-87.62773,6b,LOOP,34,15016299025063C,,327,406,395,-68,-17.2,0.6,2026-27,88.4,2026-27,9.8,2026-27,0.9,2026-27,0.3,2026-27,0.0,2026-27,0.0,2026-27,0.0,2026-27,0.0,2026-27,96.0,2026-27,3.4,2026-27,17.1,2026-27,8.4,2024-25,*,2024-25,98316,2026-27,301,2026-27,92605,2025-26,2.0,2026-27,23011,2024-25,21221,2024-25,1791,2024-25,,,,,,,,,44.0,2024-25,92.2,2024-25,56.7,2024-25,,,16.5,2024-25,1.0,2023-24,0.0,2023-24,0.0,2024-25,0.0,2024-25,10.2,2024-25,12.3,2024-25,4.0,2024-25,3.0,2024-25,4.0,2024-25,3.0,2024-25,U66617,budget_not_comparable;budget_pp_outlier
400135,YCCS - LATINO YOUTH,YCCS-Latino Youth Alternative HS,charter,Charter,Options,Options,reengagement,application,,10-12,HS,2001 S CALIFORNIA AVE,41.85466,-87.69543,7a,SOUTH LAWNDALE,25,15016299025065C,,119,165,168,-49,-29.2,0.0,2026-27,7.6,2026-27,92.4,2026-27,0.0,2026-27,0.0,2026-27,0.0,2026-27,0.0,2026-27,0.0,2026-27,0.0,2026-27,95.8,2026-27,52.9,2026-27,17.6,2026-27,26.3,2024-25,*,2024-25,28993,2026-27,244,2026-27,26578,2025-26,1.0,2026-27,19005,2024-25,17000,2024-25,2005,2024-25,,,,,,,,,64.6,2024-25,93.5,2024-25,24.0,2024-25,,,*,2024-25,0.0,2023-24,0.0,2023-24,3.5,2024-25,0.0,2024-25,10.5,2024-25,13.4,2024-25,4.0,2024-25,4.0,2024-25,3.0,2024-25,3.0,2024-25,U66619,budget_not_comparable;budget_pp_outlier
400136,YCCS - OLIVE HARVEY,YCCS-Olive Harvey Middle College HS,charter,Charter,Options,Options,reengagement,application,,10-12,HS,10001 S WOODLAWN AVE,41.71292,-87.59233,10b,PULLMAN,8,15016299025066C,,103,124,122,-19,-15.6,1.0,2026-27,80.6,2026-27,17.5,2026-27,0.0,2026-27,1.0,2026-27,0.0,2026-27,0.0,2026-27,0.0,2026-27,0.0,2026-27,87.4,2026-27,6.8,2026-27,14.6,2026-27,11.3,2024-25,*,2024-25,,,,,,,,,15554,2024-25,13408,2024-25,2146,2024-25,,,,,,,,,69.3,2024-25,87.9,2024-25,23.3,2024-25,,,*,2024-25,11.1,2023-24,2.2,2023-24,19.0,2024-25,2.3,2024-25,13.0,2024-25,14.3,2024-25,3.0,2024-25,3.0,2024-25,3.0,2024-25,3.0,2024-25,U66621,budget_not_comparable;budget_zero_unit
400139,YCCS - SULLIVAN,YCCS-Sullivan House Alternative HS,charter,Charter,Options,Options,reengagement,application,,10-12,HS,8164 S SOUTH CHICAGO AVE,41.74629,-87.57849,10b,AVALON PARK,8,15016299025067C,,253,252,277,-24,-8.7,0.8,2026-27,88.5,2026-27,9.9,2026-27,0.0,2026-27,0.8,2026-27,0.0,2026-27,0.0,2026-27,0.0,2026-27,0.0,2026-27,96.0,2026-27,2.0,2026-27,16.6,2026-27,20.8,2024-25,3.6,2024-25,79272,2026-27,313,2026-27,76870,2025-26,2.0,2026-27,22046,2024-25,20187,2024-25,1858,2024-25,,,,,,,,,81.8,2024-25,55.8,2024-25,40.3,2024-25,,,*,2024-25,0.0,2023-24,1.8,2023-24,0.0,2024-25,0.0,2024-25,9.6,2024-25,12.7,2024-25,5.0,2024-25,4.0,2024-25,4.0,2024-25,4.0,2024-25,U66623,budget_not_comparable;budget_pp_outlier
400141,YCCS - TRUMAN,YCCS-Truman Middle College HS,charter,Charter,Options,Options,reengagement,application,,10-12,HS,1145 W WILSON AVE,41.96529,-87.65924,4a,UPTOWN,46,15016299025068C,,150,171,177,-27,-15.3,7.3,2026-27,26.0,2026-27,48.7,2026-27,12.7,2026-27,0.7,2026-27,0.0,2026-27,0.7,2026-27,4.0,2026-27,0.0,2026-27,80.7,2026-27,41.3,2026-27,17.3,2026-27,22.1,2024-25,*,2024-25,,,,,,,,,18998,2024-25,17012,2024-25,1986,2024-25,,,,,,,,,67.8,2024-25,91.7,2024-25,34.3,2024-25,,,29.9,2024-25,7.9,2023-24,0.0,2023-24,7.9,2024-25,0.0,2024-25,12.2,2024-25,13.6,2024-25,3.0,2024-25,3.0,2024-25,2.0,2024-25,4.0,2024-25,U66625,budget_not_comparable;budget_zero_unit
400143,YCCS - WEST TOWN,YCCS-West Town Acad Alternative HS,charter,Charter,Options,Options,reengagement,application,,10-12,HS,500 N SACRAMENTO BLVD,41.8908,-87.70205,5b,HUMBOLDT PARK,27,15016299025070C,,99,113,105,-6,-5.7,0.0,2026-27,77.8,2026-27,22.2,2026-27,0.0,2026-27,0.0,2026-27,0.0,2026-27,0.0,2026-27,0.0,2026-27,0.0,2026-27,93.9,2026-27,7.1,2026-27,22.2,2026-27,20.2,2024-25,*,2024-25,51906,2026-27,524,2026-27,51100,2025-26,1.0,2026-27,14013,2024-25,11785,2024-25,2229,2024-25,,,,,,,,,53.3,2024-25,97.0,2024-25,48.4,2024-25,,,*,2024-25,6.1,2023-24,0.0,2023-24,0.0,2024-25,0.0,2024-25,9.6,2024-25,12.4,2024-25,4.0,2024-25,4.0,2024-25,4.0,2024-25,4.0,2024-25,U66627,budget_not_comparable;budget_pp_outlier
400144,YCCS - WEST,YCCS-West HS,charter,Charter,Options,Options,reengagement,application,,10-12,HS,4909 W DIVISION ST,41.90224,-87.74881,5a,AUSTIN,37,15016299025071C,,63,73,73,-10,-13.7,3.2,2026-27,77.8,2026-27,19.0,2026-27,0.0,2026-27,0.0,2026-27,0.0,2026-27,0.0,2026-27,0.0,2026-27,0.0,2026-27,95.2,2026-27,14.3,2026-27,23.8,2026-27,*,2024-25,*,2024-25,,,,,,,,,15685,2024-25,13195,2024-25,2490,2024-25,,,,,,,,,69.5,2024-25,82.5,2024-25,60.0,2024-25,,,*,2024-25,0.0,2023-24,0.0,2023-24,4.3,2024-25,2.2,2024-25,10.8,2024-25,13.3,2024-25,4.0,2024-25,4.0,2024-25,,,3.0,2024-25,U66628,budget_not_comparable;budget_zero_unit
400145,YCCS - YOUTH CONNECTION,YCCS-Youth Connection Leadership Acad HS,charter,Charter,Options,Options,reengagement,application,,10-12,HS,5101 S KEELER AVE,41.85721,-87.64489,7b,ARCHER HEIGHTS,25,15016299025072C,,73,97,102,-29,-28.4,2.7,2026-27,15.1,2026-27,80.8,2026-27,0.0,2026-27,1.4,2026-27,0.0,2026-27,0.0,2026-27,0.0,2026-27,0.0,2026-27,93.2,2026-27,46.6,2026-27,23.3,2026-27,25.3,2024-25,*,2024-25,51147,2026-27,701,2026-27,49982,2025-26,1.0,2026-27,27518,2024-25,25272,2024-25,2246,2024-25,,,,,,,,,59.2,2024-25,87.7,2024-25,37.5,2024-25,,,*,2024-25,0.0,2023-24,0.0,2023-24,4.3,2024-25,0.0,2024-25,11.3,2024-25,13.3,2024-25,4.0,2024-25,4.0,2024-25,,,3.0,2024-25,U66629,budget_not_comparable;budget_pp_outlier;community_area_mismatch
400146,KIPP - ACADEMY,KIPP Academy Chicago Campus,charter,Charter,Charter,Traditional,,application,,K-8,ES,4818 W OHIO ST,41.89182,-87.74661,5a,AUSTIN,37,15016299025101C,,658,627,664,-6,-0.9,0.2,2026-27,88.6,2026-27,10.6,2026-27,0.0,2026-27,0.6,2026-27,0.0,2026-27,0.0,2026-27,0.0,2026-27,0.0,2026-27,82.2,2026-27,7.8,2026-27,19.1,2026-27,17.1,2024-25,1.7,2024-25,11829508,2026-27,17978,2026-27,12090698,2025-26,6.0,2026-27,22854,2024-25,21458,2024-25,1396,2024-25,23.2,2024-25,11.1,2024-25,44.0,2024-25,43.1,2024-25,91.9,2024-25,28.8,2024-25,,,,,,,,,,,,,,,,,,,2.0,2024-25,2.0,2024-25,2.0,2024-25,,,U66031,budget_not_comparable
400147,CHICAGO EXCEL HS,Chicago Excel Academy HS,contract,Contract,Options,Options,reengagement,,,9-12,HS,1257 W 111TH ST,41.69197,-87.65373,9b,MORGAN PARK,21,,,257,279,268,-11,-4.1,0.0,2026-27,93.0,2026-27,5.8,2026-27,0.0,2026-27,0.8,2026-27,0.0,2026-27,0.0,2026-27,0.0,2026-27,0.4,2026-27,89.1,2026-27,0.8,2026-27,11.7,2026-27,,,,,4966463,2026-27,19325,2026-27,4809529,2025-26,2.0,2026-27,,,,,,,,,,,,,,,,,,,,,,,,,,,,,,,,,,,,,,,,,,,,,U63141,budget_not_comparable
400149,ACERO - SOTO HS,Acero Charter Schools - Victoria Soto,charter,Charter,Charter,Traditional,,application,,9-12,HS,5025 S SAINT LOUIS AVE,41.80176,-87.71102,7b,GAGE PARK,14,15016299025086C,,572,552,551,21,3.8,0.2,2026-27,0.2,2026-27,99.3,2026-27,0.2,2026-27,0.0,2026-27,0.2,2026-27,0.0,2026-27,0.0,2026-27,0.0,2026-27,91.6,2026-27,58.7,2026-27,17.7,2026-27,4.2,2024-25,*,2024-25,11111029,2026-27,19425,2026-27,10614547,2025-26,0.0,2026-27,22496,2024-25,20796,2024-25,1701,2024-25,,,,,,,,,83.7,2024-25,54.5,2024-25,90.1,2024-25,93.8,2024-25,50.4,2024-25,2.9,2023-24,2.2,2023-24,15.2,2024-25,4.3,2024-25,13.5,2024-25,14.3,2024-25,4.0,2024-25,4.0,2024-25,4.0,2024-25,3.0,2024-25,U66137,budget_not_comparable
400150,YCCS - CHATHAM,YCCS-Chatham AcademyHS,charter,Charter,Options,Options,reengagement,application,,10-12,HS,9035 S LANGLEY AVE,41.73013,-87.60698,10b,OAKLAND,8,15016299025073C,,47,108,108,-61,-56.5,0.0,2026-27,89.4,2026-27,8.5,2026-27,0.0,2026-27,2.1,2026-27,0.0,2026-27,0.0,2026-27,0.0,2026-27,0.0,2026-27,93.6,2026-27,2.1,2026-27,23.4,2026-27,23.5,2024-25,*,2024-25,135950,2026-27,2893,2026-27,161772,2025-26,2.0,2026-27,20045,2024-25,17833,2024-25,2212,2024-25,,,,,,,,,55.2,2024-25,88.2,2024-25,54.8,2024-25,,,*,2024-25,3.4,2023-24,0.0,2023-24,2.4,2024-25,0.0,2024-25,10.5,2024-25,12.4,2024-25,4.0,2024-25,4.0,2024-25,,,5.0,2024-25,U66631,budget_not_comparable;budget_pp_outlier;community_area_mismatch
400151,LEARN - 7,L.E.A.R.N. Charter School - 7th Campus,charter,Charter,Charter,Traditional,,application,,K-5,ES,3021 W CARROLL AVE,41.88732,-87.70142,5b,EAST GARFIELD PARK,27,15016299025276C,,158,157,152,6,3.9,0.0,2026-27,96.2,2026-27,3.2,2026-27,0.0,2026-27,0.6,2026-27,0.0,2026-27,0.0,2026-27,0.0,2026-27,0.0,2026-27,75.9,2026-27,0.6,2026-27,11.4,2026-27,7.6,2024-25,*,2024-25,3146833,2026-27,19917,2026-27,3141308,2025-26,0.0,2026-27,30399,2024-25,28848,2024-25,1551,2024-25,24.3,2024-25,23.2,2024-25,48.1,2024-25,58.9,2024-25,94.2,2024-25,16.6,2024-25,,,,,,,,,,,,,,,,,,,4.0,2024-25,4.0,2024-25,4.0,2024-25,,,U66566,budget_not_comparable
400153,ACERO - BRIGHTON PARK,Acero Charter Schools - Brighton Park,charter,Charter,Charter,Traditional,,application,,K-8,ES,4420 S FAIRFIELD AVE,41.81311,-87.69324,7b,BRIGHTON PARK,12,15016299025270C,,391,445,466,-75,-16.1,0.8,2026-27,1.0,2026-27,98.2,2026-27,0.0,2026-27,0.0,2026-27,0.0,2026-27,0.0,2026-27,0.0,2026-27,0.0,2026-27,88.7,2026-27,60.1,2026-27,12.8,2026-27,*,2024-25,*,2024-25,9070024,2026-27,23197,2026-27,8706910,2025-26,0.0,2026-27,16240,2024-25,14825,2024-25,1416,2024-25,29.2,2024-25,13.1,2024-25,47.8,2024-25,48.2,2024-25,91.8,2024-25,25.4,2024-25,,,,,,,,,,,,,,,,,,,3.0,2024-25,3.0,2024-25,3.0,2024-25,,,U66602,budget_not_comparable
400156,NOBLE - BUTLER HS,Noble - Butler College Prep,charter,Charter,Charter,Traditional,,application,,9-12,HS,821 E 103RD ST,41.70667,-87.60257,10b,PULLMAN,9,15016299025039C,,726,734,691,35,5.1,0.3,2026-27,94.6,2026-27,5.1,2026-27,0.0,2026-27,0.0,2026-27,0.0,2026-27,0.0,2026-27,0.0,2026-27,0.0,2026-27,92.6,2026-27,3.3,2026-27,19.4,2026-27,5.4,2024-25,*,2024-25,12141133,2026-27,16723,2026-27,11285817,2025-26,0.0,2026-27,20273,2024-25,18586,2024-25,1687,2024-25,,,,,,,,,84.2,2024-25,58.9,2024-25,89.4,2024-25,90.7,2024-25,59.3,2024-25,5.3,2023-24,4.6,2023-24,24.7,2024-25,7.6,2024-25,14.7,2024-25,15.0,2024-25,,,,,,,3.0,2024-25,U66576,budget_not_comparable
400157,NOBLE - BAKER HS,Noble - Baker College Prep,charter,Charter,Charter,Traditional,,application,,9-12,HS,2710 E 89TH ST,41.73462,-87.5562,10b,SOUTH CHICAGO,7,15016299025040C,,451,285,283,168,59.4,0.2,2026-27,70.3,2026-27,28.2,2026-27,0.0,2026-27,0.4,2026-27,0.0,2026-27,0.2,2026-27,0.0,2026-27,0.7,2026-27,94.0,2026-27,22.0,2026-27,21.5,2026-27,11.1,2024-25,*,2024-25,4783565,2026-27,10607,2026-27,4886359,2025-26,0.0,2026-27,24826,2024-25,23060,2024-25,1766,2024-25,,,,,,,,,82.7,2024-25,59.7,2024-25,76.4,2024-25,77.8,2024-25,59.3,2024-25,9.8,2023-24,1.6,2023-24,21.4,2024-25,8.9,2024-25,14.3,2024-25,14.0,2024-25,3.0,2024-25,2.0,2024-25,2.0,2024-25,3.0,2024-25,U66577,budget_not_comparable
400159,CHRISTOPHER HOUSE,Christopher House Charter School,charter,Charter,Charter,Traditional,,application,,K-8,ES,5235 W BELDEN AVE,41.92218,-87.75752,3b,BELMONT CRAGIN,36,15016299025235C,,477,470,472,5,1.1,1.5,2026-27,2.5,2026-27,96.0,2026-27,0.0,2026-27,0.0,2026-27,0.0,2026-27,0.0,2026-27,0.0,2026-27,0.0,2026-27,82.6,2026-27,42.3,2026-27,15.1,2026-27,*,2024-25,*,2024-25,9626496,2026-27,20181,2026-27,9082510,2025-26,0.0,2026-27,17779,2024-25,16365,2024-25,1415,2024-25,27.3,2024-25,11.7,2024-25,43.7,2024-25,42.4,2024-25,90.7,2024-25,35.1,2024-25,,,,,,,,,,,,,,,,,,,2.0,2024-25,2.0,2024-25,3.0,2024-25,,,U66661,budget_not_comparable
400161,CHICAGO COLLEGIATE,Chicago Collegiate Charter School,charter,Charter,Charter,Traditional,,application,,7-12,combo,11816 S INDIANA AVE,41.67932,-87.61797,9b,ROSELAND,9,15016299025236C,,203,233,252,-49,-19.4,0.0,2026-27,94.6,2026-27,5.4,2026-27,0.0,2026-27,0.0,2026-27,0.0,2026-27,0.0,2026-27,0.0,2026-27,0.0,2026-27,89.2,2026-27,2.5,2026-27,24.1,2026-27,10.0,2024-25,*,2024-25,4717970,2026-27,23241,2026-27,5050852,2025-26,0.0,2026-27,26303,2024-25,24521,2024-25,1782,2024-25,21.9,2024-25,6.2,2024-25,49.2,2024-25,42.3,2024-25,78.6,2024-25,77.7,2024-25,78.4,2024-25,97.6,2024-25,44.8,2024-25,0.0,2023-24,0.0,2023-24,8.3,2024-25,0.0,2024-25,12.3,2024-25,13.3,2024-25,3.0,2024-25,3.0,2024-25,3.0,2024-25,,,U66671,budget_not_comparable;community_area_mismatch
400162,INTRINSIC HS,Intrinsic Charter School,charter,Charter,Charter,Traditional,,application,,7-12,combo,4540 W BELMONT AVE,41.93899,-87.74113,3a,IRVING PARK,30,15016299025022C,,989,986,984,5,0.5,2.2,2026-27,2.7,2026-27,93.8,2026-27,0.6,2026-27,0.3,2026-27,0.2,2026-27,0.0,2026-27,0.0,2026-27,0.1,2026-27,87.1,2026-27,46.8,2026-27,19.8,2026-27,*,2024-25,*,2024-25,19977859,2026-27,20200,2026-27,19232312,2025-26,5.0,2026-27,15495,2024-25,13825,2024-25,1671,2024-25,42.8,2024-25,16.6,2024-25,49.3,2024-25,40.4,2024-25,87.2,2024-25,43.9,2024-25,91.1,2024-25,90.9,2024-25,*,2024-25,15.8,2023-24,13.3,2023-24,40.5,2024-25,18.9,2024-25,16.3,2024-25,16.2,2024-25,3.0,2024-25,3.0,2024-25,4.0,2024-25,4.0,2024-25,U66691,budget_not_comparable
400163,KIPP - BLOOM,KIPP Chicago Charter School - KIPP Bloom,charter,Charter,Charter,Traditional,,application,,K-8,ES,5515 S LOWE AVE,41.79356,-87.63997,9a,ENGLEWOOD,20,15016299025103C,,860,945,944,-84,-8.9,0.1,2026-27,92.8,2026-27,6.2,2026-27,0.0,2026-27,0.8,2026-27,0.0,2026-27,0.1,2026-27,0.0,2026-27,0.0,2026-27,88.3,2026-27,3.1,2026-27,12.7,2026-27,9.3,2024-25,1.3,2024-25,16238838,2026-27,18882,2026-27,24613642,2025-26,10.0,2026-27,19193,2024-25,17811,2024-25,1382,2024-25,31.6,2024-25,11.9,2024-25,47.7,2024-25,40.9,2024-25,91.1,2024-25,32.1,2024-25,,,,,,,,,,,,,,,,,,,3.0,2024-25,3.0,2024-25,3.0,2024-25,,,U66931,budget_not_comparable
400164,INSTITUTO - JUSTICE HS,Instituto - Justice and Leadership,charter,Charter,Options,Options,reengagement,application,,9-12,HS,2570 S BLUE ISLAND AVE,41.84545,-87.68406,7a,LOWER WEST SIDE,25,15016299025020C,,80,114,96,-16,-16.7,2.5,2026-27,5.0,2026-27,92.5,2026-27,0.0,2026-27,0.0,2026-27,0.0,2026-27,0.0,2026-27,0.0,2026-27,0.0,2026-27,87.5,2026-27,50.0,2026-27,12.5,2026-27,44.1,2024-25,*,2024-25,2468194,2026-27,30852,2026-27,2362319,2025-26,2.0,2026-27,19426,2024-25,17141,2024-25,2285,2024-25,,,,,,,,,59.5,2024-25,92.5,2024-25,25.0,2024-25,*,2024-25,*,2024-25,4.8,2023-24,0.0,2023-24,0.0,2024-25,0.0,2024-25,9.8,2024-25,13.0,2024-25,,,,,,,4.0,2024-25,U66921,budget_not_comparable
400165,LEARN - MIDDLE,L.E.A.R.N. - Middle School Campus,charter,Charter,Charter,Traditional,,application,,6-8,ES,3021 W CARROLL AVE,41.88732,-87.70272,5b,EAST GARFIELD PARK,27,15016299025109C,,193,166,176,17,9.7,0.0,2026-27,95.3,2026-27,4.7,2026-27,0.0,2026-27,0.0,2026-27,0.0,2026-27,0.0,2026-27,0.0,2026-27,0.0,2026-27,92.2,2026-27,1.0,2026-27,14.5,2026-27,8.0,2024-25,*,2024-25,3355251,2026-27,17385,2026-27,3437969,2025-26,0.0,2026-27,33394,2024-25,31870,2024-25,1524,2024-25,51.7,2024-25,15.2,2024-25,53.9,2024-25,40.6,2024-25,91.5,2024-25,24.3,2024-25,,,,,,,,,,,,,,,,,,,5.0,2024-25,4.0,2024-25,3.0,2024-25,,,U66567,budget_not_comparable
400167,HORIZON - SOUTHWEST,Horizon Science Academy Southwest Chicago Charter,charter,Charter,Charter,Traditional,,application,,K-12,combo,5401 S. WESTERN AVE,41.7952,-87.68396,8b,GAGE PARK,15,15016299025240C,,787,745,737,50,6.8,1.5,2026-27,19.6,2026-27,78.8,2026-27,0.0,2026-27,0.0,2026-27,0.1,2026-27,0.0,2026-27,0.0,2026-27,0.0,2026-27,86.5,2026-27,26.8,2026-27,7.8,2026-27,2.7,2024-25,*,2024-25,15151168,2026-27,19252,2026-27,14225326,2025-26,3.0,2026-27,17818,2024-25,16426,2024-25,1391,2024-25,46.8,2024-25,22.8,2024-25,64.4,2024-25,60.7,2024-25,93.8,2024-25,15.8,2024-25,92.6,2024-25,88.5,2024-25,75.0,2024-25,13.1,2023-24,4.9,2023-24,22.5,2024-25,10.0,2024-25,14.7,2024-25,15.1,2024-25,3.0,2024-25,3.0,2024-25,3.0,2024-25,,,U63181,budget_not_comparable
400168,GREAT LAKES,Great Lakes Academy Charter School,charter,Charter,Charter,Traditional,,application,,K-8,ES,8401 S SAGINAW AVE,41.74267,-87.55991,10b,SOUTH CHICAGO,7,15016299025241C,,572,578,544,28,5.1,0.3,2026-27,89.0,2026-27,8.7,2026-27,0.0,2026-27,1.4,2026-27,0.2,2026-27,0.3,2026-27,0.0,2026-27,0.0,2026-27,77.6,2026-27,6.5,2026-27,14.5,2026-27,8.6,2024-25,*,2024-25,11581075,2026-27,20247,2026-27,11064363,2025-26,0.0,2026-27,21541,2024-25,20135,2024-25,1406,2024-25,50.1,2024-25,24.6,2024-25,51.5,2024-25,45.3,2024-25,92.7,2024-25,20.7,2024-25,,,,,,,,,,,,,,,,,,,3.0,2024-25,3.0,2024-25,3.0,2024-25,,,U66951,budget_not_comparable
400169,NOBLE - ITW SPEER HS,Noble - ITW David Speer Academy,charter,Charter,Charter,Traditional,,application,,9-12,HS,5321 W GRAND AVE,41.91727,-87.75968,3b,BELMONT CRAGIN,37,15016299025042C,,1150,1147,1130,20,1.8,1.9,2026-27,7.0,2026-27,90.3,2026-27,0.0,2026-27,0.2,2026-27,0.5,2026-27,0.0,2026-27,0.0,2026-27,0.0,2026-27,90.6,2026-27,51.2,2026-27,15.9,2026-27,1.2,2024-25,*,2024-25,22793476,2026-27,19820,2026-27,21427511,2025-26,0.0,2026-27,19684,2024-25,18019,2024-25,1666,2024-25,,,,,,,,,88.7,2024-25,36.4,2024-25,86.8,2024-25,85.9,2024-25,73.4,2024-25,15.3,2023-24,18.2,2023-24,41.9,2024-25,21.9,2024-25,16.6,2024-25,16.3,2024-25,3.0,2024-25,3.0,2024-25,3.0,2024-25,3.0,2024-25,U66149,budget_not_comparable
400170,NOBLE - ACADEMY HS,Noble - The Noble Academy,charter,Charter,Charter,Traditional,,application,,9-12,HS,1443 N OGDEN AVE,41.90688,-87.64558,6a,NEAR NORTH SIDE,27,15016299025043C,,365,394,402,-37,-9.2,2.2,2026-27,63.6,2026-27,31.8,2026-27,1.9,2026-27,0.0,2026-27,0.3,2026-27,0.3,2026-27,0.0,2026-27,0.0,2026-27,88.2,2026-27,18.4,2026-27,21.1,2026-27,4.5,2024-25,*,2024-25,6593270,2026-27,18064,2026-27,6615798,2025-26,0.0,2026-27,27257,2024-25,25531,2024-25,1726,2024-25,,,,,,,,,85.4,2024-25,52.7,2024-25,84.2,2024-25,92.4,2024-25,72.1,2024-25,16.3,2023-24,3.8,2023-24,41.8,2024-25,14.6,2024-25,16.2,2024-25,15.6,2024-25,3.0,2024-25,3.0,2024-25,3.0,2024-25,3.0,2024-25,U66578,budget_not_comparable
400173,PATHWAYS - BRIGHTON PARK HS,Pathways in Education- Brighton Park,contract,ALOP,Options,Options,reengagement,,,9-12,HS,3124 W 47TH STREET,41.80823,-87.70264,7b,BRIGHTON PARK,14,,,402,417,422,-20,-4.7,1.2,2026-27,6.7,2026-27,90.8,2026-27,0.5,2026-27,0.7,2026-27,0.0,2026-27,0.0,2026-27,0.0,2026-27,0.0,2026-27,96.3,2026-27,41.5,2026-27,10.7,2026-27,,,,,7699210,2026-27,19152,2026-27,5818537,2025-26,0.0,2026-27,,,,,,,,,,,,,,,,,,,,,,,,,,,,,,,,,,,,,,,,,,,,,U66801,budget_not_comparable
400175,EXCEL SOUTH SHORE HS,Excel Academy of South Shore,contract,Contract,Options,Options,reengagement,,,9-12,HS,7530 S SOUTH SHORE DR,41.75975,-87.55649,10a,SOUTH SHORE,7,,,205,235,216,-11,-5.1,0.0,2026-27,89.8,2026-27,9.3,2026-27,0.0,2026-27,0.5,2026-27,0.0,2026-27,0.5,2026-27,0.0,2026-27,0.0,2026-27,92.2,2026-27,5.9,2026-27,18.5,2026-27,,,,,3596675,2026-27,17545,2026-27,3826603,2025-26,1.0,2026-27,,,,,,,,,,,,,,,,,,,,,,,,,,,,,,,,,,,,,,,,,,,,,U63143,budget_not_comparable
400176,EXCEL SOUTHWEST HS,Excel Academy Southwest,contract,Contract,Options,Options,reengagement,,,9-12,HS,7050 S WASHTENAW AVE,41.76499,-87.69096,8a,CHICAGO LAWN,17,,,177,194,186,-9,-4.8,0.0,2026-27,48.0,2026-27,49.7,2026-27,0.6,2026-27,0.0,2026-27,0.0,2026-27,0.0,2026-27,0.6,2026-27,1.1,2026-27,90.4,2026-27,32.8,2026-27,11.3,2026-27,,,,,3568791,2026-27,20163,2026-27,3299070,2025-26,1.0,2026-27,,,,,,,,,,,,,,,,,,,,,,,,,,,,,,,,,,,,,,,,,,,,,U63144,budget_not_comparable
400178,MOVING EVEREST,Moving Everest Charter School,charter,Charter,Charter,Traditional,,application,,K-8,ES,416 N LARAMIE AVE,41.88826,-87.75542,5a,AUSTIN,37,15016299025244C,,713,752,758,-45,-5.9,0.0,2026-27,89.9,2026-27,8.8,2026-27,0.0,2026-27,1.0,2026-27,0.1,2026-27,0.0,2026-27,0.0,2026-27,0.1,2026-27,82.6,2026-27,2.8,2026-27,21.0,2026-27,10.5,2024-25,*,2024-25,15239276,2026-27,21373,2026-27,14534649,2025-26,0.0,2026-27,20518,2024-25,19127,2024-25,1390,2024-25,24.5,2024-25,12.4,2024-25,45.6,2024-25,51.8,2024-25,90.1,2024-25,42.7,2024-25,,,,,,,,,,,,,,,,,,,3.0,2024-25,2.0,2024-25,2.0,2024-25,,,U66911,budget_not_comparable
400179,NOBLE - MANSUETO HS,Noble Mansueto High School,charter,Charter,Charter,Traditional,,application,,9-12,HS,2911 W 47TH ST,41.80799,-87.69706,7b,BRIGHTON PARK,14,15016299025044C,,1106,1114,1087,19,1.7,0.6,2026-27,1.1,2026-27,98.0,2026-27,0.0,2026-27,0.0,2026-27,0.1,2026-27,0.2,2026-27,0.0,2026-27,0.0,2026-27,92.9,2026-27,52.8,2026-27,16.5,2026-27,1.6,2024-25,*,2024-25,22273243,2026-27,20139,2026-27,20648815,2025-26,0.0,2026-27,18074,2024-25,16407,2024-25,1667,2024-25,,,,,,,,,88.5,2024-25,41.8,2024-25,88.7,2024-25,90.6,2024-25,77.0,2024-25,14.4,2023-24,15.6,2023-24,35.7,2024-25,18.0,2024-25,16.3,2024-25,16.2,2024-25,3.0,2024-25,3.0,2024-25,4.0,2024-25,4.0,2024-25,U66579,budget_not_comparable
400180,KIPP - ONE,KIPP One Academy,charter,Charter,Charter,Traditional,,application,,K-8,ES,730 N PULASKI RD,41.89381,-87.72661,5a,HUMBOLDT PARK,37,15016299025245C,,953,1020,1012,-59,-5.8,0.6,2026-27,47.1,2026-27,52.2,2026-27,0.0,2026-27,0.1,2026-27,0.0,2026-27,0.0,2026-27,0.0,2026-27,0.0,2026-27,86.8,2026-27,39.1,2026-27,11.8,2026-27,27.4,2024-25,*,2024-25,16769037,2026-27,17596,2026-27,16763106,2025-26,0.0,2026-27,18544,2024-25,17164,2024-25,1380,2024-25,31.9,2024-25,21.0,2024-25,51.0,2024-25,47.1,2024-25,94.6,2024-25,13.8,2024-25,,,,,,,,,,,,,,,,,,,3.0,2024-25,3.0,2024-25,3.0,2024-25,,,U66032,budget_not_comparable
400181,ART IN MOTION,Art in Motion Charter School,charter,Charter,Charter,Traditional,,application,,7-12,combo,7415 S EAST END AVE,41.76003,-87.58333,10a,SOUTH SHORE,8,15016299025111C,,467,560,601,-134,-22.3,0.4,2026-27,95.3,2026-27,3.4,2026-27,0.0,2026-27,0.9,2026-27,0.0,2026-27,0.0,2026-27,0.0,2026-27,0.0,2026-27,89.3,2026-27,0.4,2026-27,27.4,2026-27,6.1,2024-25,*,2024-25,11208524,2026-27,24001,2026-27,11003337,2025-26,0.0,2026-27,24536,2024-25,22841,2024-25,1695,2024-25,33.8,2024-25,9.1,2024-25,42.3,2024-25,42.8,2024-25,84.4,2024-25,55.3,2024-25,78.8,2024-25,81.1,2024-25,,,4.3,2023-24,0.0,2023-24,21.3,2024-25,5.8,2024-25,14.0,2024-25,14.1,2024-25,2.0,2024-25,2.0,2024-25,2.0,2024-25,2.0,2024-25,U69228,budget_not_comparable
400182,CATALYST MARIA HS,,charter,Charter,Charter,Traditional,,,,9-12,HS,6727 S CALIFORNIA AVE,41.77025,-87.69307,8a,CHICAGO LAWN,16,,,541,551,565,-24,-4.2,0.7,2026-27,36.6,2026-27,61.9,2026-27,0.0,2026-27,0.6,2026-27,0.2,2026-27,0.0,2026-27,0.0,2026-27,0.0,2026-27,95.0,2026-27,39.0,2026-27,20.5,2026-27,,,,,,,20006,2026-27,,,,,,,,,,,,,,,,,,,,,,,,,,,,,,,,,,,,,,,,,,,,,,,,,,budget_k12_shared;budget_not_comparable;no_separate_state_data
609674,CHICAGO VOCATIONAL HS,Chicago Vocational Career Academy High School,district,District,Network 17,Traditional,,application,yes,9-12,HS,2100 E 87TH ST,41.73717,-87.57327,10b,AVALON PARK,8,150162990250526,,501,590,579,-78,-13.5,0.4,2026-27,83.0,2026-27,13.4,2026-27,0.2,2026-27,0.4,2026-27,0.2,2026-27,0.0,2026-27,0.0,2026-27,2.4,2026-27,92.0,2026-27,12.2,2026-27,28.1,2026-27,40.7,2024-25,*,2024-25,12340298,2026-27,24631,2026-27,18836619,2025-26,102.0,2026-27,26051,2024-25,18950,2024-25,7101,2024-25,,,,,,,,,84.4,2024-25,43.8,2024-25,70.0,2024-25,92.5,2024-25,38.4,2024-25,3.5,2023-24,0.7,2023-24,7.0,2024-25,1.3,2024-25,11.1,2024-25,13.3,2024-25,4.0,2024-25,3.0,2024-25,4.0,2024-25,3.0,2024-25,U53011,
609676,DUNBAR HS,Paul Laurence Dunbar Career Academy High School,district,District,Network 17,Traditional,,application,yes,9-12,HS,3000 S KING DR,41.84023,-87.61764,6b,DOUGLAS,4,150162990250531,,307,314,334,-27,-8.1,1.0,2026-27,94.8,2026-27,2.3,2026-27,0.3,2026-27,1.3,2026-27,0.0,2026-27,0.3,2026-27,0.0,2026-27,0.0,2026-27,96.7,2026-27,2.3,2026-27,24.4,2026-27,10.9,2024-25,*,2024-25,7128180,2026-27,23219,2026-27,7436176,2025-26,57.0,2026-27,28135,2024-25,20621,2024-25,7514,2024-25,,,,,,,,,77.0,2024-25,73.4,2024-25,83.6,2024-25,66.3,2024-25,40.7,2024-25,2.2,2023-24,0.0,2023-24,5.3,2024-25,2.6,2024-25,11.7,2024-25,13.6,2024-25,3.0,2024-25,3.0,2024-25,3.0,2024-25,3.0,2024-25,U53021,
609678,JONES HS,William Jones College Preparatory High School,district,District,Network 15,Traditional,,exam,yes,9-12,HS,700 S STATE ST,41.87307,-87.62768,8b,LOOP,4,150162990250533,,1895,1914,1939,-44,-2.3,28.3,2026-27,11.8,2026-27,32.9,2026-27,21.0,2026-27,5.3,2026-27,0.4,2026-27,0.3,2026-27,0.1,2026-27,0.0,2026-27,39.3,2026-27,3.3,2026-27,8.9,2026-27,*,2024-25,*,2024-25,21489137,2026-27,11340,2026-27,22848862,2025-26,169.5,2026-27,15653,2024-25,9664,2024-25,5989,2024-25,,,,,,,,,88.8,2024-25,41.3,2024-25,94.7,2024-25,97.3,2024-25,90.7,2024-25,82.0,2023-24,79.1,2023-24,91.6,2024-25,85.7,2024-25,25.0,2024-25,26.0,2024-25,2.0,2024-25,3.0,2024-25,4.0,2024-25,4.0,2024-25,U47021,
609679,PROSSER HS,Charles Allen Prosser Career Academy High School,district,District,Network 15,Traditional,,application,yes,9-12,HS,2148 N LONG AVE,41.92006,-87.76105,3b,BELMONT CRAGIN,36,150162990250534,,1157,1190,1165,-8,-0.7,1.1,2026-27,22.1,2026-27,75.4,2026-27,0.5,2026-27,0.3,2026-27,0.3,2026-27,0.1,2026-27,0.2,2026-27,0.0,2026-27,91.4,2026-27,36.6,2026-27,17.0,2026-27,2.4,2024-25,*,2024-25,17589946,2026-27,15203,2026-27,18044348,2025-26,135.5,2026-27,18696,2024-25,12640,2024-25,6055,2024-25,,,,,,,,,81.3,2024-25,67.9,2024-25,95.7,2024-25,85.7,2024-25,65.0,2024-25,14.4,2023-24,9.9,2023-24,39.2,2024-25,11.8,2024-25,16.0,2024-25,15.3,2024-25,3.0,2024-25,3.0,2024-25,3.0,2024-25,3.0,2024-25,U53041,
609680,PAYTON HS,Walter Payton College Preparatory High School,district,District,Network 15,Traditional,,exam,yes,9-12,HS,1034 N WELLS ST,41.90158,-87.63538,6a,NEAR NORTH SIDE,27,150162990250796,,1254,1261,1257,-3,-0.2,27.7,2026-27,11.0,2026-27,24.4,2026-27,30.7,2026-27,5.5,2026-27,0.4,2026-27,0.3,2026-27,0.0,2026-27,0.0,2026-27,32.0,2026-27,1.8,2026-27,8.0,2026-27,*,2024-25,*,2024-25,15647832,2026-27,12478,2026-27,16509371,2025-26,113.5,2026-27,16953,2024-25,11146,2024-25,5807,2024-25,,,,,,,,,92.9,2024-25,23.2,2024-25,96.6,2024-25,97.6,2024-25,91.0,2024-25,87.4,2023-24,85.2,2023-24,93.8,2024-25,92.0,2024-25,27.8,2024-25,29.6,2024-25,3.0,2024-25,3.0,2024-25,4.0,2024-25,5.0,2024-25,U70020,
609682,RICHARDS HS,Ellen H Richards Career Academy High School,district,District,Network 16,Traditional,,,,9-12,HS,5009 S LAFLIN ST,41.80288,-87.66228,8b,NEW CITY,20,150162990250536,,271,296,305,-34,-11.1,0.0,2026-27,29.9,2026-27,67.5,2026-27,0.0,2026-27,0.0,2026-27,0.7,2026-27,0.0,2026-27,0.4,2026-27,1.5,2026-27,96.3,2026-27,56.5,2026-27,15.9,2026-27,26.6,2024-25,*,2024-25,6655350,2026-27,24558,2026-27,6958045,2025-26,54.5,2026-27,27857,2024-25,18624,2024-25,9233,2024-25,,,,,,,,,76.0,2024-25,76.1,2024-25,70.5,2024-25,76.5,2024-25,39.7,2024-25,5.2,2023-24,2.1,2023-24,2.9,2024-25,1.4,2024-25,9.7,2024-25,13.0,2024-25,3.0,2024-25,3.0,2024-25,3.0,2024-25,3.0,2024-25,U53051,
609691,NORTH-GRAND HS,North-Grand High School,district,District,Network 15,Traditional,,,yes,9-12,HS,4338 W WABANSIA AVE,41.91167,-87.73524,3b,HUMBOLDT PARK,26,150162990250825,,940,926,1015,-75,-7.4,1.1,2026-27,16.8,2026-27,80.9,2026-27,0.4,2026-27,0.4,2026-27,0.1,2026-27,0.1,2026-27,0.2,2026-27,0.0,2026-27,89.6,2026-27,52.7,2026-27,20.0,2026-27,5.8,2024-25,*,2024-25,14956106,2026-27,15911,2026-27,16333490,2025-26,117.0,2026-27,19698,2024-25,13557,2024-25,6141,2024-25,,,,,,,,,79.2,2024-25,70.4,2024-25,85.5,2024-25,80.8,2024-25,60.3,2024-25,4.8,2023-24,2.2,2023-24,26.5,2024-25,11.4,2024-25,14.1,2024-25,15.2,2024-25,3.0,2024-25,3.0,2024-25,3.0,2024-25,3.0,2024-25,U46431,
609692,SIMEON HS,Neal F Simeon Career Academy High School,district,District,Network 17,Traditional,,application,yes,9-12,HS,8147 S VINCENNES AVE,41.74578,-87.63541,10b,CHATHAM,6,150162990250537,,1317,1090,1052,265,25.2,0.0,2026-27,96.8,2026-27,2.3,2026-27,0.0,2026-27,0.8,2026-27,0.2,2026-27,0.0,2026-27,0.0,2026-27,0.0,2026-27,89.9,2026-27,1.2,2026-27,17.2,2026-27,6.2,2024-25,1.1,2024-25,15919081,2026-27,12087,2026-27,16557841,2025-26,128.5,2026-27,19194,2024-25,13308,2024-25,5886,2024-25,,,,,,,,,83.6,2024-25,61.3,2024-25,84.0,2024-25,79.0,2024-25,50.6,2024-25,4.2,2023-24,6.7,2023-24,15.6,2024-25,9.4,2024-25,13.8,2024-25,14.9,2024-25,3.0,2024-25,3.0,2024-25,3.0,2024-25,2.0,2024-25,U53061,
609693,WESTINGHOUSE HS,George Westinghouse College Prep,district,District,Network 15,Traditional,,exam,yes,9-12,HS,3223 W FRANKLIN BLVD,41.88998,-87.70733,5b,HUMBOLDT PARK,28,150162990250857,,1263,1202,1226,37,3.0,3.2,2026-27,42.5,2026-27,43.9,2026-27,8.6,2026-27,1.1,2026-27,0.3,2026-27,0.2,2026-27,0.0,2026-27,0.2,2026-27,69.0,2026-27,10.2,2026-27,8.5,2026-27,3.8,2024-25,*,2024-25,15888778,2026-27,12580,2026-27,16550969,2025-26,124.0,2026-27,17620,2024-25,11703,2024-25,5917,2024-25,,,,,,,,,86.9,2024-25,51.5,2024-25,94.1,2024-25,88.7,2024-25,83.5,2024-25,31.4,2023-24,19.5,2023-24,57.2,2024-25,31.4,2024-25,18.0,2024-25,17.5,2024-25,4.0,2024-25,4.0,2024-25,4.0,2024-25,4.0,2024-25,U53071,
609694,HANCOCK HS,John Hancock College Preparatory High School,district,District,Network 15,Traditional,,exam,,9-12,HS,5437 W 64TH PL,41.77537,-87.75824,8a,CLEARING,13,150162990250779,,1071,1049,1043,28,2.7,5.3,2026-27,2.1,2026-27,90.8,2026-27,0.8,2026-27,0.6,2026-27,0.3,2026-27,0.1,2026-27,0.1,2026-27,0.0,2026-27,64.1,2026-27,2.7,2026-27,4.1,2026-27,*,2024-25,*,2024-25,12724699,2026-27,11881,2026-27,13158545,2025-26,95.5,2026-27,16339,2024-25,10438,2024-25,5901,2024-25,,,,,,,,,91.1,2024-25,32.8,2024-25,98.6,2024-25,99.2,2024-25,84.0,2024-25,63.5,2023-24,53.0,2023-24,92.6,2024-25,70.7,2024-25,22.8,2024-25,21.5,2024-25,2.0,2024-25,2.0,2024-25,4.0,2024-25,5.0,2024-25,U46021,
609695,AMUNDSEN HS,Roald Amundsen High School,district,District,Network 14,Traditional,,,yes,9-12,HS,5110 N DAMEN AVE,41.97507,-87.67948,2b,LINCOLN SQUARE,40,150162990250001,,1449,1441,1427,22,1.5,46.2,2026-27,5.9,2026-27,35.7,2026-27,6.8,2026-27,5.1,2026-27,0.1,2026-27,0.2,2026-27,0.0,2026-27,0.0,2026-27,36.6,2026-27,15.9,2026-27,16.6,2026-27,*,2024-25,*,2024-25,18276671,2026-27,12613,2026-27,19421787,2025-26,137.5,2026-27,17577,2024-25,11461,2024-25,6116,2024-25,,,,,,,,,85.7,2024-25,52.4,2024-25,88.9,2024-25,84.1,2024-25,74.8,2024-25,39.0,2023-24,38.8,2023-24,71.3,2024-25,51.3,2024-25,20.6,2024-25,20.1,2024-25,3.0,2024-25,3.0,2024-25,4.0,2024-25,3.0,2024-25,U46031,
609698,BOGAN HS,William J Bogan High School,district,District,Network 16,Traditional,,,yes,9-12,HS,3939 W 79TH ST,41.74938,-87.7211,8a,ASHBURN,18,150162990250003,,464,532,599,-135,-22.5,1.1,2026-27,50.6,2026-27,47.4,2026-27,0.0,2026-27,0.2,2026-27,0.0,2026-27,0.0,2026-27,0.2,2026-27,0.4,2026-27,88.4,2026-27,30.4,2026-27,29.1,2026-27,2.5,2024-25,*,2024-25,10353112,2026-27,22313,2026-27,12240153,2025-26,79.0,2026-27,23059,2024-25,16179,2024-25,6880,2024-25,,,,,,,,,80.7,2024-25,62.5,2024-25,69.9,2024-25,76.5,2024-25,43.4,2024-25,4.1,2023-24,2.9,2023-24,10.1,2024-25,3.6,2024-25,12.3,2024-25,13.6,2024-25,3.0,2024-25,3.0,2024-25,3.0,2024-25,3.0,2024-25,U46041,
609704,FARRAGUT HS,David G Farragut Career Academy High School,district,District,Network 16,Traditional,,,yes,9-12,HS,2345 S CHRISTIANA AVE,41.84856,-87.70871,7a,SOUTH LAWNDALE,22,150162990250011,,361,412,435,-74,-17.0,0.0,2026-27,15.5,2026-27,83.9,2026-27,0.0,2026-27,0.3,2026-27,0.0,2026-27,0.0,2026-27,0.0,2026-27,0.3,2026-27,94.5,2026-27,48.2,2026-27,27.1,2026-27,7.8,2024-25,*,2024-25,9835343,2026-27,27245,2026-27,10216051,2025-26,81.0,2026-27,29254,2024-25,20546,2024-25,8708,2024-25,,,,,,,,,78.3,2024-25,72.0,2024-25,74.3,2024-25,76.6,2024-25,67.4,2024-25,4.3,2023-24,2.6,2023-24,25.3,2024-25,6.3,2024-25,14.3,2024-25,14.1,2024-25,3.0,2024-25,3.0,2024-25,3.0,2024-25,3.0,2024-25,U53091,
609705,FENGER HS,Christian Fenger Academy High School,district,District,Network 17,Traditional,,,,9-12,HS,11220 S WALLACE ST,41.68995,-87.63757,9b,ROSELAND,21,150162990250012,,131,167,196,-65,-33.2,1.5,2026-27,91.6,2026-27,6.1,2026-27,0.0,2026-27,0.0,2026-27,0.0,2026-27,0.8,2026-27,0.0,2026-27,0.0,2026-27,90.1,2026-27,3.8,2026-27,22.9,2026-27,27.4,2024-25,*,2024-25,5155139,2026-27,39352,2026-27,5978607,2025-26,43.0,2026-27,33687,2024-25,22273,2024-25,11414,2024-25,,,,,,,,,71.9,2024-25,82.0,2024-25,60.4,2024-25,81.3,2024-25,34.4,2024-25,2.6,2023-24,0.0,2023-24,5.4,2024-25,1.4,2024-25,11.2,2024-25,12.9,2024-25,3.0,2024-25,3.0,2024-25,3.0,2024-25,2.0,2024-25,U46111,
609708,FOREMAN HS,Edwin G. Foreman College and Career Academy,district,District,Network 14,Traditional,,,yes,9-12,HS,3235 N LECLAIRE AVE,41.9398,-87.75417,1b,PORTAGE PARK,31,150162990250013,,429,503,563,-134,-23.8,3.5,2026-27,9.8,2026-27,84.4,2026-27,1.2,2026-27,0.7,2026-27,0.5,2026-27,0.0,2026-27,0.0,2026-27,0.0,2026-27,88.1,2026-27,57.8,2026-27,24.5,2026-27,6.2,2024-25,*,2024-25,10344339,2026-27,24113,2026-27,10899909,2025-26,80.0,2026-27,23496,2024-25,16735,2024-25,6761,2024-25,,,,,,,,,77.5,2024-25,69.0,2024-25,60.4,2024-25,68.6,2024-25,38.7,2024-25,4.1,2023-24,2.0,2023-24,12.8,2024-25,4.8,2024-25,12.7,2024-25,14.6,2024-25,2.0,2024-25,2.0,2024-25,2.0,2024-25,3.0,2024-25,U46131,
609709,GAGE PARK HS,Gage Park High School,district,District,Network 16,Traditional,,,,9-12,HS,5630 S ROCKWELL ST,41.79101,-87.68895,8b,GAGE PARK,15,150162990250015,,256,301,342,-86,-25.1,2.3,2026-27,16.0,2026-27,81.6,2026-27,0.0,2026-27,0.0,2026-27,0.0,2026-27,0.0,2026-27,0.0,2026-27,0.0,2026-27,90.2,2026-27,68.0,2026-27,21.5,2026-27,21.3,2024-25,*,2024-25,6753457,2026-27,26381,2026-27,6984821,2025-26,59.5,2026-27,24984,2024-25,17671,2024-25,7313,2024-25,,,,,,,,,72.5,2024-25,87.0,2024-25,67.5,2024-25,94.1,2024-25,35.1,2024-25,1.0,2023-24,0.0,2023-24,7.5,2024-25,1.1,2024-25,11.6,2024-25,13.7,2024-25,3.0,2024-25,3.0,2024-25,3.0,2024-25,3.0,2024-25,U46141,
609710,HARLAN HS,John M Harlan Community Academy High School,district,District,Network 17,Traditional,,,,9-12,HS,9652 S MICHIGAN AVE,41.71837,-87.62062,9b,ROSELAND,9,150162990250016,,121,166,159,-38,-23.9,0.8,2026-27,88.4,2026-27,10.7,2026-27,0.0,2026-27,0.0,2026-27,0.0,2026-27,0.0,2026-27,0.0,2026-27,0.0,2026-27,91.7,2026-27,10.7,2026-27,29.8,2026-27,17.4,2024-25,*,2024-25,5226029,2026-27,43190,2026-27,5182063,2025-26,46.5,2026-27,39536,2024-25,29523,2024-25,10013,2024-25,,,,,,,,,76.0,2024-25,76.6,2024-25,54.3,2024-25,93.1,2024-25,36.1,2024-25,0.0,2023-24,0.0,2023-24,10.7,2024-25,2.7,2024-25,12.5,2024-25,13.9,2024-25,2.0,2024-25,3.0,2024-25,2.0,2024-25,2.0,2024-25,U51021,
609712,HIRSCH HS,Emil G Hirsch Metropolitan High School,district,District,Network 17,Traditional,,,,9-12,HS,7740 S INGLESIDE AVE,41.75375,-87.60173,10b,GREATER GRAND CROSSING,8,150162990250019,,68,77,102,-34,-33.3,0.0,2026-27,85.3,2026-27,14.7,2026-27,0.0,2026-27,0.0,2026-27,0.0,2026-27,0.0,2026-27,0.0,2026-27,0.0,2026-27,89.7,2026-27,13.2,2026-27,16.2,2026-27,*,2024-25,*,2024-25,3959339,2026-27,58226,2026-27,4013812,2025-26,31.0,2026-27,37439,2024-25,26566,2024-25,10873,2024-25,,,,,,,,,68.0,2024-25,81.7,2024-25,50.0,2024-25,80.0,2024-25,38.5,2024-25,2.6,2023-24,2.6,2023-24,2.6,2024-25,5.3,2024-25,10.7,2024-25,14.0,2024-25,4.0,2024-25,4.0,2024-25,3.0,2024-25,3.0,2024-25,U47031,
609713,HYDE PARK HS,Hyde Park Academy High School,district,District,Network 17,Traditional,,,yes,9-12,HS,6220 S STONY ISLAND AVE,41.78226,-87.58662,10a,WOODLAWN,5,150162990250021,,581,786,755,-174,-23.0,0.0,2026-27,94.8,2026-27,3.8,2026-27,0.0,2026-27,0.5,2026-27,0.0,2026-27,0.0,2026-27,0.0,2026-27,0.9,2026-27,95.7,2026-27,2.2,2026-27,22.2,2026-27,5.2,2024-25,*,2024-25,12831064,2026-27,22084,2026-27,12795170,2025-26,102.5,2026-27,20482,2024-25,14117,2024-25,6365,2024-25,,,,,,,,,76.6,2024-25,73.0,2024-25,77.6,2024-25,68.7,2024-25,47.3,2024-25,0.7,2023-24,0.0,2023-24,11.4,2024-25,0.6,2024-25,12.5,2024-25,13.5,2024-25,2.0,2024-25,2.0,2024-25,2.0,2024-25,2.0,2024-25,U46171,
609715,KELLY HS,Thomas Kelly College Preparatory,district,District,Network 16,Traditional,,,yes,9-12,HS,4136 S CALIFORNIA AVE,41.81873,-87.69464,7b,BRIGHTON PARK,12,150162990250022,,1277,1502,1604,-327,-20.4,1.0,2026-27,2.4,2026-27,84.3,2026-27,11.2,2026-27,0.2,2026-27,0.3,2026-27,0.0,2026-27,0.1,2026-27,0.5,2026-27,90.8,2026-27,56.5,2026-27,18.6,2026-27,4.6,2024-25,*,2024-25,23444735,2026-27,18359,2026-27,25058079,2025-26,178.0,2026-27,19161,2024-25,13092,2024-25,6068,2024-25,,,,,,,,,79.9,2024-25,63.6,2024-25,73.6,2024-25,79.8,2024-25,55.1,2024-25,8.6,2023-24,5.0,2023-24,23.3,2024-25,9.6,2024-25,14.1,2024-25,15.0,2024-25,3.0,2024-25,3.0,2024-25,3.0,2024-25,3.0,2024-25,U46181,
609716,KELVYN PARK HS,Kelvyn Park High School,district,District,Network 14,Traditional,,,,7-12,combo,4343 W WRIGHTWOOD AVE,41.92792,-87.736,3a,HERMOSA,31,150162990250023,,503,510,542,-39,-7.2,1.2,2026-27,7.8,2026-27,89.9,2026-27,0.0,2026-27,0.8,2026-27,0.4,2026-27,0.0,2026-27,0.0,2026-27,0.0,2026-27,88.1,2026-27,59.8,2026-27,20.5,2026-27,7.4,2024-25,*,2024-25,9011058,2026-27,17915,2026-27,8790195,2025-26,79.0,2026-27,19921,2024-25,13253,2024-25,6668,2024-25,9.0,2024-25,1.3,2024-25,27.8,2024-25,31.2,2024-25,73.9,2024-25,74.1,2024-25,72.5,2024-25,82.6,2024-25,58.0,2024-25,1.2,2023-24,1.2,2023-24,13.2,2024-25,3.3,2024-25,11.8,2024-25,13.6,2024-25,3.0,2024-25,3.0,2024-25,3.0,2024-25,3.0,2024-25,U46191,
609718,KENNEDY HS,John F Kennedy High School,district,District,Network 16,Traditional,,,yes,9-12,HS,6325 W 56TH ST,41.78996,-87.78084,8a,GARFIELD RIDGE,13,150162990250024,,1282,1457,1550,-268,-17.3,10.9,2026-27,3.9,2026-27,84.4,2026-27,0.7,2026-27,0.1,2026-27,0.0,2026-27,0.0,2026-27,0.0,2026-27,0.0,2026-27,69.8,2026-27,27.2,2026-27,21.5,2026-27,*,2024-25,*,2024-25,19940084,2026-27,15554,2026-27,20836727,2025-26,154.5,2026-27,17550,2024-25,11549,2024-25,6001,2024-25,,,,,,,,,81.6,2024-25,63.4,2024-25,81.4,2024-25,77.7,2024-25,58.0,2024-25,12.3,2023-24,6.1,2023-24,36.9,2024-25,16.0,2024-25,16.2,2024-25,15.8,2024-25,3.0,2024-25,3.0,2024-25,3.0,2024-25,3.0,2024-25,U46201,
609719,LAKE VIEW HS,Lake View High School,district,District,Network 14,Traditional,,,,9-12,HS,4015 N ASHLAND AVE,41.95476,-87.66895,4a,LAKE VIEW,47,150162990250026,,1226,1345,1369,-143,-10.4,7.4,2026-27,11.1,2026-27,74.2,2026-27,3.1,2026-27,1.9,2026-27,0.6,2026-27,0.3,2026-27,0.0,2026-27,1.4,2026-27,79.0,2026-27,33.8,2026-27,16.0,2026-27,2.3,2024-25,*,2024-25,18568529,2026-27,15146,2026-27,19019663,2025-26,144.0,2026-27,17661,2024-25,11751,2024-25,5910,2024-25,,,,,,,,,77.7,2024-25,67.7,2024-25,81.5,2024-25,77.3,2024-25,69.3,2024-25,16.1,2023-24,7.4,2023-24,35.0,2024-25,14.0,2024-25,15.8,2024-25,15.7,2024-25,3.0,2024-25,3.0,2024-25,3.0,2024-25,3.0,2024-25,U46211,
609720,LANE TECH HS,Albert G Lane Technical High School,district,District,Network 14,Traditional,,exam,yes,7-12,combo,2501 W ADDISON ST,41.94664,-87.69101,4b,NORTH CENTER,47,150162990250027,,4524,4530,4596,-72,-1.6,41.5,2026-27,7.5,2026-27,33.9,2026-27,9.5,2026-27,5.6,2026-27,0.3,2026-27,0.3,2026-27,0.0,2026-27,1.5,2026-27,33.0,2026-27,3.5,2026-27,10.8,2026-27,0.5,2024-25,*,2024-25,49217543,2026-27,10879,2026-27,51048450,2025-26,368.0,2026-27,14632,2024-25,9164,2024-25,5468,2024-25,92.3,2024-25,98.3,2024-25,32.1,2024-25,52.3,2024-25,90.3,2024-25,34.3,2024-25,97.5,2024-25,94.7,2024-25,93.1,2024-25,85.9,2023-24,81.9,2023-24,91.6,2024-25,86.1,2024-25,25.3,2024-25,26.0,2024-25,,,,,,,4.0,2024-25,U46221,
609722,MANLEY HS,Manley Career Academy High School,district,District,Network 15,Traditional,,,,9-12,HS,2935 W POLK ST,41.87094,-87.6999,5b,EAST GARFIELD PARK,28,150162990250616,,98,117,128,-30,-23.4,1.0,2026-27,70.4,2026-27,25.5,2026-27,1.0,2026-27,2.0,2026-27,0.0,2026-27,0.0,2026-27,0.0,2026-27,0.0,2026-27,91.8,2026-27,15.3,2026-27,27.6,2026-27,16.1,2024-25,*,2024-25,3928209,2026-27,40084,2026-27,3751453,2025-26,32.0,2026-27,37856,2024-25,26809,2024-25,11047,2024-25,,,,,,,,,62.4,2024-25,89.3,2024-25,43.4,2024-25,68.8,2024-25,*,2024-25,5.7,2023-24,2.9,2023-24,3.6,2024-25,0.0,2024-25,10.8,2024-25,12.9,2024-25,3.0,2024-25,3.0,2024-25,2.0,2024-25,3.0,2024-25,U53111,
609723,MARSHALL HS,John Marshall Metropolitan High School,district,District,Network 15,Traditional,,,,9-12,HS,3250 W ADAMS ST,41.87844,-87.70805,5b,EAST GARFIELD PARK,28,150162990250029,,217,228,199,18,9.0,0.5,2026-27,88.5,2026-27,9.7,2026-27,0.0,2026-27,0.9,2026-27,0.0,2026-27,0.5,2026-27,0.0,2026-27,0.0,2026-27,94.5,2026-27,5.1,2026-27,28.6,2026-27,27.4,2024-25,*,2024-25,5593362,2026-27,25776,2026-27,5375147,2025-26,47.0,2026-27,32170,2024-25,23159,2024-25,9011,2024-25,,,,,,,,,70.2,2024-25,84.9,2024-25,59.1,2024-25,86.8,2024-25,31.9,2024-25,0.0,2023-24,0.0,2023-24,11.3,2024-25,1.6,2024-25,11.7,2024-25,14.0,2024-25,4.0,2024-25,4.0,2024-25,3.0,2024-25,3.0,2024-25,U47041,
609724,MATHER HS,Stephen T Mather High School,district,District,Network 14,Traditional,,,,9-12,HS,5835 N LINCOLN AVE,41.98759,-87.7025,2a,WEST RIDGE,40,150162990250030,,1514,1662,1665,-151,-9.1,10.5,2026-27,15.7,2026-27,47.7,2026-27,22.5,2026-27,0.8,2026-27,0.7,2026-27,0.2,2026-27,0.2,2026-27,1.7,2026-27,78.1,2026-27,54.2,2026-27,15.7,2026-27,5.5,2024-25,*,2024-25,22283461,2026-27,14718,2026-27,22962348,2025-26,162.0,2026-27,16985,2024-25,11295,2024-25,5690,2024-25,,,,,,,,,80.5,2024-25,62.4,2024-25,74.6,2024-25,79.8,2024-25,67.4,2024-25,14.4,2023-24,14.6,2023-24,33.1,2024-25,19.9,2024-25,14.9,2024-25,16.3,2024-25,3.0,2024-25,3.0,2024-25,3.0,2024-25,3.0,2024-25,U46241,
609725,MORGAN PARK HS,Morgan Park High School,district,District,Network 16,Traditional,,,yes,7-12,combo,1744 W PRYOR AVE,41.69204,-87.66566,9b,MORGAN PARK,19,150162990250031,,1272,1199,1218,54,4.4,0.6,2026-27,94.8,2026-27,2.9,2026-27,0.1,2026-27,0.7,2026-27,0.2,2026-27,0.0,2026-27,0.0,2026-27,0.7,2026-27,78.1,2026-27,1.1,2026-27,13.8,2026-27,3.3,2024-25,*,2024-25,16809298,2026-27,13215,2026-27,17579567,2025-26,128.0,2026-27,18361,2024-25,12453,2024-25,5907,2024-25,62.5,2024-25,17.7,2024-25,36.8,2024-25,36.8,2024-25,82.1,2024-25,67.0,2024-25,86.5,2024-25,85.1,2024-25,70.3,2024-25,3.9,2023-24,0.9,2023-24,23.0,2024-25,5.7,2024-25,14.5,2024-25,14.4,2024-25,3.0,2024-25,3.0,2024-25,3.0,2024-25,3.0,2024-25,U46251,
609726,BROOKS HS,Gwendolyn Brooks College Preparatory Academy HS,district,District,ISP,Traditional,,exam,yes,7-12,combo,250 E 111TH ST,41.69276,-87.61635,9b,ROSELAND,9,150162990250788,,1002,998,994,8,0.8,2.0,2026-27,78.1,2026-27,17.9,2026-27,0.1,2026-27,1.6,2026-27,0.2,2026-27,0.0,2026-27,0.1,2026-27,0.0,2026-27,61.1,2026-27,1.6,2026-27,8.3,2026-27,3.3,2024-25,*,2024-25,12433594,2026-27,12409,2026-27,13345146,2025-26,96.0,2026-27,17134,2024-25,11346,2024-25,5788,2024-25,93.2,2024-25,57.6,2024-25,55.9,2024-25,39.6,2024-25,87.3,2024-25,44.8,2024-25,97.0,2024-25,88.9,2024-25,83.8,2024-25,66.0,2023-24,50.5,2023-24,89.5,2024-25,71.2,2024-25,23.4,2024-25,21.3,2024-25,3.0,2024-25,3.0,2024-25,4.0,2024-25,4.0,2024-25,U47051,
609727,PHILLIPS HS,Wendell Phillips Academy High School,district,District,Network 17,Traditional,,,,9-12,HS,244 E PERSHING RD,41.82388,-87.6198,6b,DOUGLAS,3,150162990250034,,274,353,402,-128,-31.8,0.0,2026-27,92.7,2026-27,4.4,2026-27,0.0,2026-27,0.4,2026-27,0.0,2026-27,0.0,2026-27,0.0,2026-27,2.6,2026-27,94.2,2026-27,3.3,2026-27,24.1,2026-27,*,2024-25,*,2024-25,6826139,2026-27,24913,2026-27,7343608,2025-26,54.0,2026-27,22344,2024-25,15459,2024-25,6885,2024-25,,,,,,,,,67.2,2024-25,86.6,2024-25,67.8,2024-25,69.2,2024-25,48.1,2024-25,3.4,2023-24,0.8,2023-24,12.2,2024-25,4.4,2024-25,12.5,2024-25,14.1,2024-25,2.0,2024-25,2.0,2024-25,1.0,2024-25,2.0,2024-25,U46261,
609728,ROOSEVELT HS,Theodore Roosevelt High School,district,District,Network 14,Traditional,,,yes,9-12,HS,3436 W WILSON AVE,41.96483,-87.71482,3a,ALBANY PARK,33,150162990250035,,796,881,1055,-259,-24.5,4.8,2026-27,8.0,2026-27,78.6,2026-27,7.2,2026-27,0.5,2026-27,0.0,2026-27,0.3,2026-27,0.0,2026-27,0.6,2026-27,88.3,2026-27,68.5,2026-27,19.6,2026-27,7.5,2024-25,*,2024-25,14760627,2026-27,18544,2026-27,16470759,2025-26,115.5,2026-27,19185,2024-25,13088,2024-25,6097,2024-25,,,,,,,,,77.5,2024-25,70.8,2024-25,74.3,2024-25,73.4,2024-25,42.2,2024-25,4.9,2023-24,3.4,2023-24,22.7,2024-25,6.8,2024-25,13.8,2024-25,14.6,2024-25,3.0,2024-25,3.0,2024-25,3.0,2024-25,3.0,2024-25,U46271,
609729,SCHURZ HS,Carl Schurz High School,district,District,Network 14,Traditional,,,yes,9-12,HS,3601 N MILWAUKEE AVE,41.94636,-87.73561,1b,IRVING PARK,30,150162990250036,,1050,1022,1127,-77,-6.8,4.8,2026-27,6.5,2026-27,85.5,2026-27,1.4,2026-27,1.0,2026-27,0.5,2026-27,0.1,2026-27,0.2,2026-27,0.0,2026-27,84.6,2026-27,58.8,2026-27,22.2,2026-27,5.0,2024-25,*,2024-25,18888426,2026-27,17989,2026-27,20760263,2025-26,141.5,2026-27,21731,2024-25,15122,2024-25,6609,2024-25,,,,,,,,,76.9,2024-25,72.9,2024-25,78.7,2024-25,71.7,2024-25,55.1,2024-25,9.4,2023-24,6.2,2023-24,18.2,2024-25,12.0,2024-25,13.4,2024-25,14.8,2024-25,3.0,2024-25,3.0,2024-25,3.0,2024-25,3.0,2024-25,U46281,
609730,SENN HS,Nicholas Senn High School,district,District,Network 14,Traditional,,,,9-12,HS,5900 N GLENWOOD AVE,41.98903,-87.66714,2b,EDGEWATER,48,150162990250037,,1319,1418,1496,-177,-11.8,16.8,2026-27,23.6,2026-27,37.3,2026-27,16.7,2026-27,3.6,2026-27,0.5,2026-27,0.2,2026-27,0.1,2026-27,1.3,2026-27,73.0,2026-27,39.5,2026-27,14.6,2026-27,3.7,2024-25,*,2024-25,18414988,2026-27,13961,2026-27,18590847,2025-26,140.0,2026-27,15928,2024-25,10015,2024-25,5912,2024-25,,,,,,,,,77.7,2024-25,69.1,2024-25,81.5,2024-25,84.0,2024-25,71.5,2024-25,24.3,2023-24,14.6,2023-24,45.8,2024-25,26.6,2024-25,17.4,2024-25,17.1,2024-25,2.0,2024-25,3.0,2024-25,3.0,2024-25,3.0,2024-25,U47061,
609732,STEINMETZ HS,Charles P Steinmetz College Preparatory HS,district,District,Network 14,Traditional,,,,9-12,HS,3030 N MOBILE AVE,41.93563,-87.78352,1b,BELMONT CRAGIN,30,150162990250041,,761,891,1059,-298,-28.1,5.8,2026-27,16.7,2026-27,74.9,2026-27,1.3,2026-27,0.4,2026-27,0.1,2026-27,0.5,2026-27,0.3,2026-27,0.0,2026-27,84.1,2026-27,50.2,2026-27,20.0,2026-27,7.9,2024-25,*,2024-25,14849991,2026-27,19514,2026-27,16447757,2025-26,112.5,2026-27,20195,2024-25,13646,2024-25,6549,2024-25,,,,,,,,,76.1,2024-25,73.8,2024-25,69.3,2024-25,75.9,2024-25,50.5,2024-25,3.1,2023-24,3.1,2023-24,17.1,2024-25,5.9,2024-25,13.3,2024-25,14.2,2024-25,2.0,2024-25,2.0,2024-25,2.0,2024-25,3.0,2024-25,U46291,
609733,SULLIVAN HS,Roger C Sullivan High School,district,District,Network 14,Traditional,,,yes,9-12,HS,6631 N BOSWORTH AVE,42.00269,-87.66919,2a,ROGERS PARK,49,150162990250042,,490,594,713,-223,-31.3,13.5,2026-27,31.4,2026-27,34.5,2026-27,14.5,2026-27,2.4,2026-27,0.8,2026-27,0.0,2026-27,2.9,2026-27,0.0,2026-27,83.3,2026-27,64.3,2026-27,24.9,2026-27,39.0,2024-25,*,2024-25,10634176,2026-27,21702,2026-27,11869042,2025-26,85.0,2026-27,20808,2024-25,14305,2024-25,6503,2024-25,,,,,,,,,71.7,2024-25,76.5,2024-25,66.8,2024-25,80.4,2024-25,57.5,2024-25,6.0,2023-24,3.6,2023-24,12.6,2024-25,10.8,2024-25,12.0,2024-25,15.1,2024-25,3.0,2024-25,3.0,2024-25,3.0,2024-25,3.0,2024-25,U46301,
609734,TAFT HS,William Howard Taft High School,district,District,Network 14,Traditional,,,,7-12,combo,6530 W BRYN MAWR AVE,41.98296,-87.79155,1a,NORWOOD PARK,41,150162990250043,,4082,4197,4303,-221,-5.1,39.3,2026-27,2.9,2026-27,44.9,2026-27,8.1,2026-27,2.7,2026-27,0.1,2026-27,0.5,2026-27,0.1,2026-27,1.4,2026-27,55.1,2026-27,23.7,2026-27,12.9,2026-27,1.7,2024-25,*,2024-25,50214337,2026-27,12301,2026-27,51766288,2025-26,379.5,2026-27,15050,2024-25,9624,2024-25,5426,2024-25,93.0,2024-25,81.2,2024-25,41.8,2024-25,35.6,2024-25,79.7,2024-25,62.4,2024-25,86.9,2024-25,88.4,2024-25,73.5,2024-25,27.6,2023-24,19.1,2023-24,50.4,2024-25,29.8,2024-25,17.8,2024-25,17.4,2024-25,3.0,2024-25,3.0,2024-25,3.0,2024-25,3.0,2024-25,U46311,
609735,TILDEN HS,Edward Tilden Career Community Academy HS,district,District,Network 16,Traditional,,,yes,9-12,HS,4747 S UNION AVE,41.80751,-87.64297,9a,NEW CITY,15,150162990250044,,187,224,239,-52,-21.8,6.4,2026-27,29.9,2026-27,60.4,2026-27,2.7,2026-27,0.5,2026-27,0.0,2026-27,0.0,2026-27,0.0,2026-27,0.0,2026-27,92.5,2026-27,48.1,2026-27,29.4,2026-27,34.1,2024-25,*,2024-25,5567584,2026-27,29773,2026-27,6320346,2025-26,44.5,2026-27,30221,2024-25,21663,2024-25,8558,2024-25,,,,,,,,,71.1,2024-25,79.3,2024-25,56.3,2024-25,55.4,2024-25,*,2024-25,6.2,2023-24,1.5,2023-24,10.0,2024-25,1.7,2024-25,11.5,2024-25,13.9,2024-25,3.0,2024-25,3.0,2024-25,2.0,2024-25,3.0,2024-25,U53121,
609737,VON STEUBEN HS,Friedrich W von Steuben Metropolitan Science HS,district,District,Network 14,Traditional,,application,yes,9-12,HS,5039 N KIMBALL AVE,41.97319,-87.71339,2b,NORTH PARK,39,150162990250046,,1725,1741,1675,50,3.0,19.3,2026-27,8.0,2026-27,52.3,2026-27,17.0,2026-27,2.5,2026-27,0.3,2026-27,0.6,2026-27,0.0,2026-27,0.0,2026-27,61.7,2026-27,15.0,2026-27,6.6,2026-27,*,2024-25,*,2024-25,19082610,2026-27,11062,2026-27,20523513,2025-26,139.5,2026-27,15798,2024-25,10048,2024-25,5750,2024-25,,,,,,,,,88.8,2024-25,41.0,2024-25,97.9,2024-25,90.7,2024-25,80.2,2024-25,34.0,2023-24,30.2,2023-24,66.3,2024-25,45.3,2024-25,19.7,2024-25,19.3,2024-25,3.0,2024-25,3.0,2024-25,4.0,2024-25,4.0,2024-25,U47081,
609738,LINCOLN PARK HS,Lincoln Park High School,district,District,Network 14,Traditional,,,yes,9-12,HS,2001 N ORCHARD ST,41.91827,-87.64601,4b,LINCOLN PARK,43,150162990250047,,2111,2136,2179,-68,-3.1,32.5,2026-27,22.2,2026-27,26.5,2026-27,12.2,2026-27,5.4,2026-27,0.3,2026-27,0.4,2026-27,0.0,2026-27,0.6,2026-27,43.7,2026-27,8.1,2026-27,10.7,2026-27,2.5,2024-25,*,2024-25,24968225,2026-27,11828,2026-27,26604809,2025-26,188.5,2026-27,15515,2024-25,9777,2024-25,5738,2024-25,,,,,,,,,82.8,2024-25,57.6,2024-25,89.0,2024-25,79.3,2024-25,86.1,2024-25,45.4,2023-24,43.9,2023-24,75.0,2024-25,50.2,2024-25,20.8,2024-25,20.0,2024-25,2.0,2024-25,3.0,2024-25,3.0,2024-25,3.0,2024-25,U46321,
609739,WASHINGTON HS,George Washington High School,district,District,Network 17,Traditional,,,yes,9-12,HS,3535 E 114TH ST,41.68814,-87.53757,10b,EAST SIDE,10,150162990250048,,1309,1348,1468,-159,-10.8,3.3,2026-27,6.7,2026-27,89.4,2026-27,0.5,2026-27,0.1,2026-27,0.0,2026-27,0.0,2026-27,0.0,2026-27,0.0,2026-27,82.9,2026-27,40.8,2026-27,17.6,2026-27,2.7,2024-25,*,2024-25,18962303,2026-27,14486,2026-27,22978612,2025-26,155.0,2026-27,16756,2024-25,10933,2024-25,5822,2024-25,,,,,,,,,80.7,2024-25,67.9,2024-25,88.1,2024-25,88.5,2024-25,58.5,2024-25,8.0,2023-24,5.7,2023-24,30.2,2024-25,10.2,2024-25,14.7,2024-25,15.4,2024-25,3.0,2024-25,3.0,2024-25,3.0,2024-25,3.0,2024-25,U46331,
609740,WELLS HS,Wells Community Academy High School,district,District,Network 15,Traditional,,,,9-12,HS,936 N ASHLAND AVE,41.89899,-87.66748,5b,WEST TOWN,1,150162990250049,,222,278,366,-144,-39.3,7.2,2026-27,45.0,2026-27,46.4,2026-27,0.5,2026-27,0.5,2026-27,0.5,2026-27,0.0,2026-27,0.0,2026-27,0.0,2026-27,86.9,2026-27,32.0,2026-27,20.7,2026-27,32.9,2024-25,*,2024-25,5555751,2026-27,25026,2026-27,6393435,2025-26,42.0,2026-27,23509,2024-25,16414,2024-25,7095,2024-25,,,,,,,,,70.4,2024-25,86.6,2024-25,62.5,2024-25,74.4,2024-25,37.7,2024-25,7.6,2023-24,1.3,2023-24,11.7,2024-25,0.0,2024-25,13.4,2024-25,14.2,2024-25,3.0,2024-25,3.0,2024-25,3.0,2024-25,3.0,2024-25,U51071,
609741,HUBBARD HS,Gurdon S Hubbard High School,district,District,Network 16,Traditional,,,,9-12,HS,6200 S HAMLIN AVE,41.78053,-87.71801,8b,WEST LAWN,23,150162990250020,,1411,1504,1588,-177,-11.1,0.6,2026-27,4.6,2026-27,94.7,2026-27,0.1,2026-27,0.1,2026-27,0.0,2026-27,0.0,2026-27,0.0,2026-27,0.0,2026-27,92.8,2026-27,49.4,2026-27,15.2,2026-27,5.4,2024-25,*,2024-25,19894078,2026-27,14099,2026-27,25246574,2025-26,153.0,2026-27,17038,2024-25,11299,2024-25,5739,2024-25,,,,,,,,,79.6,2024-25,75.0,2024-25,81.6,2024-25,76.4,2024-25,61.8,2024-25,7.6,2023-24,5.6,2023-24,31.9,2024-25,8.5,2024-25,15.5,2024-25,15.1,2024-25,4.0,2024-25,3.0,2024-25,4.0,2024-25,3.0,2024-25,U46341,
609744,NORTHSIDE LEARNING HS,Northside Learning Center High School,district,District,Network 14,Specialty,sped_specialty,,yes,9-12,HS,3730 W BRYN MAWR AVE,41.98297,-87.72239,2a,NORTH PARK,39,,,261,272,269,-8,-3.0,14.2,2026-27,18.8,2026-27,57.5,2026-27,6.1,2026-27,2.7,2026-27,0.0,2026-27,0.4,2026-27,0.0,2026-27,0.4,2026-27,73.6,2026-27,51.0,2026-27,100.0,2026-27,,,,,14187020,2026-27,54356,2026-27,13516625,2025-26,137.5,2026-27,,,,,,,,,,,,,,,,,,,,,,,,,,,,,,,,,,,,,,,,,,,,,U49021,
609745,SOUTHSIDE HS,Southside Occupational Academy High School,district,District,Network 16,Specialty,sped_transition,,,12,HS,7342 S HOYNE AVE,41.75985,-87.67595,9a,WEST ENGLEWOOD,17,,,392,394,376,16,4.3,2.8,2026-27,57.1,2026-27,39.5,2026-27,0.0,2026-27,0.3,2026-27,0.0,2026-27,0.0,2026-27,0.0,2026-27,0.3,2026-27,86.7,2026-27,32.1,2026-27,100.0,2026-27,,,,,15539378,2026-27,39641,2026-27,14735721,2025-26,143.0,2026-27,,,,,,,,,,,,,,,,,,,,,,,,,,,,,,,,,,,,,,,,,,,,,U49031,
609746,KENWOOD HS,Kenwood Academy High School,district,District,Network 17,Traditional,,,yes,7-12,combo,5015 S BLACKSTONE AVE,41.80377,-87.59042,10a,KENWOOD,4,150162990250025,,2334,2172,2233,101,4.5,6.7,2026-27,81.0,2026-27,6.6,2026-27,2.1,2026-27,2.1,2026-27,0.2,2026-27,0.1,2026-27,0.1,2026-27,1.1,2026-27,58.5,2026-27,3.6,2026-27,6.3,2026-27,4.8,2024-25,*,2024-25,23880524,2026-27,10232,2026-27,26274303,2025-26,179.0,2026-27,15280,2024-25,9738,2024-25,5543,2024-25,83.0,2024-25,71.1,2024-25,35.4,2024-25,44.1,2024-25,86.7,2024-25,48.3,2024-25,91.1,2024-25,85.0,2024-25,77.5,2024-25,29.8,2023-24,20.8,2023-24,62.0,2024-25,40.5,2024-25,19.2,2024-25,18.7,2024-25,3.0,2024-25,3.0,2024-25,4.0,2024-25,4.0,2024-25,U46361,
609748,YORK HS,Consuella B York Alternative High School,options,District,Options,Options,detention,,,9-12,HS,2700 S CALIFORNIA AVE,41.84253,-87.69526,7a,SOUTH LAWNDALE,24,,,103,153,161,-58,-36.0,0.0,2026-27,68.0,2026-27,30.1,2026-27,0.0,2026-27,1.9,2026-27,0.0,2026-27,0.0,2026-27,0.0,2026-27,0.0,2026-27,88.3,2026-27,11.7,2026-27,41.7,2026-27,,,,,11482926,2026-27,111485,2026-27,9339963,2025-26,66.0,2026-27,,,,,,,,,,,,,,,,,,,,,,,,,,,,,,,,,,,,,,,,,,,,,U49041,budget_not_comparable;budget_pp_outlier
609749,NORTHSIDE PREP HS,Northside College Preparatory High School,district,District,Network 14,Traditional,,exam,,9-12,HS,5501 N KEDZIE AVE,41.98132,-87.70871,2b,NORTH PARK,39,150162990250794,,1052,1083,1063,-11,-1.0,32.6,2026-27,6.7,2026-27,29.7,2026-27,24.3,2026-27,5.2,2026-27,0.0,2026-27,0.0,2026-27,0.0,2026-27,1.5,2026-27,37.5,2026-27,4.8,2026-27,12.3,2026-27,*,2024-25,*,2024-25,14223249,2026-27,13520,2026-27,15145968,2025-26,113.0,2026-27,17635,2024-25,11638,2024-25,5997,2024-25,,,,,,,,,92.0,2024-25,26.6,2024-25,96.3,2024-25,98.3,2024-25,92.3,2024-25,91.6,2023-24,91.2,2023-24,96.2,2024-25,90.0,2024-25,26.8,2024-25,28.6,2024-25,,,,,,,,,U46061,
609750,SIMPSON HS,Simpson Academy HS for Young Women,options,District,Options,Options,parenting,,,9-12,HS,1321 S PAULINA ST,41.86437,-87.66872,7a,NEAR WEST SIDE,28,,,31,27,34,-3,-8.8,3.2,2026-27,54.8,2026-27,41.9,2026-27,0.0,2026-27,0.0,2026-27,0.0,2026-27,0.0,2026-27,0.0,2026-27,0.0,2026-27,96.8,2026-27,41.9,2026-27,16.1,2026-27,,,,,3715543,2026-27,119856,2026-27,3495879,2025-26,26.0,2026-27,,,,,,,,,,,,,,,,,,,,,,,,,,,,,,,,,,,,,,,,,,,,,U49051,budget_not_comparable;budget_pp_outlier
609751,KING HS,Dr  Martin Luther King  Jr  College Prep HS,district,District,Network 17,Traditional,,exam,yes,9-12,HS,4445 S DREXEL BLVD,41.81368,-87.60387,10a,KENWOOD,4,150162990250039,,1002,866,799,203,25.4,0.1,2026-27,96.4,2026-27,2.5,2026-27,0.3,2026-27,0.6,2026-27,0.0,2026-27,0.1,2026-27,0.0,2026-27,0.0,2026-27,80.3,2026-27,1.7,2026-27,12.0,2026-27,4.8,2024-25,*,2024-25,12107429,2026-27,12083,2026-27,12204160,2025-26,101.0,2026-27,18678,2024-25,12528,2024-25,6150,2024-25,,,,,,,,,83.6,2024-25,66.3,2024-25,95.9,2024-25,90.6,2024-25,79.8,2024-25,14.2,2023-24,4.1,2023-24,39.8,2024-25,15.7,2024-25,16.8,2024-25,15.9,2024-25,2.0,2024-25,3.0,2024-25,3.0,2024-25,3.0,2024-25,U46371,
609753,CHICAGO AGRICULTURE HS,Chicago High School for Agricultural Sciences,district,District,ISP,Traditional,,application,yes,9-12,HS,3857 W 111TH ST,41.69122,-87.71777,9b,MOUNT GREENWOOD,19,150162990250772,,751,760,758,-7,-0.9,18.1,2026-27,56.9,2026-27,22.6,2026-27,0.5,2026-27,1.6,2026-27,0.1,2026-27,0.1,2026-27,0.0,2026-27,0.0,2026-27,58.3,2026-27,6.9,2026-27,27.0,2026-27,*,2024-25,*,2024-25,14981940,2026-27,19949,2026-27,16798553,2025-26,118.4,2026-27,22633,2024-25,16141,2024-25,6492,2024-25,,,,,,,,,88.8,2024-25,39.2,2024-25,90.7,2024-25,91.0,2024-25,69.7,2024-25,27.3,2023-24,13.7,2023-24,56.7,2024-25,27.2,2024-25,18.7,2024-25,17.8,2024-25,4.0,2024-25,4.0,2024-25,4.0,2024-25,4.0,2024-25,U47091,
609754,CHICAGO MILITARY HS,Chicago Military Academy High School,district,District,Network 17,Traditional,,application,,9-12,HS,3519 S GILES AVE,41.83055,-87.61922,6b,DOUGLAS,3,150162990250795,,202,205,195,7,3.6,0.0,2026-27,76.7,2026-27,21.8,2026-27,1.0,2026-27,0.0,2026-27,0.5,2026-27,0.0,2026-27,0.0,2026-27,0.0,2026-27,89.6,2026-27,13.9,2026-27,24.3,2026-27,8.0,2024-25,*,2024-25,5238405,2026-27,25933,2026-27,5005323,2025-26,43.5,2026-27,32270,2024-25,23309,2024-25,8960,2024-25,,,,,,,,,78.0,2024-25,74.3,2024-25,84.6,2024-25,88.1,2024-25,57.1,2024-25,0.0,2023-24,1.9,2023-24,22.2,2024-25,5.6,2024-25,15.2,2024-25,14.5,2024-25,2.0,2024-25,2.0,2024-25,2.0,2024-25,3.0,2024-25,U70070,
609755,YOUNG HS,Whitney M Young Magnet High School,district,District,Network 15,Traditional,,exam,yes,7-12,combo,211 S LAFLIN ST,41.8786,-87.66423,5b,NEAR WEST SIDE,27,150162990250764,,2160,2201,2210,-50,-2.3,24.4,2026-27,17.4,2026-27,24.2,2026-27,27.3,2026-27,5.9,2026-27,0.6,2026-27,0.2,2026-27,0.0,2026-27,0.0,2026-27,30.0,2026-27,2.0,2026-27,7.9,2026-27,0.5,2024-25,*,2024-25,25823593,2026-27,11955,2026-27,30624811,2025-26,195.0,2026-27,16478,2024-25,10768,2024-25,5710,2024-25,97.5,2024-25,99.3,2024-25,35.8,2024-25,55.9,2024-25,93.3,2024-25,17.0,2024-25,98.2,2024-25,97.6,2024-25,89.2,2024-25,84.8,2023-24,84.1,2023-24,92.5,2024-25,89.0,2024-25,25.7,2024-25,27.7,2024-25,4.0,2024-25,4.0,2024-25,5.0,2024-25,5.0,2024-25,U47101,
609756,CURIE HS,Marie Sklodowska Curie Metropolitan High School,district,District,Network 15,Traditional,,application,,9-12,HS,4959 S ARCHER AVE,41.80306,-87.72204,7b,ARCHER HEIGHTS,14,150162990250617,,2732,2826,2888,-156,-5.4,1.5,2026-27,9.8,2026-27,85.9,2026-27,2.2,2026-27,0.3,2026-27,0.3,2026-27,0.0,2026-27,0.1,2026-27,0.0,2026-27,86.6,2026-27,32.7,2026-27,13.0,2026-27,2.1,2024-25,*,2024-25,36262108,2026-27,13273,2026-27,37683874,2025-26,274.0,2026-27,16337,2024-25,10818,2024-25,5519,2024-25,,,,,,,,,78.0,2024-25,68.9,2024-25,77.6,2024-25,69.1,2024-25,61.2,2024-25,9.2,2023-24,8.7,2023-24,32.2,2024-25,22.2,2024-25,15.6,2024-25,16.5,2024-25,2.0,2024-25,3.0,2024-25,3.0,2024-25,3.0,2024-25,U53101,
609759,CLEMENTE HS,Roberto Clemente Community Academy High School,district,District,Network 15,Traditional,,,yes,9-12,HS,1147 N WESTERN AVE,41.90263,-87.68691,5a,WEST TOWN,1,150162990250545,,415,491,673,-258,-38.3,2.9,2026-27,29.4,2026-27,66.0,2026-27,0.2,2026-27,1.4,2026-27,0.0,2026-27,0.0,2026-27,0.0,2026-27,0.0,2026-27,91.6,2026-27,41.4,2026-27,29.4,2026-27,43.2,2024-25,*,2024-25,10746588,2026-27,25895,2026-27,12250905,2025-26,91.0,2026-27,23507,2024-25,16668,2024-25,6840,2024-25,,,,,,,,,73.4,2024-25,76.3,2024-25,67.7,2024-25,93.5,2024-25,46.2,2024-25,5.0,2023-24,0.6,2023-24,15.3,2024-25,2.5,2024-25,12.4,2024-25,13.6,2024-25,,,,,,,3.0,2024-25,U51091,
609760,CARVER MILITARY HS,George Washington Carver Military Academy HS,district,District,Network 17,Traditional,,application,,9-12,HS,13100 S DOTY AVE,41.65629,-87.59062,10b,RIVERDALE,10,150162990250006,,380,415,416,-36,-8.7,2.9,2026-27,41.6,2026-27,54.7,2026-27,0.0,2026-27,0.5,2026-27,0.3,2026-27,0.0,2026-27,0.0,2026-27,0.0,2026-27,93.4,2026-27,26.6,2026-27,13.7,2026-27,5.3,2024-25,*,2024-25,7762208,2026-27,20427,2026-27,8670030,2025-26,59.5,2026-27,22543,2024-25,15778,2024-25,6765,2024-25,,,,,,,,,84.6,2024-25,60.2,2024-25,91.1,2024-25,93.0,2024-25,68.5,2024-25,8.2,2023-24,7.2,2023-24,15.3,2024-25,7.1,2024-25,13.8,2024-25,15.2,2024-25,3.0,2024-25,3.0,2024-25,3.0,2024-25,3.0,2024-25,U46381,
609761,CORLISS HS,George H Corliss High School,district,District,Network 17,Traditional,,,yes,9-12,HS,821 E 103RD ST,41.70666,-87.60122,10b,PULLMAN,9,150162990250543,,335,331,364,-29,-8.0,1.2,2026-27,88.1,2026-27,10.1,2026-27,0.0,2026-27,0.6,2026-27,0.0,2026-27,0.0,2026-27,0.0,2026-27,0.0,2026-27,90.7,2026-27,7.2,2026-27,26.3,2026-27,10.7,2024-25,*,2024-25,6778738,2026-27,20235,2026-27,7275586,2025-26,55.5,2026-27,23445,2024-25,15824,2024-25,7621,2024-25,,,,,,,,,74.6,2024-25,76.8,2024-25,77.1,2024-25,62.5,2024-25,36.0,2024-25,6.7,2023-24,0.0,2023-24,10.3,2024-25,1.1,2024-25,12.5,2024-25,13.5,2024-25,3.0,2024-25,3.0,2024-25,3.0,2024-25,3.0,2024-25,U46391,
609762,JULIAN HS,Percy L Julian High School,district,District,Network 16,Traditional,,,,9-12,HS,10330 S ELIZABETH ST,41.70586,-87.65375,9b,WASHINGTON HEIGHTS,21,150162990250763,,391,382,404,-13,-3.2,0.3,2026-27,93.6,2026-27,5.6,2026-27,0.0,2026-27,0.0,2026-27,0.5,2026-27,0.0,2026-27,0.0,2026-27,0.0,2026-27,91.6,2026-27,3.8,2026-27,25.1,2026-27,5.0,2024-25,*,2024-25,8296970,2026-27,21220,2026-27,9033241,2025-26,64.0,2026-27,26654,2024-25,19305,2024-25,7349,2024-25,,,,,,,,,74.3,2024-25,79.7,2024-25,81.8,2024-25,92.7,2024-25,51.5,2024-25,1.0,2023-24,0.0,2023-24,6.7,2024-25,1.9,2024-25,12.1,2024-25,13.9,2024-25,,,,,,,2.0,2024-25,U46401,
609764,JUAREZ HS,Benito Juarez Community Academy High School,district,District,Network 15,Traditional,,,,9-12,HS,1450 W CERMAK RD,41.85267,-87.66434,7a,LOWER WEST SIDE,25,150162990250767,,1448,1422,1520,-72,-4.7,2.1,2026-27,1.7,2026-27,94.2,2026-27,1.1,2026-27,0.1,2026-27,0.1,2026-27,0.1,2026-27,0.1,2026-27,0.4,2026-27,90.7,2026-27,52.8,2026-27,16.2,2026-27,8.0,2024-25,*,2024-25,19491416,2026-27,13461,2026-27,20622420,2025-26,148.0,2026-27,17313,2024-25,11513,2024-25,5800,2024-25,,,,,,,,,78.3,2024-25,70.6,2024-25,86.8,2024-25,89.0,2024-25,76.5,2024-25,8.5,2023-24,3.9,2023-24,36.3,2024-25,14.1,2024-25,16.0,2024-25,15.6,2024-25,3.0,2024-25,4.0,2024-25,4.0,2024-25,3.0,2024-25,U46421,
609766,VAUGHN HS,Jacqueline B Vaughn Occupational High School,district,District,Network 14,Specialty,sped_specialty,,yes,9-12,HS,4355 N LINDER AVE,41.96036,-87.76466,1b,PORTAGE PARK,45,,,234,231,225,9,4.0,15.8,2026-27,19.2,2026-27,59.0,2026-27,3.4,2026-27,1.3,2026-27,0.4,2026-27,0.0,2026-27,0.0,2026-27,0.9,2026-27,79.5,2026-27,51.7,2026-27,100.0,2026-27,,,,,10896436,2026-27,46566,2026-27,10313929,2025-26,102.0,2026-27,,,,,,,,,,,,,,,,,,,,,,,,,,,,,,,,,,,,,,,,,,,,,U49081,
609769,GRAHAM HS,Ray Graham Training Center High School,district,District,Network 14,Specialty,sped_transition,,,12,HS,2347 S WABASH AVE,41.84968,-87.62531,6b,NEAR SOUTH SIDE,3,,,277,265,259,18,6.9,5.8,2026-27,44.0,2026-27,45.5,2026-27,3.6,2026-27,0.7,2026-27,0.4,2026-27,0.0,2026-27,0.0,2026-27,0.0,2026-27,85.6,2026-27,38.3,2026-27,100.0,2026-27,,,,,11315968,2026-27,40852,2026-27,10827000,2025-26,102.0,2026-27,,,,,,,,,,,,,,,,,,,,,,,,,,,,,,,,,,,,,,,,,,,,,U49101,
609772,ADDAMS,Jane Addams Elementary School,district,District,Network 13,Traditional,,,,PE-8,ES,10810 S AVENUE H,41.69874,-87.53298,10b,EAST SIDE,10,150162990252051,,489,518,541,-52,-9.6,3.1,2026-27,4.1,2026-27,92.0,2026-27,0.0,2026-27,0.8,2026-27,0.0,2026-27,0.0,2026-27,0.0,2026-27,0.0,2026-27,77.3,2026-27,45.2,2026-27,18.2,2026-27,*,2024-25,*,2024-25,8295994,2026-27,16965,2026-27,15364410,2025-26,67.0,2026-27,17916,2024-25,11669,2024-25,6247,2024-25,46.7,2024-25,24.5,2024-25,55.0,2024-25,48.1,2024-25,90.3,2024-25,37.8,2024-25,,,,,,,,,,,,,,,,,,,3.0,2024-25,3.0,2024-25,3.0,2024-25,,,U22021,
609773,TUBMAN,Harriet Tubman Elementary School,district,District,Network 4,Traditional,,,,PK-8,ES,2851 N SEMINARY AVE,41.93413,-87.65623,4b,LAKE VIEW,44,150162990252052,,286,283,306,-20,-6.5,42.3,2026-27,21.7,2026-27,22.7,2026-27,3.1,2026-27,9.4,2026-27,0.3,2026-27,0.3,2026-27,0.0,2026-27,0.0,2026-27,32.9,2026-27,3.5,2026-27,18.9,2026-27,4.6,2024-25,*,2024-25,6291467,2026-27,21998,2026-27,6712369,2025-26,53.0,2026-27,25441,2024-25,17397,2024-25,8044,2024-25,68.9,2024-25,44.4,2024-25,62.6,2024-25,46.2,2024-25,90.7,2024-25,33.0,2024-25,,,,,,,,,,,,,,,,,,,3.0,2024-25,3.0,2024-25,4.0,2024-25,,,U22031,
609774,ALCOTT ES,Louisa May Alcott College Preparatory ES,district,District,Network 4,Traditional,,,,PE-8,ES,2625 N ORCHARD ST,41.92985,-87.64641,4b,LINCOLN PARK,43,150162990252053,,557,569,559,-2,-0.4,57.3,2026-27,7.4,2026-27,12.9,2026-27,13.8,2026-27,8.3,2026-27,0.2,2026-27,0.0,2026-27,0.2,2026-27,0.0,2026-27,12.4,2026-27,4.3,2026-27,10.8,2026-27,2.2,2024-25,*,2024-25,9082217,2026-27,16306,2026-27,10110788,2025-26,70.5,2026-27,20616,2024-25,14234,2024-25,6383,2024-25,81.3,2024-25,73.5,2024-25,69.2,2024-25,62.8,2024-25,94.5,2024-25,14.2,2024-25,,,,,,,,,,,,,,,,,,,4.0,2024-25,4.0,2024-25,4.0,2024-25,,,U22041,
609777,ARMOUR,Phillip D Armour Elementary School,district,District,Network 6,Traditional,,,,PK-8,ES,950 W 33RD PL,41.83385,-87.65065,7b,BRIDGEPORT,11,150162990252058,,234,229,256,-22,-8.6,15.8,2026-27,9.4,2026-27,61.1,2026-27,8.1,2026-27,5.1,2026-27,0.0,2026-27,0.0,2026-27,0.4,2026-27,0.0,2026-27,62.4,2026-27,32.1,2026-27,25.2,2026-27,3.9,2024-25,*,2024-25,5298812,2026-27,22644,2026-27,5318295,2025-26,47.5,2026-27,24731,2024-25,16934,2024-25,7797,2024-25,60.1,2024-25,28.2,2024-25,56.4,2024-25,56.5,2024-25,92.4,2024-25,28.0,2024-25,,,,,,,,,,,,,,,,,,,3.0,2024-25,3.0,2024-25,3.0,2024-25,,,U22061,
609779,ARMSTRONG G,George Armstrong International Studies ES,district,District,ISP,Traditional,,,,PE-8,ES,2110 W GREENLEAF AVE,42.01015,-87.68444,2a,WEST RIDGE,50,150162990252059,,1295,1375,1302,-7,-0.5,8.4,2026-27,29.4,2026-27,31.4,2026-27,26.8,2026-27,3.6,2026-27,0.4,2026-27,0.1,2026-27,0.0,2026-27,0.0,2026-27,75.9,2026-27,46.6,2026-27,12.0,2026-27,1.2,2024-25,*,2024-25,18217597,2026-27,14068,2026-27,16850285,2025-26,150.0,2026-27,15963,2024-25,10467,2024-25,5495,2024-25,56.1,2024-25,44.3,2024-25,57.9,2024-25,56.4,2024-25,92.7,2024-25,24.5,2024-25,,,,,,,,,,,,,,,,,,,4.0,2024-25,4.0,2024-25,3.0,2024-25,,,U22081,
609780,MILITARY LEADERSHIP HS,Marine Leadership Academy at Ames,district,District,Network 14,Traditional,,application,,7-12,combo,1920 N HAMLIN AVE,41.91604,-87.72174,3b,LOGAN SQUARE,26,150162990252912,,424,475,546,-122,-22.3,0.9,2026-27,2.4,2026-27,95.8,2026-27,0.5,2026-27,0.2,2026-27,0.0,2026-27,0.2,2026-27,0.0,2026-27,0.0,2026-27,92.9,2026-27,65.6,2026-27,17.5,2026-27,*,2024-25,*,2024-25,9051574,2026-27,21348,2026-27,9251515,2025-26,66.5,2026-27,21579,2024-25,15052,2024-25,6527,2024-25,27.7,2024-25,8.5,2024-25,47.1,2024-25,40.8,2024-25,85.3,2024-25,59.2,2024-25,90.0,2024-25,90.1,2024-25,52.1,2024-25,6.6,2023-24,3.7,2023-24,16.5,2024-25,12.7,2024-25,13.5,2024-25,15.5,2024-25,3.0,2024-25,3.0,2024-25,3.0,2024-25,3.0,2024-25,U41111,
609782,AUDUBON,John J Audubon Elementary School,district,District,Network 4,Traditional,,,,PE-8,ES,3500 N HOYNE AVE,41.94506,-87.68104,4b,NORTH CENTER,32,150162990252062,,624,591,606,18,3.0,71.5,2026-27,1.6,2026-27,11.7,2026-27,5.1,2026-27,9.9,2026-27,0.2,2026-27,0.0,2026-27,0.0,2026-27,0.0,2026-27,5.8,2026-27,3.5,2026-27,10.6,2026-27,*,2024-25,*,2024-25,8859131,2026-27,14197,2026-27,8792601,2025-26,76.5,2026-27,18513,2024-25,12294,2024-25,6219,2024-25,86.6,2024-25,76.8,2024-25,76.6,2024-25,65.2,2024-25,94.8,2024-25,10.0,2024-25,,,,,,,,,,,,,,,,,,,4.0,2024-25,4.0,2024-25,4.0,2024-25,,,U22091,
609783,JEFFERSON HS,Nancy B Jefferson Alternative High School,options,District,Options,Options,detention,,,8-12,combo,1100 S HAMILTON AVE,41.86783,-87.68042,5b,NEAR WEST SIDE,27,,,119,163,191,-72,-37.7,1.7,2026-27,76.5,2026-27,21.0,2026-27,0.8,2026-27,0.0,2026-27,0.0,2026-27,0.0,2026-27,0.0,2026-27,0.0,2026-27,81.5,2026-27,10.1,2026-27,42.9,2026-27,,,,,11084247,2026-27,93145,2026-27,10612194,2025-26,65.0,2026-27,,,,,,,,,,,,,,,,,,,,,,,,,,,,,,,,,,,,,,,,,,,,,U30011,budget_not_comparable;budget_pp_outlier
609786,AVALON PARK,Avalon Park Elementary School,district,District,Network 12,Traditional,,,,PE-8,ES,8045 S KENWOOD AVE,41.74825,-87.59165,10b,AVALON PARK,8,150162990252063,,236,208,223,13,5.8,0.0,2026-27,92.4,2026-27,3.8,2026-27,0.0,2026-27,0.8,2026-27,0.0,2026-27,0.0,2026-27,0.0,2026-27,3.0,2026-27,73.7,2026-27,3.4,2026-27,18.2,2026-27,*,2024-25,*,2024-25,4409710,2026-27,18685,2026-27,4579451,2025-26,38.0,2026-27,23818,2024-25,16305,2024-25,7513,2024-25,29.5,2024-25,13.0,2024-25,51.4,2024-25,56.2,2024-25,88.4,2024-25,45.1,2024-25,,,,,,,,,,,,,,,,,,,4.0,2024-25,4.0,2024-25,4.0,2024-25,,,U22101,
609788,BARNARD,Alice L Barnard Computer Math & Science Ctr ES,district,District,Network 10,Traditional,,,,PE-8,ES,10354 S CHARLES ST,41.70513,-87.65807,9b,BEVERLY,19,150162990252066,,243,250,242,1,0.4,3.7,2026-27,89.3,2026-27,6.6,2026-27,0.0,2026-27,0.4,2026-27,0.0,2026-27,0.0,2026-27,0.0,2026-27,0.0,2026-27,76.1,2026-27,1.6,2026-27,18.5,2026-27,6.2,2024-25,*,2024-25,4346578,2026-27,17887,2026-27,4440781,2025-26,34.5,2026-27,23378,2024-25,15279,2024-25,8099,2024-25,36.4,2024-25,17.9,2024-25,44.9,2024-25,42.0,2024-25,91.8,2024-25,29.8,2024-25,,,,,,,,,,,,,,,,,,,4.0,2024-25,4.0,2024-25,3.0,2024-25,,,U22131,
609789,BARRY,John Barry Elementary School,district,District,Network 4,Traditional,,,,PE-6,ES,2828 N KILBOURN AVE,41.93251,-87.73939,3a,HERMOSA,31,150162990252067,,428,417,475,-47,-9.9,1.2,2026-27,7.9,2026-27,90.4,2026-27,0.2,2026-27,0.0,2026-27,0.2,2026-27,0.0,2026-27,0.0,2026-27,0.0,2026-27,77.1,2026-27,63.1,2026-27,23.4,2026-27,*,2024-25,*,2024-25,8210196,2026-27,19183,2026-27,8347822,2025-26,71.0,2026-27,20796,2024-25,14103,2024-25,6692,2024-25,30.5,2024-25,19.0,2024-25,56.3,2024-25,41.3,2024-25,89.9,2024-25,41.2,2024-25,,,,,,,,,,,,,,,,,,,3.0,2024-25,3.0,2024-25,3.0,2024-25,,,U22141,
609790,BARTON,Clara Barton Elementary School,district,District,Network 11,Traditional,,,yes,PK-8,ES,7650 S WOLCOTT AVE,41.75419,-87.67093,9a,AUBURN GRESHAM,17,150162990252068,,357,411,412,-55,-13.3,1.4,2026-27,70.3,2026-27,22.7,2026-27,0.0,2026-27,0.8,2026-27,0.8,2026-27,0.0,2026-27,0.0,2026-27,3.9,2026-27,83.5,2026-27,17.6,2026-27,25.8,2026-27,10.0,2024-25,*,2024-25,8622032,2026-27,24151,2026-27,8546560,2025-26,68.0,2026-27,22657,2024-25,15818,2024-25,6838,2024-25,15.7,2024-25,6.4,2024-25,36.2,2024-25,36.3,2024-25,88.0,2024-25,45.9,2024-25,,,,,,,,,,,,,,,,,,,4.0,2024-25,3.0,2024-25,3.0,2024-25,,,U22151,
609791,BASS,Perkins Bass Elementary School,district,District,Network 11,Traditional,,,,PE-8,ES,1140 W 66TH ST,41.77425,-87.65353,9a,ENGLEWOOD,16,150162990252069,,267,248,316,-49,-15.5,1.1,2026-27,80.9,2026-27,16.5,2026-27,0.0,2026-27,0.7,2026-27,0.7,2026-27,0.0,2026-27,0.0,2026-27,0.0,2026-27,85.4,2026-27,12.4,2026-27,21.3,2026-27,7.1,2024-25,*,2024-25,5759770,2026-27,21572,2026-27,6385125,2025-26,50.0,2026-27,22767,2024-25,15552,2024-25,7215,2024-25,17.6,2024-25,10.2,2024-25,44.5,2024-25,52.1,2024-25,85.8,2024-25,50.3,2024-25,,,,,,,,,,,,,,,,,,,3.0,2024-25,3.0,2024-25,3.0,2024-25,,,U22161,
609792,BATEMAN,Newton Bateman Elementary School,district,District,Network 1,Traditional,,,,PE-8,ES,4220 N RICHMOND ST,41.95822,-87.70215,2b,IRVING PARK,33,150162990252070,,826,856,901,-75,-8.3,26.5,2026-27,2.2,2026-27,62.6,2026-27,4.0,2026-27,4.4,2026-27,0.2,2026-27,0.0,2026-27,0.0,2026-27,0.1,2026-27,40.2,2026-27,34.4,2026-27,14.9,2026-27,*,2024-25,*,2024-25,13248799,2026-27,16040,2026-27,12352395,2025-26,112.0,2026-27,17472,2024-25,11627,2024-25,5845,2024-25,47.5,2024-25,26.7,2024-25,53.8,2024-25,56.2,2024-25,94.0,2024-25,16.2,2024-25,,,,,,,,,,,,,,,,,,,4.0,2024-25,4.0,2024-25,4.0,2024-25,,,U22171,
609793,NICHOLSON,Lillian R. Nicholson STEM Academy,district,District,Network 11,Traditional,,,,PE-8,ES,6006 S PEORIA ST,41.78494,-87.64745,9a,ENGLEWOOD,16,150162990252072,,420,490,495,-75,-15.2,6.0,2026-27,64.5,2026-27,28.6,2026-27,0.0,2026-27,0.2,2026-27,0.5,2026-27,0.2,2026-27,0.0,2026-27,0.0,2026-27,83.1,2026-27,32.6,2026-27,18.8,2026-27,35.5,2024-25,*,2024-25,9335706,2026-27,22228,2026-27,9069646,2025-26,81.0,2026-27,19351,2024-25,13025,2024-25,6325,2024-25,15.9,2024-25,9.0,2024-25,39.4,2024-25,46.1,2024-25,85.3,2024-25,54.0,2024-25,,,,,,,,,,,,,,,,,,,3.0,2024-25,3.0,2024-25,3.0,2024-25,,,U22181,
609794,EDISON,Thomas A Edison Regional Gifted Center ES,district,District,Network 1,Traditional,,exam,,K-8,ES,4929 N SAWYER AVE,41.97151,-87.7093,2b,ALBANY PARK,33,150162990252184,,264,265,265,-1,-0.4,53.4,2026-27,1.9,2026-27,10.6,2026-27,21.6,2026-27,12.5,2026-27,0.0,2026-27,0.0,2026-27,0.0,2026-27,0.0,2026-27,6.4,2026-27,0.0,2026-27,6.1,2026-27,*,2024-25,*,2024-25,3797370,2026-27,14384,2026-27,3754559,2025-26,29.0,2026-27,18806,2024-25,11605,2024-25,7202,2024-25,96.6,2024-25,93.8,2024-25,54.2,2024-25,57.7,2024-25,94.9,2024-25,12.4,2024-25,,,,,,,,,,,,,,,,,,,4.0,2024-25,3.0,2024-25,4.0,2024-25,,,U29011,
609795,CLARK ES,George Rogers Clark Elementary School,district,District,ISP,Traditional,,,,PE-8,ES,1045 S MONITOR AVE,41.86781,-87.77042,5a,AUSTIN,29,150162990252700,,121,123,132,-11,-8.3,3.3,2026-27,50.4,2026-27,44.6,2026-27,0.0,2026-27,0.0,2026-27,0.0,2026-27,0.0,2026-27,0.0,2026-27,1.7,2026-27,71.1,2026-27,24.8,2026-27,10.7,2026-27,*,2024-25,*,2024-25,3453448,2026-27,28541,2026-27,3250985,2025-26,28.5,2026-27,29464,2024-25,20059,2024-25,9405,2024-25,43.6,2024-25,19.2,2024-25,57.4,2024-25,50.9,2024-25,92.3,2024-25,22.7,2024-25,,,,,,,,,,,,,,,,,,,3.0,2024-25,3.0,2024-25,4.0,2024-25,,,U22191,
609796,BEAUBIEN,Jean Baptiste Beaubien Elementary School,district,District,Network 1,Traditional,,exam,yes,PK-8,ES,5025 N LARAMIE AVE,41.97239,-87.75757,1a,JEFFERSON PARK,45,150162990252078,,1023,1014,1005,18,1.8,33.7,2026-27,5.4,2026-27,36.1,2026-27,16.7,2026-27,7.0,2026-27,0.5,2026-27,0.4,2026-27,0.2,2026-27,0.0,2026-27,35.4,2026-27,14.4,2026-27,17.2,2026-27,*,2024-25,*,2024-25,12240871,2026-27,11966,2026-27,12272694,2025-26,101.5,2026-27,16538,2024-25,10457,2024-25,6081,2024-25,71.6,2024-25,52.6,2024-25,50.3,2024-25,46.6,2024-25,92.7,2024-25,22.5,2024-25,,,,,,,,,,,,,,,,,,,4.0,2024-25,4.0,2024-25,4.0,2024-25,,,U22201,
609797,BEIDLER,Jacob Beidler Elementary School,district,District,Network 5,Traditional,,,,PE-8,ES,3151 W WALNUT ST,41.88532,-87.70585,5b,EAST GARFIELD PARK,27,150162990252080,,212,211,229,-17,-7.4,0.9,2026-27,84.4,2026-27,11.3,2026-27,1.4,2026-27,1.4,2026-27,0.0,2026-27,0.5,2026-27,0.0,2026-27,0.0,2026-27,81.6,2026-27,10.4,2026-27,12.7,2026-27,*,2024-25,*,2024-25,4079261,2026-27,19242,2026-27,4536444,2025-26,31.5,2026-27,26560,2024-25,16844,2024-25,9717,2024-25,24.5,2024-25,7.3,2024-25,56.3,2024-25,46.5,2024-25,88.8,2024-25,50.2,2024-25,,,,,,,,,,,,,,,,,,,3.0,2024-25,4.0,2024-25,3.0,2024-25,,,U22211,
609798,BELDING,Hiram H Belding Elementary School,district,District,Network 1,Traditional,,,,PK-8,ES,4257 N TRIPP AVE,41.95894,-87.73402,1b,IRVING PARK,39,150162990252081,,597,603,602,-5,-0.8,50.1,2026-27,5.0,2026-27,35.7,2026-27,5.4,2026-27,3.5,2026-27,0.2,2026-27,0.2,2026-27,0.0,2026-27,0.0,2026-27,36.7,2026-27,15.9,2026-27,17.6,2026-27,*,2024-25,*,2024-25,8187492,2026-27,13714,2026-27,8337496,2025-26,65.0,2026-27,17275,2024-25,10776,2024-25,6499,2024-25,62.7,2024-25,48.9,2024-25,54.0,2024-25,47.5,2024-25,93.7,2024-25,19.4,2024-25,,,,,,,,,,,,,,,,,,,4.0,2024-25,4.0,2024-25,4.0,2024-25,,,U22221,
609799,BELL,Alexander Graham Bell Elementary School,district,District,Network 4,Traditional,,exam,,PE-8,ES,3730 N OAKLEY AVE,41.94953,-87.68602,4b,NORTH CENTER,47,150162990252082,,913,923,902,11,1.2,57.5,2026-27,1.8,2026-27,16.1,2026-27,11.5,2026-27,12.7,2026-27,0.2,2026-27,0.1,2026-27,0.0,2026-27,0.1,2026-27,10.7,2026-27,5.4,2026-27,13.1,2026-27,*,2024-25,*,2024-25,13841632,2026-27,15161,2026-27,14079168,2025-26,113.0,2026-27,17959,2024-25,11994,2024-25,5965,2024-25,84.8,2024-25,73.5,2024-25,57.4,2024-25,56.8,2024-25,94.5,2024-25,12.8,2024-25,,,,,,,,,,,,,,,,,,,3.0,2024-25,3.0,2024-25,4.0,2024-25,,,U22231,
609800,BENNETT,Frank I Bennett Elementary School,district,District,Network 13,Traditional,,,,PE-8,ES,10115 S PRAIRIE AVE,41.71043,-87.61739,9b,ROSELAND,9,150162990252083,,294,302,307,-13,-4.2,0.3,2026-27,94.6,2026-27,4.1,2026-27,0.3,2026-27,0.7,2026-27,0.0,2026-27,0.0,2026-27,0.0,2026-27,0.0,2026-27,67.3,2026-27,2.7,2026-27,13.9,2026-27,5.8,2024-25,*,2024-25,5320641,2026-27,18097,2026-27,5104946,2025-26,41.5,2026-27,21082,2024-25,14360,2024-25,6721,2024-25,43.7,2024-25,13.5,2024-25,51.9,2024-25,57.0,2024-25,89.7,2024-25,38.2,2024-25,,,,,,,,,,,,,,,,,,,3.0,2024-25,3.0,2024-25,3.0,2024-25,,,U22241,
609803,BLAINE,James G Blaine Elementary School,district,District,Network 4,Traditional,,,,PE-8,ES,1420 W GRACE ST,41.95078,-87.66497,4a,LAKE VIEW,46,150162990252087,,646,633,634,12,1.9,66.1,2026-27,1.5,2026-27,15.8,2026-27,5.9,2026-27,10.7,2026-27,0.0,2026-27,0.0,2026-27,0.0,2026-27,0.0,2026-27,6.2,2026-27,5.9,2026-27,15.6,2026-27,3.3,2024-25,*,2024-25,9775309,2026-27,15132,2026-27,12042726,2025-26,74.5,2026-27,20025,2024-25,13902,2024-25,6122,2024-25,84.1,2024-25,78.1,2024-25,60.0,2024-25,65.5,2024-25,95.3,2024-25,8.5,2024-25,,,,,,,,,,,,,,,,,,,4.0,2024-25,4.0,2024-25,5.0,2024-25,,,U22261,
609804,MOSAIC,Mosaic School of Fine Arts,district,District,Network 2,Traditional,,,,PK-8,ES,6710 N WASHTENAW AVE,42.00341,-87.69746,2a,WEST RIDGE,50,150162990252089,,760,769,745,15,2.0,10.3,2026-27,12.0,2026-27,31.7,2026-27,41.2,2026-27,1.7,2026-27,3.0,2026-27,0.0,2026-27,0.1,2026-27,0.0,2026-27,81.8,2026-27,60.9,2026-27,13.4,2026-27,*,2024-25,*,2024-25,10937364,2026-27,14391,2026-27,11609924,2025-26,91.0,2026-27,17349,2024-25,11341,2024-25,6009,2024-25,34.6,2024-25,20.6,2024-25,44.8,2024-25,49.6,2024-25,90.1,2024-25,37.7,2024-25,,,,,,,,,,,,,,,,,,,3.0,2024-25,3.0,2024-25,3.0,2024-25,,,U22271,
609805,JOPLIN,Scott Joplin Elementary School,district,District,Network 11,Traditional,,,,PK-8,ES,7931 S HONORE ST,41.74934,-87.66937,9a,AUBURN GRESHAM,17,150162990252775,,276,273,285,-9,-3.2,1.1,2026-27,86.2,2026-27,12.7,2026-27,0.0,2026-27,0.0,2026-27,0.0,2026-27,0.0,2026-27,0.0,2026-27,0.0,2026-27,86.6,2026-27,9.1,2026-27,15.2,2026-27,11.0,2024-25,*,2024-25,5056918,2026-27,18322,2026-27,4810777,2025-26,38.0,2026-27,22304,2024-25,14938,2024-25,7367,2024-25,38.0,2024-25,22.2,2024-25,53.9,2024-25,52.5,2024-25,90.4,2024-25,40.9,2024-25,,,,,,,,,,,,,,,,,,,3.0,2024-25,3.0,2024-25,3.0,2024-25,,,U22281,
609806,BRADWELL,Myra Bradwell Communications Arts & Sciences ES,district,District,Network 12,Traditional,,,,PE-8,ES,7736 S BURNHAM AVE,41.75437,-87.55714,10a,SOUTH SHORE,7,150162990252090,,441,476,516,-75,-14.5,0.7,2026-27,77.6,2026-27,20.9,2026-27,0.0,2026-27,0.7,2026-27,0.2,2026-27,0.0,2026-27,0.0,2026-27,0.0,2026-27,83.2,2026-27,21.3,2026-27,14.7,2026-27,2.5,2024-25,*,2024-25,7277235,2026-27,16502,2026-27,6605653,2025-26,65.5,2026-27,16124,2024-25,9900,2024-25,6223,2024-25,15.6,2024-25,1.1,2024-25,41.9,2024-25,41.1,2024-25,83.7,2024-25,61.0,2024-25,,,,,,,,,,,,,,,,,,,3.0,2024-25,3.0,2024-25,2.0,2024-25,,,U22291,
609807,HAMPTON,Lionel Hampton Fine & Performing Arts ES,district,District,Network 10,Traditional,,,yes,PK-8,ES,3434 W 77TH ST,41.75346,-87.70873,8a,ASHBURN,18,150162990252916,,408,413,459,-51,-11.1,2.7,2026-27,43.4,2026-27,51.2,2026-27,0.0,2026-27,0.5,2026-27,2.2,2026-27,0.0,2026-27,0.0,2026-27,0.0,2026-27,84.3,2026-27,33.6,2026-27,21.8,2026-27,3.7,2024-25,*,2024-25,6906771,2026-27,16928,2026-27,6740245,2025-26,60.0,2026-27,19932,2024-25,12977,2024-25,6955,2024-25,32.7,2024-25,10.2,2024-25,53.4,2024-25,52.4,2024-25,89.6,2024-25,39.0,2024-25,,,,,,,,,,,,,,,,,,,,,,,,,,,U32021,
609808,HALEY,Alex Haley Elementary Academy,district,District,Network 13,Traditional,,,,PE-8,ES,11411 S EGGLESTON AVE,41.68666,-87.63363,9b,ROSELAND,21,150162990252092,,459,434,456,3,0.7,1.3,2026-27,85.2,2026-27,12.4,2026-27,0.0,2026-27,0.9,2026-27,0.0,2026-27,0.0,2026-27,0.2,2026-27,0.0,2026-27,85.4,2026-27,7.8,2026-27,22.0,2026-27,22.8,2024-25,*,2024-25,8669706,2026-27,18888,2026-27,11388746,2025-26,72.5,2026-27,21726,2024-25,14528,2024-25,7199,2024-25,26.6,2024-25,11.8,2024-25,47.2,2024-25,33.3,2024-25,92.3,2024-25,26.9,2024-25,,,,,,,,,,,,,,,,,,,3.0,2024-25,3.0,2024-25,3.0,2024-25,,,U22301,
609809,BRENTANO,Lorenz Brentano Math & Science Academy ES,district,District,Network 4,Traditional,,,,PE-8,ES,2723 N FAIRFIELD AVE,41.93097,-87.69629,3a,LOGAN SQUARE,1,150162990252094,,787,762,764,23,3.0,44.5,2026-27,4.6,2026-27,40.3,2026-27,1.9,2026-27,8.5,2026-27,0.3,2026-27,0.0,2026-27,0.0,2026-27,0.0,2026-27,29.9,2026-27,10.5,2026-27,17.3,2026-27,3.0,2024-25,*,2024-25,10400580,2026-27,13215,2026-27,11835124,2025-26,86.0,2026-27,17413,2024-25,11265,2024-25,6148,2024-25,64.0,2024-25,45.1,2024-25,64.6,2024-25,61.1,2024-25,93.4,2024-25,21.5,2024-25,,,,,,,,,,,,,,,,,,,4.0,2024-25,4.0,2024-25,4.0,2024-25,,,U22311,
609810,BRIDGE,Norman A Bridge Elementary School,district,District,Network 1,Traditional,,,,PE-8,ES,3800 N NEW ENGLAND AVE,41.94911,-87.79867,1b,DUNNING,38,150162990252095,,1020,1058,1091,-71,-6.5,31.3,2026-27,1.0,2026-27,61.3,2026-27,4.0,2026-27,1.7,2026-27,0.3,2026-27,0.4,2026-27,0.0,2026-27,0.1,2026-27,46.1,2026-27,32.2,2026-27,17.5,2026-27,2.0,2024-25,*,2024-25,13440305,2026-27,13177,2026-27,14358116,2025-26,109.5,2026-27,15777,2024-25,9897,2024-25,5881,2024-25,44.9,2024-25,31.0,2024-25,42.3,2024-25,42.6,2024-25,91.3,2024-25,31.0,2024-25,,,,,,,,,,,,,,,,,,,4.0,2024-25,4.0,2024-25,4.0,2024-25,,,U22321,
609811,BRIGHT,Orville T Bright Elementary School,district,District,Network 13,Traditional,,,yes,PE-8,ES,10740 S CALHOUN AVE,41.69973,-87.56208,10b,SOUTH DEERING,10,150162990252096,,194,242,237,-43,-18.1,4.6,2026-27,61.9,2026-27,32.0,2026-27,0.0,2026-27,1.0,2026-27,0.0,2026-27,0.5,2026-27,0.0,2026-27,0.0,2026-27,79.9,2026-27,25.3,2026-27,41.8,2026-27,10.2,2024-25,*,2024-25,5721370,2026-27,29492,2026-27,5664523,2025-26,52.5,2026-27,27980,2024-25,19102,2024-25,8878,2024-25,22.2,2024-25,6.7,2024-25,51.5,2024-25,41.9,2024-25,91.1,2024-25,34.3,2024-25,,,,,,,,,,,,,,,,,,,,,,,,,,,U22331,
609812,BROWN W,William H Brown STEM Magnet Elementary School,district,District,Network 6,Traditional,,,yes,PE-8,ES,54 N HERMITAGE AVE,41.883,-87.67068,5b,NEAR WEST SIDE,27,150162990252097,,224,236,236,-12,-5.1,0.0,2026-27,92.4,2026-27,4.5,2026-27,2.7,2026-27,0.4,2026-27,0.0,2026-27,0.0,2026-27,0.0,2026-27,0.0,2026-27,75.4,2026-27,3.6,2026-27,38.8,2026-27,4.7,2024-25,*,2024-25,5480937,2026-27,24468,2026-27,5493059,2025-26,45.0,2026-27,30942,2024-25,21394,2024-25,9549,2024-25,36.6,2024-25,18.9,2024-25,53.0,2024-25,54.1,2024-25,91.0,2024-25,38.1,2024-25,,,,,,,,,,,,,,,,,,,3.0,2024-25,3.0,2024-25,3.0,2024-25,,,U22351,
609813,BROWNELL,Charles S Brownell Elementary School,district,District,Network 12,Traditional,,,,PE-6,ES,6741 S MICHIGAN AVE,41.77162,-87.62175,6b,GREATER GRAND CROSSING,6,150162990252098,,99,132,166,-67,-40.4,0.0,2026-27,85.9,2026-27,14.1,2026-27,0.0,2026-27,0.0,2026-27,0.0,2026-27,0.0,2026-27,0.0,2026-27,0.0,2026-27,80.8,2026-27,11.1,2026-27,16.2,2026-27,*,2024-25,*,2024-25,3137063,2026-27,31688,2026-27,2883017,2025-26,28.0,2026-27,23841,2024-25,15144,2024-25,8696,2024-25,35.5,2024-25,14.5,2024-25,57.7,2024-25,46.2,2024-25,90.7,2024-25,36.6,2024-25,,,,,,,,,,,,,,,,,,,3.0,2024-25,3.0,2024-25,2.0,2024-25,,,U22361,
609815,BOUCHET,Edward A Bouchet Math & Science Academy ES,district,District,Network 12,Traditional,,,yes,PE-8,ES,7355 S JEFFERY BLVD,41.76085,-87.57607,10a,SOUTH SHORE,7,150162990252100,,633,686,655,-22,-3.4,0.6,2026-27,92.4,2026-27,5.8,2026-27,0.2,2026-27,0.5,2026-27,0.3,2026-27,0.0,2026-27,0.0,2026-27,0.2,2026-27,86.9,2026-27,3.8,2026-27,22.0,2026-27,15.2,2024-25,*,2024-25,11712100,2026-27,18503,2026-27,11527991,2025-26,104.5,2026-27,20390,2024-25,14003,2024-25,6387,2024-25,31.4,2024-25,16.6,2024-25,48.3,2024-25,49.6,2024-25,86.8,2024-25,51.4,2024-25,,,,,,,,,,,,,,,,,,,3.0,2024-25,3.0,2024-25,3.0,2024-25,,,U22371,
609817,BUDLONG,Lyman A Budlong Elementary School,district,District,ISP,Traditional,,,,PE-8,ES,2701 W FOSTER AVE,41.97575,-87.69656,2b,LINCOLN SQUARE,40,150162990252101,,750,742,770,-20,-2.6,39.2,2026-27,6.1,2026-27,32.9,2026-27,14.8,2026-27,6.1,2026-27,0.7,2026-27,0.0,2026-27,0.0,2026-27,0.1,2026-27,46.9,2026-27,26.5,2026-27,14.1,2026-27,2.7,2024-25,*,2024-25,10649644,2026-27,14200,2026-27,10448400,2025-26,89.0,2026-27,16912,2024-25,10887,2024-25,6025,2024-25,58.9,2024-25,39.9,2024-25,52.7,2024-25,53.2,2024-25,91.1,2024-25,29.4,2024-25,,,,,,,,,,,,,,,,,,,3.0,2024-25,3.0,2024-25,4.0,2024-25,,,U22391,
609818,BURBANK,Luther Burbank Elementary School,district,District,Network 3,Traditional,,,yes,PE-8,ES,2035 N MOBILE AVE,41.9176,-87.7827,5a,BELMONT CRAGIN,29,150162990252102,,643,649,691,-48,-6.9,3.0,2026-27,6.8,2026-27,88.8,2026-27,0.5,2026-27,0.9,2026-27,0.0,2026-27,0.0,2026-27,0.0,2026-27,0.0,2026-27,82.4,2026-27,49.3,2026-27,22.1,2026-27,6.4,2024-25,*,2024-25,11848531,2026-27,18427,2026-27,12338399,2025-26,104.0,2026-27,21478,2024-25,14854,2024-25,6624,2024-25,24.6,2024-25,15.7,2024-25,46.3,2024-25,56.8,2024-25,89.8,2024-25,38.9,2024-25,,,,,,,,,,,,,,,,,,,4.0,2024-25,4.0,2024-25,4.0,2024-25,,,U22401,
609819,BURKE,Edmond Burke Elementary School,district,District,Network 9,Traditional,,,,PE-8,ES,5356 S KING DR,41.79676,-87.61614,6b,WASHINGTON PARK,3,150162990252103,,293,282,318,-25,-7.9,2.0,2026-27,85.7,2026-27,9.9,2026-27,0.7,2026-27,1.7,2026-27,0.0,2026-27,0.0,2026-27,0.0,2026-27,0.0,2026-27,81.6,2026-27,9.6,2026-27,12.6,2026-27,16.5,2024-25,*,2024-25,5763133,2026-27,19669,2026-27,5509342,2025-26,51.0,2026-27,22233,2024-25,15135,2024-25,7098,2024-25,12.3,2024-25,10.0,2024-25,42.8,2024-25,43.9,2024-25,82.5,2024-25,60.6,2024-25,,,,,,,,,,,,,,,,,,,3.0,2024-25,3.0,2024-25,3.0,2024-25,,,U22411,
609820,BURLEY,Augustus H Burley Elementary School,district,District,Network 4,Traditional,,,,K-8,ES,1630 W BARRY AVE,41.93794,-87.66985,4b,LAKE VIEW,32,150162990252104,,508,494,494,14,2.8,66.9,2026-27,1.6,2026-27,13.0,2026-27,11.2,2026-27,7.3,2026-27,0.0,2026-27,0.0,2026-27,0.0,2026-27,0.0,2026-27,7.9,2026-27,3.7,2026-27,16.5,2026-27,*,2024-25,*,2024-25,6589529,2026-27,12972,2026-27,6630624,2025-26,50.0,2026-27,16968,2024-25,10622,2024-25,6345,2024-25,86.7,2024-25,71.8,2024-25,52.7,2024-25,45.8,2024-25,95.1,2024-25,9.2,2024-25,,,,,,,,,,,,,,,,,,,2.0,2024-25,3.0,2024-25,4.0,2024-25,,,U22421,
609821,BURNHAM,Burnham Elementary Inclusive Academy,district,District,Network 13,Traditional,,,,PE-8,ES,9928 S CRANDON AVE,41.7144,-87.56713,10b,SOUTH DEERING,7,150162990252105,,380,372,380,0,0.0,1.1,2026-27,92.6,2026-27,4.7,2026-27,0.0,2026-27,1.6,2026-27,0.0,2026-27,0.0,2026-27,0.0,2026-27,0.0,2026-27,87.1,2026-27,4.2,2026-27,23.9,2026-27,13.9,2024-25,*,2024-25,8357848,2026-27,21994,2026-27,7285129,2025-26,76.0,2026-27,22325,2024-25,15307,2024-25,7018,2024-25,21.6,2024-25,10.3,2024-25,51.0,2024-25,54.4,2024-25,88.2,2024-25,45.0,2024-25,,,,,,,,,,,,,,,,,,,3.0,2024-25,3.0,2024-25,3.0,2024-25,,,U22431,
609827,BURNSIDE,Burnside Elementary Scholastic Academy,district,District,Network 12,Traditional,,application,yes,PE-8,ES,650 E 91ST PL,41.72848,-87.60744,10b,CHATHAM,8,150162990252107,,265,238,266,-1,-0.4,0.0,2026-27,96.2,2026-27,3.0,2026-27,0.0,2026-27,0.8,2026-27,0.0,2026-27,0.0,2026-27,0.0,2026-27,0.0,2026-27,68.7,2026-27,0.8,2026-27,29.8,2026-27,*,2024-25,*,2024-25,5932768,2026-27,22388,2026-27,6138470,2025-26,52.0,2026-27,26106,2024-25,17925,2024-25,8181,2024-25,53.6,2024-25,16.6,2024-25,57.8,2024-25,46.1,2024-25,91.6,2024-25,30.0,2024-25,,,,,,,,,,,,,,,,,,,4.0,2024-25,4.0,2024-25,4.0,2024-25,,,U29021,
609828,BURR,Jonathan Burr Elementary School,district,District,Network 6,Traditional,,,,K-8,ES,1621 W WABANSIA AVE,41.91236,-87.66866,4b,WEST TOWN,32,150162990252108,,456,458,465,-9,-1.9,42.1,2026-27,7.5,2026-27,31.4,2026-27,6.4,2026-27,12.7,2026-27,0.0,2026-27,0.0,2026-27,0.0,2026-27,0.0,2026-27,21.3,2026-27,7.5,2026-27,15.6,2026-27,*,2024-25,*,2024-25,6381307,2026-27,13994,2026-27,6761771,2025-26,52.0,2026-27,17696,2024-25,11070,2024-25,6626,2024-25,76.5,2024-25,51.3,2024-25,50.9,2024-25,51.8,2024-25,94.8,2024-25,9.3,2024-25,,,,,,,,,,,,,,,,,,,4.0,2024-25,4.0,2024-25,4.0,2024-25,,,U22471,
609829,BURROUGHS,John C Burroughs Elementary School,district,District,Network 8,Traditional,,,,PE-8,ES,3542 S WASHTENAW AVE,41.82887,-87.69246,8b,BRIGHTON PARK,12,150162990252109,,283,285,303,-20,-6.6,4.6,2026-27,1.8,2026-27,91.9,2026-27,1.1,2026-27,0.4,2026-27,0.4,2026-27,0.0,2026-27,0.0,2026-27,0.0,2026-27,80.9,2026-27,48.4,2026-27,24.4,2026-27,*,2024-25,*,2024-25,5816885,2026-27,20554,2026-27,6039476,2025-26,45.5,2026-27,24023,2024-25,16654,2024-25,7369,2024-25,59.4,2024-25,34.8,2024-25,65.6,2024-25,60.6,2024-25,93.4,2024-25,21.5,2024-25,,,,,,,,,,,,,,,,,,,3.0,2024-25,3.0,2024-25,3.0,2024-25,,,U22481,
609830,BRUNSON,Milton Brunson Math & Science Specialty ES,district,District,Network 3,Traditional,,,,PE-8,ES,932 N CENTRAL AVE,41.89766,-87.76561,5a,AUSTIN,29,150162990252110,,473,486,464,9,1.9,0.4,2026-27,69.6,2026-27,26.6,2026-27,0.0,2026-27,0.6,2026-27,2.3,2026-27,0.0,2026-27,0.0,2026-27,0.4,2026-27,78.0,2026-27,18.8,2026-27,31.1,2026-27,4.6,2024-25,*,2024-25,8551439,2026-27,18079,2026-27,8314681,2025-26,76.0,2026-27,21450,2024-25,14041,2024-25,7409,2024-25,13.4,2024-25,3.7,2024-25,38.8,2024-25,40.9,2024-25,85.6,2024-25,56.3,2024-25,,,,,,,,,,,,,,,,,,,3.0,2024-25,3.0,2024-25,3.0,2024-25,,,U22491,
609832,BYRNE,Michael M Byrne Elementary School,district,District,Network 10,Traditional,,,yes,K-8,ES,5329 S OAK PARK AVE,41.79503,-87.79154,8a,GARFIELD RIDGE,23,150162990252112,,594,624,607,-13,-2.1,22.1,2026-27,3.5,2026-27,73.2,2026-27,0.2,2026-27,0.7,2026-27,0.3,2026-27,0.0,2026-27,0.0,2026-27,0.0,2026-27,43.6,2026-27,14.1,2026-27,22.1,2026-27,*,2024-25,*,2024-25,9885054,2026-27,16642,2026-27,10881351,2025-26,87.0,2026-27,18752,2024-25,12309,2024-25,6443,2024-25,47.5,2024-25,26.1,2024-25,49.1,2024-25,47.6,2024-25,92.4,2024-25,25.2,2024-25,,,,,,,,,,,,,,,,,,,3.0,2024-25,4.0,2024-25,4.0,2024-25,,,U22501,
609833,DAISY BATES,Daisy Bates Academy of Social Justice,district,District,ISP,Traditional,,,,PE-8,ES,8546 S CREGIER AVE,41.73923,-87.58073,10b,AVALON PARK,8,150162990252113,,264,261,224,40,17.9,0.8,2026-27,92.8,2026-27,4.9,2026-27,0.4,2026-27,0.8,2026-27,0.4,2026-27,0.0,2026-27,0.0,2026-27,0.0,2026-27,72.7,2026-27,3.8,2026-27,21.2,2026-27,*,2024-25,*,2024-25,4955304,2026-27,18770,2026-27,4672539,2025-26,46.5,2026-27,25090,2024-25,17534,2024-25,7556,2024-25,38.8,2024-25,11.5,2024-25,55.1,2024-25,49.3,2024-25,89.1,2024-25,41.5,2024-25,,,,,,,,,,,,,,,,,,,3.0,2024-25,3.0,2024-25,3.0,2024-25,,,U22511,
609834,LITTLE VILLAGE,Little Village Elementary School,district,District,ISP,Traditional,,,,PE-8,ES,2620 S LAWNDALE AVE,41.8437,-87.71732,7a,SOUTH LAWNDALE,22,150162990252896,,496,522,570,-74,-13.0,0.6,2026-27,1.6,2026-27,97.4,2026-27,0.0,2026-27,0.2,2026-27,0.2,2026-27,0.0,2026-27,0.0,2026-27,0.0,2026-27,87.7,2026-27,57.3,2026-27,16.5,2026-27,9.4,2024-25,*,2024-25,9925040,2026-27,20010,2026-27,10721736,2025-26,79.0,2026-27,21763,2024-25,15440,2024-25,6323,2024-25,29.6,2024-25,11.5,2024-25,48.4,2024-25,44.5,2024-25,90.6,2024-25,34.1,2024-25,,,,,,,,,,,,,,,,,,,3.0,2024-25,3.0,2024-25,3.0,2024-25,,,U22521,
609835,CAMERON,Daniel R Cameron Elementary School,district,District,Network 5,Traditional,,,,PE-8,ES,1234 N MONTICELLO AVE,41.90379,-87.71793,3b,HUMBOLDT PARK,36,150162990252118,,572,644,666,-94,-14.1,1.4,2026-27,14.5,2026-27,82.0,2026-27,0.0,2026-27,0.3,2026-27,1.7,2026-27,0.0,2026-27,0.0,2026-27,0.0,2026-27,88.1,2026-27,57.7,2026-27,14.0,2026-27,22.5,2024-25,*,2024-25,9586838,2026-27,16760,2026-27,9484862,2025-26,77.0,2026-27,18976,2024-25,12162,2024-25,6814,2024-25,26.3,2024-25,14.3,2024-25,48.6,2024-25,47.2,2024-25,93.5,2024-25,21.3,2024-25,,,,,,,,,,,,,,,,,,,2.0,2024-25,2.0,2024-25,2.0,2024-25,,,U22531,
609836,CANTY,Arthur E Canty Elementary School,district,District,Network 1,Traditional,,,,PE-8,ES,3740 N PANAMA AVE,41.94801,-87.8293,1a,DUNNING,38,150162990252119,,785,818,789,-4,-0.5,39.0,2026-27,3.3,2026-27,51.0,2026-27,3.1,2026-27,3.3,2026-27,0.0,2026-27,0.1,2026-27,0.3,2026-27,0.0,2026-27,43.9,2026-27,26.5,2026-27,19.7,2026-27,*,2024-25,*,2024-25,12315207,2026-27,15688,2026-27,21623314,2025-26,100.0,2026-27,19868,2024-25,13223,2024-25,6645,2024-25,64.5,2024-25,49.3,2024-25,60.9,2024-25,62.2,2024-25,92.9,2024-25,23.6,2024-25,,,,,,,,,,,,,,,,,,,3.0,2024-25,3.0,2024-25,4.0,2024-25,,,U22541,
609837,CARNEGIE,Andrew Carnegie Elementary School,district,District,Network 9,Traditional,,exam,,K-8,ES,1414 E 61ST PL,41.78337,-87.5908,10a,WOODLAWN,5,150162990252120,,425,456,392,33,8.4,0.5,2026-27,94.8,2026-27,2.8,2026-27,0.5,2026-27,1.4,2026-27,0.0,2026-27,0.0,2026-27,0.0,2026-27,0.0,2026-27,72.7,2026-27,0.5,2026-27,15.3,2026-27,*,2024-25,*,2024-25,7072063,2026-27,16640,2026-27,6657378,2025-26,57.0,2026-27,20761,2024-25,13891,2024-25,6870,2024-25,38.0,2024-25,25.5,2024-25,51.1,2024-25,46.5,2024-25,92.6,2024-25,24.3,2024-25,,,,,,,,,,,,,,,,,,,3.0,2024-25,3.0,2024-25,3.0,2024-25,,,U22551,
609839,CARROLL,Carroll-Rosenwald Specialty Elementary School,district,District,Network 10,Traditional,,,,PE-8,ES,2929 W 83RD ST,41.74252,-87.69601,8a,ASHBURN,18,150162990252122,,400,443,415,-15,-3.6,2.2,2026-27,78.8,2026-27,17.0,2026-27,0.2,2026-27,1.0,2026-27,0.8,2026-27,0.0,2026-27,0.0,2026-27,0.0,2026-27,71.2,2026-27,11.0,2026-27,25.8,2026-27,4.1,2024-25,*,2024-25,8358722,2026-27,20897,2026-27,8039318,2025-26,68.5,2026-27,22126,2024-25,14759,2024-25,7367,2024-25,40.9,2024-25,16.1,2024-25,48.9,2024-25,48.2,2024-25,91.2,2024-25,31.6,2024-25,,,,,,,,,,,,,,,,,,,4.0,2024-25,4.0,2024-25,4.0,2024-25,,,U22571,
609842,CARSON,Rachel Carson Elementary School,district,District,ISP,Traditional,,,,PE-8,ES,5516 S MAPLEWOOD AVE,41.79327,-87.6878,8b,GAGE PARK,15,150162990252876,,644,666,726,-82,-11.3,1.7,2026-27,3.4,2026-27,93.9,2026-27,0.2,2026-27,0.5,2026-27,0.2,2026-27,0.2,2026-27,0.0,2026-27,0.0,2026-27,78.9,2026-27,67.5,2026-27,9.5,2026-27,2.8,2024-25,*,2024-25,8802825,2026-27,13669,2026-27,9061909,2025-26,77.0,2026-27,17015,2024-25,11299,2024-25,5716,2024-25,46.8,2024-25,30.9,2024-25,56.6,2024-25,61.6,2024-25,93.0,2024-25,17.2,2024-25,,,,,,,,,,,,,,,,,,,3.0,2024-25,3.0,2024-25,3.0,2024-25,,,U22601,
609844,CARTER,William W Carter Elementary School,district,District,Network 9,Traditional,,,,PE-8,ES,5740 S MICHIGAN AVE,41.78983,-87.62245,6b,WASHINGTON PARK,20,150162990252123,,252,269,275,-23,-8.4,0.0,2026-27,92.5,2026-27,7.1,2026-27,0.4,2026-27,0.0,2026-27,0.0,2026-27,0.0,2026-27,0.0,2026-27,0.0,2026-27,74.2,2026-27,2.8,2026-27,15.1,2026-27,*,2024-25,*,2024-25,4541980,2026-27,18024,2026-27,4609606,2025-26,40.0,2026-27,19728,2024-25,12425,2024-25,7303,2024-25,18.6,2024-25,7.7,2024-25,53.3,2024-25,50.0,2024-25,90.0,2024-25,37.3,2024-25,,,,,,,,,,,,,,,,,,,3.0,2024-25,3.0,2024-25,2.0,2024-25,,,U22611,
609845,CARVER G,George Washington Carver Primary School,district,District,Network 13,Traditional,,,,PE-8,ES,801 E 133RD PL,41.65254,-87.59952,10b,RIVERDALE,10,150162990252372,,397,428,465,-68,-14.6,0.5,2026-27,98.5,2026-27,0.5,2026-27,0.0,2026-27,0.0,2026-27,0.5,2026-27,0.0,2026-27,0.0,2026-27,0.0,2026-27,91.7,2026-27,0.3,2026-27,18.4,2026-27,17.2,2024-25,*,2024-25,7681430,2026-27,19349,2026-27,8335326,2025-26,62.5,2026-27,19603,2024-25,13260,2024-25,6343,2024-25,19.1,2024-25,4.7,2024-25,43.4,2024-25,39.7,2024-25,91.1,2024-25,31.1,2024-25,,,,,,,,,,,,,,,,,,,4.0,2024-25,4.0,2024-25,3.0,2024-25,,,U22621,
609848,ALDRIDGE,Ira F Aldridge Elementary School,district,District,Network 13,Traditional,,,,PE-8,ES,630 E 131ST ST,41.6574,-87.60647,10b,RIVERDALE,10,150162990252054,,244,231,256,-12,-4.7,0.0,2026-27,90.2,2026-27,8.6,2026-27,0.0,2026-27,1.2,2026-27,0.0,2026-27,0.0,2026-27,0.0,2026-27,0.0,2026-27,87.7,2026-27,2.9,2026-27,23.0,2026-27,7.1,2024-25,*,2024-25,4967703,2026-27,20359,2026-27,5021506,2025-26,46.5,2026-27,21331,2024-25,13996,2024-25,7336,2024-25,34.0,2024-25,10.0,2024-25,48.2,2024-25,41.4,2024-25,90.2,2024-25,40.7,2024-25,,,,,,,,,,,,,,,,,,,3.0,2024-25,2.0,2024-25,2.0,2024-25,,,U22641,
609849,CASSELL,George F Cassell Elementary School,district,District,ISP,Traditional,,,yes,K-8,ES,11314 S SPAULDING AVE,41.68735,-87.70322,9b,MOUNT GREENWOOD,19,150162990252126,,378,373,362,16,4.4,59.8,2026-27,7.4,2026-27,28.0,2026-27,0.8,2026-27,3.4,2026-27,0.5,2026-27,0.0,2026-27,0.0,2026-27,0.0,2026-27,18.5,2026-27,4.2,2026-27,23.8,2026-27,*,2024-25,*,2024-25,7398098,2026-27,19572,2026-27,7091437,2025-26,60.0,2026-27,23888,2024-25,16695,2024-25,7193,2024-25,71.4,2024-25,55.6,2024-25,53.5,2024-25,55.8,2024-25,93.5,2024-25,16.4,2024-25,,,,,,,,,,,,,,,,,,,5.0,2024-25,5.0,2024-25,5.0,2024-25,,,U22651,
609850,GREELEY,Horace Greeley Elementary School,district,District,Network 4,Traditional,,,,PK-8,ES,832 W SHERIDAN RD,41.95281,-87.65098,4a,LAKE VIEW,46,150162990252227,,251,304,339,-88,-26.0,10.8,2026-27,23.1,2026-27,53.0,2026-27,10.4,2026-27,2.4,2026-27,0.4,2026-27,0.0,2026-27,0.0,2026-27,0.0,2026-27,66.1,2026-27,38.6,2026-27,10.0,2026-27,27.6,2024-25,*,2024-25,5992832,2026-27,23876,2026-27,6389945,2025-26,46.0,2026-27,23072,2024-25,15879,2024-25,7193,2024-25,36.6,2024-25,28.0,2024-25,40.8,2024-25,50.7,2024-25,87.5,2024-25,44.8,2024-25,,,,,,,,,,,,,,,,,,,3.0,2024-25,3.0,2024-25,3.0,2024-25,,,U22661,
609851,CHALMERS,Thomas Chalmers STEAM Elementary School,district,District,Network 5,Traditional,,,,PE-8,ES,2745 W ROOSEVELT RD,41.86644,-87.69526,5b,NORTH LAWNDALE,28,150162990252128,,211,205,208,3,1.4,1.4,2026-27,93.4,2026-27,4.3,2026-27,0.0,2026-27,0.9,2026-27,0.0,2026-27,0.0,2026-27,0.0,2026-27,0.0,2026-27,90.0,2026-27,1.4,2026-27,27.0,2026-27,50.5,2024-25,*,2024-25,4980630,2026-27,23605,2026-27,5015986,2025-26,44.5,2026-27,29457,2024-25,21205,2024-25,8252,2024-25,32.8,2024-25,9.5,2024-25,52.3,2024-25,45.2,2024-25,96.0,2024-25,13.0,2024-25,,,,,,,,,,,,,,,,,,,3.0,2024-25,3.0,2024-25,3.0,2024-25,,,U22671,
609852,CHAPPELL,Eliza Chappell Elementary School,district,District,Network 2,Traditional,,,,PE-8,ES,2135 W FOSTER AVE,41.97589,-87.68326,2b,LINCOLN SQUARE,40,150162990252129,,575,590,595,-20,-3.4,56.3,2026-27,3.1,2026-27,26.4,2026-27,4.3,2026-27,9.4,2026-27,0.2,2026-27,0.0,2026-27,0.0,2026-27,0.2,2026-27,25.6,2026-27,12.9,2026-27,14.4,2026-27,*,2024-25,*,2024-25,9830882,2026-27,17097,2026-27,10140953,2025-26,89.0,2026-27,20716,2024-25,13952,2024-25,6764,2024-25,67.4,2024-25,49.4,2024-25,50.6,2024-25,47.4,2024-25,93.7,2024-25,15.0,2024-25,,,,,,,,,,,,,,,,,,,3.0,2024-25,3.0,2024-25,4.0,2024-25,,,U22681,
609853,CHASE,Salmon P Chase Elementary School,district,District,Network 4,Traditional,,,,PE-8,ES,2021 N POINT ST,41.91799,-87.69456,3b,LOGAN SQUARE,1,150162990252130,,455,445,415,40,9.6,30.1,2026-27,7.3,2026-27,54.9,2026-27,2.2,2026-27,4.8,2026-27,0.2,2026-27,0.4,2026-27,0.0,2026-27,0.0,2026-27,45.7,2026-27,29.9,2026-27,31.2,2026-27,*,2024-25,*,2024-25,11398270,2026-27,25051,2026-27,10945050,2025-26,102.0,2026-27,27439,2024-25,19426,2024-25,8013,2024-25,55.9,2024-25,31.3,2024-25,57.8,2024-25,60.8,2024-25,92.7,2024-25,23.1,2024-25,,,,,,,,,,,,,,,,,,,3.0,2024-25,3.0,2024-25,4.0,2024-25,,,U22701,
609854,CHOPIN,Frederic Chopin Elementary School,district,District,Network 5,Traditional,,,yes,PE-8,ES,2450 W RICE ST,41.89671,-87.68894,5a,WEST TOWN,36,150162990252155,,271,283,327,-56,-17.1,15.9,2026-27,38.4,2026-27,42.1,2026-27,0.7,2026-27,3.0,2026-27,0.0,2026-27,0.0,2026-27,0.0,2026-27,0.0,2026-27,75.3,2026-27,29.9,2026-27,31.4,2026-27,4.1,2024-25,*,2024-25,7530559,2026-27,27788,2026-27,7678560,2025-26,66.0,2026-27,26709,2024-25,18910,2024-25,7799,2024-25,20.1,2024-25,7.3,2024-25,44.4,2024-25,50.7,2024-25,88.1,2024-25,49.0,2024-25,,,,,,,,,,,,,,,,,,,3.0,2024-25,3.0,2024-25,3.0,2024-25,,,U22721,
609855,CHRISTOPHER,Walter S Christopher Elementary School,district,District,Network 8,Traditional,,,yes,K-8,ES,5042 S ARTESIAN AVE,41.80166,-87.68561,8b,GAGE PARK,15,150162990252904,,290,306,319,-29,-9.1,4.8,2026-27,14.5,2026-27,80.7,2026-27,0.0,2026-27,0.0,2026-27,0.0,2026-27,0.0,2026-27,0.0,2026-27,0.0,2026-27,90.7,2026-27,52.1,2026-27,67.9,2026-27,5.4,2024-25,*,2024-25,12657691,2026-27,43647,2026-27,13250025,2025-26,124.0,2026-27,31627,2024-25,21204,2024-25,10424,2024-25,25.6,2024-25,10.7,2024-25,60.8,2024-25,52.0,2024-25,85.1,2024-25,53.0,2024-25,,,,,,,,,,,,,,,,,,,,,,,,,,,U30031,
609856,CLAY,Henry Clay Elementary School,district,District,Network 13,Traditional,,,,PE-8,ES,13231 S BURLEY AVE,41.65456,-87.54461,10b,HEGEWISCH,10,150162990252132,,541,555,577,-36,-6.2,5.0,2026-27,29.9,2026-27,62.5,2026-27,0.6,2026-27,1.3,2026-27,0.7,2026-27,0.0,2026-27,0.0,2026-27,0.0,2026-27,73.4,2026-27,30.9,2026-27,16.8,2026-27,*,2024-25,*,2024-25,9481757,2026-27,17526,2026-27,8776344,2025-26,82.0,2026-27,19262,2024-25,12935,2024-25,6327,2024-25,33.9,2024-25,12.2,2024-25,45.1,2024-25,47.9,2024-25,89.5,2024-25,41.1,2024-25,,,,,,,,,,,,,,,,,,,3.0,2024-25,3.0,2024-25,2.0,2024-25,,,U22731,
609857,CLEVELAND,Grover Cleveland Elementary School,district,District,Network 1,Traditional,,,yes,PE-8,ES,3121 W BYRON ST,41.95204,-87.70644,3a,IRVING PARK,33,150162990252133,,476,484,507,-31,-6.1,16.6,2026-27,4.4,2026-27,68.5,2026-27,3.8,2026-27,4.2,2026-27,2.1,2026-27,0.2,2026-27,0.2,2026-27,0.0,2026-27,61.3,2026-27,36.3,2026-27,37.2,2026-27,2.4,2024-25,*,2024-25,9950119,2026-27,20904,2026-27,9468331,2025-26,80.5,2026-27,21491,2024-25,14412,2024-25,7080,2024-25,50.9,2024-25,23.0,2024-25,62.1,2024-25,51.8,2024-25,90.1,2024-25,37.1,2024-25,,,,,,,,,,,,,,,,,,,3.0,2024-25,3.0,2024-25,4.0,2024-25,,,U22741,
609859,CLINTON,DeWitt Clinton Elementary School,district,District,ISP,Traditional,,,,PK-8,ES,6110 N FAIRFIELD AVE,41.99254,-87.69836,2a,WEST RIDGE,50,150162990252134,,1007,1059,1054,-47,-4.5,10.4,2026-27,16.0,2026-27,22.0,2026-27,49.1,2026-27,1.6,2026-27,0.9,2026-27,0.0,2026-27,0.0,2026-27,0.0,2026-27,77.5,2026-27,71.2,2026-27,10.0,2026-27,3.4,2024-25,*,2024-25,14041406,2026-27,13944,2026-27,14461723,2025-26,105.5,2026-27,15790,2024-25,10252,2024-25,5539,2024-25,36.6,2024-25,28.3,2024-25,49.9,2024-25,56.1,2024-25,91.2,2024-25,30.8,2024-25,,,,,,,,,,,,,,,,,,,4.0,2024-25,4.0,2024-25,4.0,2024-25,,,U22751,
609861,CLISSOLD,Henry R Clissold Elementary School,district,District,Network 10,Traditional,,,yes,PE-8,ES,2350 W 110TH PL,41.69303,-87.6809,9b,MORGAN PARK,19,150162990252135,,509,471,511,-2,-0.4,12.2,2026-27,74.7,2026-27,9.6,2026-27,0.0,2026-27,3.3,2026-27,0.2,2026-27,0.0,2026-27,0.0,2026-27,0.0,2026-27,39.1,2026-27,2.4,2026-27,19.3,2026-27,*,2024-25,*,2024-25,9839565,2026-27,19331,2026-27,16560916,2025-26,87.0,2026-27,21646,2024-25,14705,2024-25,6940,2024-25,39.0,2024-25,17.5,2024-25,41.1,2024-25,45.0,2024-25,91.7,2024-25,28.7,2024-25,,,,,,,,,,,,,,,,,,,,,,,,,,,U22761,
609862,COLES,Edward Coles Elementary Language Academy,district,District,Network 12,Traditional,,,,PE-8,ES,8441 S YATES BLVD,41.74141,-87.56597,10b,SOUTH CHICAGO,7,150162990252136,,253,257,290,-37,-12.8,0.4,2026-27,87.7,2026-27,9.5,2026-27,0.0,2026-27,0.8,2026-27,0.4,2026-27,0.0,2026-27,0.0,2026-27,1.2,2026-27,70.0,2026-27,8.3,2026-27,21.7,2026-27,*,2024-25,*,2024-25,5036753,2026-27,19908,2026-27,5382996,2025-26,41.5,2026-27,23265,2024-25,15263,2024-25,8002,2024-25,25.0,2024-25,25.9,2024-25,46.3,2024-25,52.1,2024-25,88.1,2024-25,51.2,2024-25,,,,,,,,,,,,,,,,,,,4.0,2024-25,4.0,2024-25,3.0,2024-25,,,U22771,
609863,GINSBURG,Ruth Bader Ginsburg Elementary School,district,District,ISP,Traditional,,,,PK-8,ES,1003 N LEAVITT ST,41.89957,-87.68194,5a,WEST TOWN,1,150162990252138,,180,230,261,-81,-31.0,54.4,2026-27,11.1,2026-27,27.2,2026-27,1.7,2026-27,4.4,2026-27,0.0,2026-27,0.0,2026-27,0.6,2026-27,0.6,2026-27,55.6,2026-27,42.2,2026-27,12.2,2026-27,*,2024-25,*,2024-25,3933516,2026-27,21853,2026-27,4049368,2025-26,32.0,2026-27,20447,2024-25,13320,2024-25,7127,2024-25,39.9,2024-25,25.0,2024-25,46.7,2024-25,51.1,2024-25,93.0,2024-25,21.6,2024-25,,,,,,,,,,,,,,,,,,,3.0,2024-25,3.0,2024-25,3.0,2024-25,,,U22791,
609864,COOK,John W Cook Elementary School,district,District,Network 11,Traditional,,,yes,PE-8,ES,8150 S BISHOP ST,41.74524,-87.65977,9a,AUBURN GRESHAM,17,150162990252139,,293,326,307,-14,-4.6,1.4,2026-27,77.1,2026-27,20.1,2026-27,0.3,2026-27,1.0,2026-27,0.0,2026-27,0.0,2026-27,0.0,2026-27,0.0,2026-27,74.4,2026-27,15.7,2026-27,14.7,2026-27,10.7,2024-25,*,2024-25,6202910,2026-27,21170,2026-27,6029808,2025-26,49.5,2026-27,21646,2024-25,14532,2024-25,7115,2024-25,20.2,2024-25,2.2,2024-25,42.9,2024-25,40.4,2024-25,87.3,2024-25,50.3,2024-25,,,,,,,,,,,,,,,,,,,,,,,,,,,U22801,
609865,JORDAN,Jordan Elementary Community School,district,District,Network 2,Traditional,,,,PE-8,ES,7414 N WOLCOTT AVE,42.01709,-87.67776,2a,ROGERS PARK,49,150162990252889,,517,575,490,27,5.5,7.4,2026-27,31.1,2026-27,46.6,2026-27,9.7,2026-27,4.1,2026-27,1.0,2026-27,0.2,2026-27,0.0,2026-27,0.0,2026-27,75.4,2026-27,54.0,2026-27,25.0,2026-27,11.6,2024-25,*,2024-25,10549876,2026-27,20406,2026-27,10239142,2025-26,92.0,2026-27,22603,2024-25,15730,2024-25,6873,2024-25,29.0,2024-25,24.3,2024-25,53.6,2024-25,56.4,2024-25,93.2,2024-25,21.8,2024-25,,,,,,,,,,,,,,,,,,,4.0,2024-25,4.0,2024-25,4.0,2024-25,,,U22811,
609866,COONLEY,John C Coonley Elementary School,district,District,Network 2,Traditional,,exam,yes,K-8,ES,4046 N LEAVITT ST,41.95555,-87.68377,4b,NORTH CENTER,47,150162990252141,,728,729,722,6,0.8,65.1,2026-27,2.1,2026-27,15.1,2026-27,5.9,2026-27,11.5,2026-27,0.3,2026-27,0.0,2026-27,0.0,2026-27,0.0,2026-27,11.7,2026-27,4.1,2026-27,18.7,2026-27,*,2024-25,*,2024-25,10890860,2026-27,14960,2026-27,10763660,2025-26,97.0,2026-27,19141,2024-25,12892,2024-25,6249,2024-25,82.7,2024-25,74.5,2024-25,53.0,2024-25,57.9,2024-25,94.4,2024-25,13.8,2024-25,,,,,,,,,,,,,,,,,,,3.0,2024-25,3.0,2024-25,4.0,2024-25,,,U22821,
609867,COOPER,Peter Cooper Elementary Dual Language Academy,district,District,Network 7,Traditional,,,,PE-8,ES,1624 W 19TH ST,41.85603,-87.66723,7a,LOWER WEST SIDE,25,150162990252142,,363,391,428,-65,-15.2,1.4,2026-27,5.2,2026-27,92.6,2026-27,0.3,2026-27,0.6,2026-27,0.0,2026-27,0.0,2026-27,0.0,2026-27,0.0,2026-27,80.2,2026-27,53.2,2026-27,20.9,2026-27,6.3,2024-25,*,2024-25,7440217,2026-27,20496,2026-27,7625056,2025-26,60.0,2026-27,22421,2024-25,15388,2024-25,7033,2024-25,27.5,2024-25,15.1,2024-25,42.2,2024-25,44.7,2024-25,92.1,2024-25,29.1,2024-25,,,,,,,,,,,,,,,,,,,3.0,2024-25,3.0,2024-25,3.0,2024-25,,,U22831,
609869,LANGFORD,Anna R. Langford Community Academy,district,District,Network 11,Traditional,,,,PE-8,ES,6010 S THROOP ST,41.78468,-87.65717,9a,WEST ENGLEWOOD,16,150162990252704,,197,177,178,19,10.7,2.5,2026-27,70.1,2026-27,27.4,2026-27,0.0,2026-27,0.0,2026-27,0.0,2026-27,0.0,2026-27,0.0,2026-27,0.0,2026-27,83.8,2026-27,23.9,2026-27,16.2,2026-27,*,2024-25,*,2024-25,4567568,2026-27,23186,2026-27,4476171,2025-26,37.5,2026-27,29746,2024-25,20961,2024-25,8786,2024-25,24.0,2024-25,10.7,2024-25,46.3,2024-25,42.9,2024-25,90.5,2024-25,37.0,2024-25,,,,,,,,,,,,,,,,,,,4.0,2024-25,3.0,2024-25,3.0,2024-25,,,U22841,
609870,CORKERY,Daniel J Corkery Elementary School,district,District,Network 7,Traditional,,,yes,PE-8,ES,2510 S KILDARE AVE,41.8456,-87.73119,7a,SOUTH LAWNDALE,22,150162990252145,,387,416,438,-51,-11.6,2.1,2026-27,15.0,2026-27,82.2,2026-27,0.3,2026-27,0.5,2026-27,0.0,2026-27,0.0,2026-27,0.0,2026-27,0.0,2026-27,82.9,2026-27,53.7,2026-27,23.0,2026-27,6.6,2024-25,*,2024-25,8217476,2026-27,21234,2026-27,7945615,2025-26,74.0,2026-27,21701,2024-25,14614,2024-25,7087,2024-25,12.0,2024-25,9.4,2024-25,42.7,2024-25,47.0,2024-25,86.3,2024-25,53.5,2024-25,,,,,,,,,,,,,,,,,,,4.0,2024-25,3.0,2024-25,3.0,2024-25,,,U22851,
609871,VICK,Barbara Vick Early Childhood & Family Center,district,District,Network 10,Early Childhood,early_childhood,,,PE-PK,ES,2554 W 113TH ST,41.68819,-87.68568,9b,MORGAN PARK,19,150162990253781,,417,443,446,-29,-6.5,35.5,2026-27,21.8,2026-27,39.8,2026-27,0.2,2026-27,2.4,2026-27,0.2,2026-27,0.0,2026-27,0.0,2026-27,0.0,2026-27,20.6,2026-27,16.8,2026-27,44.1,2026-27,*,2024-25,*,2024-25,8621059,2026-27,20674,2026-27,8557108,2025-26,73.5,2026-27,24853,2024-25,15798,2024-25,9055,2024-25,,,,,,,,,*,2024-25,,,,,,,,,,,,,,,,,,,,,4.0,2024-25,3.0,2024-25,4.0,2024-25,,,U26731,
609872,PEREZ,Manuel Perez Elementary School,district,District,Network 7,Traditional,,,,PE-8,ES,1241 W 19TH ST,41.85603,-87.65798,7a,LOWER WEST SIDE,25,150162990252864,,266,287,292,-26,-8.9,4.9,2026-27,7.1,2026-27,86.5,2026-27,0.0,2026-27,1.1,2026-27,0.4,2026-27,0.0,2026-27,0.0,2026-27,0.0,2026-27,74.4,2026-27,31.6,2026-27,21.1,2026-27,*,2024-25,*,2024-25,5218792,2026-27,19620,2026-27,5695974,2025-26,40.5,2026-27,24106,2024-25,16413,2024-25,7693,2024-25,53.7,2024-25,19.8,2024-25,58.2,2024-25,56.5,2024-25,92.5,2024-25,24.7,2024-25,,,,,,,,,,,,,,,,,,,3.0,2024-25,3.0,2024-25,3.0,2024-25,,,U22861,
609873,CROWN,Crown Community Academy of Fine Arts Center ES,district,District,Network 5,Traditional,,,,K-8,ES,2128 S SAINT LOUIS AVE,41.85266,-87.71247,5b,NORTH LAWNDALE,24,150162990252147,,83,100,94,-11,-11.7,0.0,2026-27,69.9,2026-27,28.9,2026-27,0.0,2026-27,1.2,2026-27,0.0,2026-27,0.0,2026-27,0.0,2026-27,0.0,2026-27,86.7,2026-27,14.5,2026-27,14.5,2026-27,*,2024-25,*,2024-25,3230225,2026-27,38918,2026-27,2996985,2025-26,27.0,2026-27,36771,2024-25,25957,2024-25,10814,2024-25,31.7,2024-25,6.3,2024-25,48.7,2024-25,39.6,2024-25,90.4,2024-25,38.1,2024-25,,,,,,,,,,,,,,,,,,,3.0,2024-25,2.0,2024-25,2.0,2024-25,,,U31041,
609874,DIRKSEN,Everett McKinley Dirksen Elementary School,district,District,Network 1,Traditional,,,,PE-8,ES,8601 W FOSTER AVE,41.97371,-87.84104,1a,OHARE,41,150162990252603,,1137,1213,1254,-117,-9.3,65.4,2026-27,1.9,2026-27,10.6,2026-27,20.0,2026-27,0.5,2026-27,0.1,2026-27,0.2,2026-27,1.2,2026-27,0.1,2026-27,74.1,2026-27,53.6,2026-27,9.6,2026-27,*,2024-25,*,2024-25,13451633,2026-27,11831,2026-27,13557652,2025-26,105.0,2026-27,14364,2024-25,8826,2024-25,5538,2024-25,50.4,2024-25,49.6,2024-25,53.3,2024-25,50.4,2024-25,91.4,2024-25,31.1,2024-25,,,,,,,,,,,,,,,,,,,,,,,,,,,U22871,
609875,DARWIN,Charles R Darwin Elementary School,district,District,Network 4,Traditional,,,yes,PE-8,ES,3116 W BELDEN AVE,41.92332,-87.70541,3b,LOGAN SQUARE,35,150162990252148,,542,523,502,40,8.0,15.7,2026-27,7.0,2026-27,69.6,2026-27,1.5,2026-27,2.0,2026-27,0.2,2026-27,0.0,2026-27,0.0,2026-27,4.1,2026-27,61.8,2026-27,36.2,2026-27,26.9,2026-27,*,2024-25,*,2024-25,8979011,2026-27,16566,2026-27,8376334,2025-26,82.0,2026-27,20491,2024-25,13538,2024-25,6953,2024-25,46.4,2024-25,17.8,2024-25,55.0,2024-25,47.1,2024-25,91.7,2024-25,29.1,2024-25,,,,,,,,,,,,,,,,,,,4.0,2024-25,4.0,2024-25,4.0,2024-25,,,U22881,
609876,DAVIS N,Nathan S Davis Elementary School,district,District,Network 8,Traditional,,,yes,PE-8,ES,3014 W 39TH PL,41.82185,-87.7002,7b,BRIGHTON PARK,12,150162990252149,,439,492,540,-101,-18.7,2.7,2026-27,1.6,2026-27,95.2,2026-27,0.5,2026-27,0.0,2026-27,0.0,2026-27,0.0,2026-27,0.0,2026-27,0.0,2026-27,81.8,2026-27,64.0,2026-27,19.8,2026-27,2.4,2024-25,*,2024-25,8322274,2026-27,18957,2026-27,8106659,2025-26,70.0,2026-27,19674,2024-25,13166,2024-25,6508,2024-25,15.6,2024-25,6.7,2024-25,44.5,2024-25,47.3,2024-25,90.5,2024-25,33.4,2024-25,,,,,,,,,,,,,,,,,,,2.0,2024-25,2.0,2024-25,3.0,2024-25,,,U22891,
609879,DAWES,Charles Gates Dawes Elementary School,district,District,Network 10,Traditional,,,yes,PE-8,ES,3810 W 81ST PL,41.74508,-87.71735,8a,ASHBURN,18,150162990252150,,864,904,921,-57,-6.2,1.5,2026-27,17.9,2026-27,80.1,2026-27,0.0,2026-27,0.1,2026-27,0.3,2026-27,0.0,2026-27,0.0,2026-27,0.0,2026-27,82.8,2026-27,25.8,2026-27,23.4,2026-27,1.2,2024-25,*,2024-25,13287637,2026-27,15379,2026-27,12776253,2025-26,106.5,2026-27,17814,2024-25,11769,2024-25,6045,2024-25,41.1,2024-25,21.8,2024-25,44.8,2024-25,48.7,2024-25,90.3,2024-25,35.5,2024-25,,,,,,,,,,,,,,,,,,,3.0,2024-25,3.0,2024-25,3.0,2024-25,,,U22901,
609880,DECATUR,Stephen Decatur Classical Elementary School,district,District,Network 2,Traditional,,exam,,K-8,ES,7030 N SACRAMENTO AVE,42.00929,-87.70462,2a,WEST RIDGE,50,150162990252805,,338,334,341,-3,-0.9,46.2,2026-27,3.3,2026-27,11.8,2026-27,26.9,2026-27,11.2,2026-27,0.6,2026-27,0.0,2026-27,0.0,2026-27,0.0,2026-27,13.3,2026-27,1.8,2026-27,6.8,2026-27,*,2024-25,*,2024-25,4631173,2026-27,13702,2026-27,4567030,2025-26,40.0,2026-27,17929,2024-25,10992,2024-25,6937,2024-25,95.7,2024-25,96.5,2024-25,69.5,2024-25,66.4,2024-25,95.1,2024-25,10.0,2024-25,,,,,,,,,,,,,,,,,,,5.0,2024-25,5.0,2024-25,5.0,2024-25,,,U29031,
609883,DENEEN,Charles S Deneen Elementary School,district,District,Network 12,Traditional,,,,PE-8,ES,7240 S WABASH AVE,41.76249,-87.62334,6b,GREATER GRAND CROSSING,6,150162990252153,,405,444,448,-43,-9.6,0.0,2026-27,94.6,2026-27,3.5,2026-27,0.0,2026-27,1.5,2026-27,0.2,2026-27,0.0,2026-27,0.0,2026-27,0.2,2026-27,83.7,2026-27,2.7,2026-27,19.8,2026-27,2.4,2024-25,*,2024-25,7153081,2026-27,17662,2026-27,7034643,2025-26,63.0,2026-27,20096,2024-25,13064,2024-25,7032,2024-25,37.0,2024-25,9.8,2024-25,48.2,2024-25,42.7,2024-25,90.0,2024-25,37.0,2024-25,,,,,,,,,,,,,,,,,,,3.0,2024-25,3.0,2024-25,3.0,2024-25,,,U22931,
609884,DEVER,William E Dever Elementary School,district,District,Network 1,Traditional,,,,PE-8,ES,3436 N OSCEOLA AVE,41.94255,-87.81313,1a,DUNNING,38,150162990252158,,653,705,728,-75,-10.3,29.9,2026-27,3.1,2026-27,61.6,2026-27,2.8,2026-27,2.5,2026-27,0.0,2026-27,0.0,2026-27,0.0,2026-27,0.3,2026-27,51.5,2026-27,37.4,2026-27,13.0,2026-27,*,2024-25,*,2024-25,8866820,2026-27,13579,2026-27,9351709,2025-26,70.5,2026-27,16843,2024-25,10670,2024-25,6174,2024-25,32.5,2024-25,25.1,2024-25,40.9,2024-25,49.1,2024-25,91.2,2024-25,32.3,2024-25,,,,,,,,,,,,,,,,,,,4.0,2024-25,3.0,2024-25,3.0,2024-25,,,U22941,
609885,DEWEY,Dewey Elementary Academy of Fine Arts,district,District,Network 8,Traditional,,,,PE-8,ES,5415 S UNION AVE,41.79565,-87.64265,9a,NEW CITY,16,150162990252159,,246,291,270,-24,-8.9,2.0,2026-27,77.6,2026-27,19.1,2026-27,0.0,2026-27,0.8,2026-27,0.4,2026-27,0.0,2026-27,0.0,2026-27,0.0,2026-27,86.2,2026-27,16.7,2026-27,19.1,2026-27,30.9,2024-25,*,2024-25,6162073,2026-27,25049,2026-27,6765849,2025-26,58.0,2026-27,24394,2024-25,16760,2024-25,7634,2024-25,53.4,2024-25,20.1,2024-25,73.3,2024-25,61.4,2024-25,92.7,2024-25,22.9,2024-25,,,,,,,,,,,,,,,,,,,4.0,2024-25,4.0,2024-25,4.0,2024-25,,,U22951,
609887,DIXON,Arthur Dixon Elementary School,district,District,Network 12,Traditional,,,,PE-8,ES,8306 S SAINT LAWRENCE AVE,41.74367,-87.60998,10b,CHATHAM,6,150162990252161,,405,407,411,-6,-1.5,0.2,2026-27,94.3,2026-27,4.4,2026-27,0.0,2026-27,1.0,2026-27,0.0,2026-27,0.0,2026-27,0.0,2026-27,0.0,2026-27,70.9,2026-27,2.2,2026-27,13.6,2026-27,*,2024-25,*,2024-25,5898646,2026-27,14565,2026-27,6162948,2025-26,45.0,2026-27,18900,2024-25,12266,2024-25,6635,2024-25,46.6,2024-25,24.0,2024-25,48.1,2024-25,52.0,2024-25,92.6,2024-25,24.2,2024-25,,,,,,,,,,,,,,,,,,,4.0,2024-25,4.0,2024-25,4.0,2024-25,,,U22971,
609891,DOOLITTLE,James R Doolittle Jr Elementary School,district,District,Network 9,Traditional,,,,PE-8,ES,535 E 35TH ST,41.83112,-87.61227,10a,DOUGLAS,4,150162990252937,,225,240,257,-32,-12.5,0.4,2026-27,97.3,2026-27,1.3,2026-27,0.0,2026-27,0.4,2026-27,0.0,2026-27,0.4,2026-27,0.0,2026-27,0.0,2026-27,89.8,2026-27,1.3,2026-27,19.6,2026-27,3.9,2024-25,*,2024-25,4456281,2026-27,19806,2026-27,5143708,2025-26,40.5,2026-27,24891,2024-25,17105,2024-25,7786,2024-25,15.0,2024-25,3.9,2024-25,41.9,2024-25,36.9,2024-25,88.8,2024-25,47.0,2024-25,,,,,,,,,,,,,,,,,,,3.0,2024-25,3.0,2024-25,2.0,2024-25,,,U22991,
609893,DORE,John C Dore Elementary School,district,District,Network 10,Traditional,,,yes,PE-8,ES,7134 W 65TH ST,41.7739,-87.79936,8a,CLEARING,13,150162990252167,,790,758,742,48,6.5,14.9,2026-27,2.8,2026-27,80.9,2026-27,0.3,2026-27,0.8,2026-27,0.0,2026-27,0.4,2026-27,0.0,2026-27,0.0,2026-27,47.6,2026-27,22.2,2026-27,27.5,2026-27,*,2024-25,*,2024-25,13197939,2026-27,16706,2026-27,12716464,2025-26,111.5,2026-27,20574,2024-25,13950,2024-25,6623,2024-25,44.1,2024-25,30.5,2024-25,49.6,2024-25,50.1,2024-25,91.4,2024-25,31.1,2024-25,,,,,,,,,,,,,,,,,,,4.0,2024-25,3.0,2024-25,3.0,2024-25,,,U23001,
609894,DRAKE,John B Drake Elementary School,district,District,Network 9,Traditional,,,yes,PE-8,ES,2710 S DEARBORN ST,41.84404,-87.62855,8b,DOUGLAS,3,150162990252169,,273,309,302,-29,-9.6,0.4,2026-27,92.3,2026-27,5.5,2026-27,1.1,2026-27,0.4,2026-27,0.4,2026-27,0.0,2026-27,0.0,2026-27,0.0,2026-27,90.1,2026-27,1.8,2026-27,27.5,2026-27,4.3,2024-25,*,2024-25,5982251,2026-27,21913,2026-27,6487914,2025-26,49.0,2026-27,27200,2024-25,17532,2024-25,9668,2024-25,25.5,2024-25,10.2,2024-25,51.0,2024-25,43.2,2024-25,89.0,2024-25,44.0,2024-25,,,,,,,,,,,,,,,,,,,4.0,2024-25,4.0,2024-25,4.0,2024-25,,,U23011,
609895,TURNER-DREW,Turner-Drew Elementary Language Academy,district,District,Network 11,Traditional,,application,,K-8,ES,9300 S PRINCETON AVE,41.72561,-87.63016,9b,ROSELAND,9,150162990252826,,213,213,195,18,9.2,0.0,2026-27,96.2,2026-27,3.8,2026-27,0.0,2026-27,0.0,2026-27,0.0,2026-27,0.0,2026-27,0.0,2026-27,0.0,2026-27,71.4,2026-27,0.5,2026-27,28.6,2026-27,*,2024-25,*,2024-25,4712411,2026-27,22124,2026-27,4856779,2025-26,36.5,2026-27,26293,2024-25,18244,2024-25,8049,2024-25,48.9,2024-25,36.0,2024-25,54.6,2024-25,52.4,2024-25,93.3,2024-25,25.1,2024-25,,,,,,,,,,,,,,,,,,,5.0,2024-25,5.0,2024-25,5.0,2024-25,,,U29041,
609896,DRUMMOND,Thomas Drummond Elementary School,district,District,Network 6,Traditional,,application,,PE-8,ES,1845 W CORTLAND ST,41.91591,-87.67449,4b,LOGAN SQUARE,32,150162990252172,,332,347,338,-6,-1.8,44.0,2026-27,6.6,2026-27,28.0,2026-27,9.6,2026-27,11.4,2026-27,0.3,2026-27,0.0,2026-27,0.0,2026-27,0.0,2026-27,15.7,2026-27,3.6,2026-27,15.7,2026-27,*,2024-25,*,2024-25,6146403,2026-27,18513,2026-27,6043530,2025-26,57.5,2026-27,21079,2024-25,13793,2024-25,7286,2024-25,52.0,2024-25,44.7,2024-25,37.4,2024-25,55.6,2024-25,94.2,2024-25,15.6,2024-25,,,,,,,,,,,,,,,,,,,4.0,2024-25,4.0,2024-25,4.0,2024-25,,,U23021,
609897,EARLE,Charles W Earle Elementary School,district,District,Network 11,Traditional,,,,PE-8,ES,2040 W 62ND ST,41.78123,-87.67555,9a,WEST ENGLEWOOD,16,150162990252180,,291,290,285,6,2.1,1.7,2026-27,68.7,2026-27,28.9,2026-27,0.0,2026-27,0.7,2026-27,0.0,2026-27,0.0,2026-27,0.0,2026-27,0.0,2026-27,85.9,2026-27,23.4,2026-27,26.8,2026-27,28.4,2024-25,*,2024-25,5842781,2026-27,20078,2026-27,5408133,2025-26,49.0,2026-27,23986,2024-25,15942,2024-25,8043,2024-25,23.3,2024-25,8.0,2024-25,50.9,2024-25,58.5,2024-25,91.7,2024-25,33.5,2024-25,,,,,,,,,,,,,,,,,,,4.0,2024-25,4.0,2024-25,4.0,2024-25,,,U23031,
609898,EBERHART,John F Eberhart Elementary School,district,District,Network 10,Traditional,,,,PK-8,ES,3400 W 65TH PL,41.77442,-87.70795,8b,CHICAGO LAWN,14,150162990252181,,894,939,1006,-112,-11.1,1.1,2026-27,3.9,2026-27,94.1,2026-27,0.0,2026-27,0.3,2026-27,0.0,2026-27,0.0,2026-27,0.6,2026-27,0.0,2026-27,85.7,2026-27,53.4,2026-27,16.0,2026-27,6.0,2024-25,*,2024-25,12970824,2026-27,14509,2026-27,13332942,2025-26,102.0,2026-27,17013,2024-25,11219,2024-25,5794,2024-25,26.9,2024-25,13.1,2024-25,45.8,2024-25,52.8,2024-25,89.7,2024-25,42.5,2024-25,,,,,,,,,,,,,,,,,,,3.0,2024-25,3.0,2024-25,3.0,2024-25,,,U23041,
609899,EBINGER,Christian Ebinger Elementary School,district,District,Network 1,Traditional,,,,K-8,ES,7350 W PRATT AVE,42.00441,-87.81117,1a,EDISON PARK,41,150162990252182,,651,685,688,-37,-5.4,74.0,2026-27,1.5,2026-27,16.1,2026-27,4.5,2026-27,3.4,2026-27,0.0,2026-27,0.2,2026-27,0.0,2026-27,0.3,2026-27,11.7,2026-27,5.7,2026-27,19.8,2026-27,*,2024-25,*,2024-25,10045061,2026-27,15430,2026-27,9865241,2025-26,82.5,2026-27,17382,2024-25,11080,2024-25,6302,2024-25,70.0,2024-25,58.6,2024-25,50.4,2024-25,53.5,2024-25,94.0,2024-25,15.3,2024-25,,,,,,,,,,,,,,,,,,,3.0,2024-25,3.0,2024-25,4.0,2024-25,,,U23051,
609900,CURTIS,George W Curtis Elementary School,district,District,Network 13,Traditional,,,,PE-8,ES,32 E 115TH ST,41.68542,-87.62165,9b,ROSELAND,9,150162990252799,,276,291,348,-72,-20.7,0.4,2026-27,84.4,2026-27,14.9,2026-27,0.0,2026-27,0.4,2026-27,0.0,2026-27,0.0,2026-27,0.0,2026-27,0.0,2026-27,85.9,2026-27,11.2,2026-27,16.3,2026-27,6.7,2024-25,2.8,2024-25,5437834,2026-27,19702,2026-27,5798540,2025-26,46.5,2026-27,20638,2024-25,13624,2024-25,7014,2024-25,15.4,2024-25,8.9,2024-25,42.6,2024-25,44.6,2024-25,84.0,2024-25,61.2,2024-25,,,,,,,,,,,,,,,,,,,3.0,2024-25,3.0,2024-25,2.0,2024-25,,,U23061,
609901,EDGEBROOK,Edgebrook Elementary School,district,District,Network 1,Traditional,,,,PE-8,ES,6525 N HIAWATHA AVE,41.99944,-87.76184,1a,FOREST GLEN,45,150162990252183,,582,576,551,31,5.6,55.7,2026-27,1.0,2026-27,22.3,2026-27,11.7,2026-27,9.3,2026-27,0.0,2026-27,0.0,2026-27,0.0,2026-27,0.0,2026-27,11.0,2026-27,9.6,2026-27,12.0,2026-27,*,2024-25,*,2024-25,7898823,2026-27,13572,2026-27,8143077,2025-26,62.0,2026-27,18231,2024-25,11800,2024-25,6431,2024-25,77.7,2024-25,65.2,2024-25,55.0,2024-25,56.4,2024-25,95.1,2024-25,9.8,2024-25,,,,,,,,,,,,,,,,,,,3.0,2024-25,3.0,2024-25,4.0,2024-25,,,U23071,
609902,METCALFE,Ralph H Metcalfe Elementary Community Academy,district,District,Network 13,Traditional,,,,PE-8,ES,12339 S NORMAL AVE,41.66944,-87.63431,9b,WEST PULLMAN,9,150162990252804,,320,353,352,-32,-9.1,0.3,2026-27,88.4,2026-27,10.6,2026-27,0.0,2026-27,0.6,2026-27,0.0,2026-27,0.0,2026-27,0.0,2026-27,0.0,2026-27,89.1,2026-27,8.8,2026-27,14.7,2026-27,4.8,2024-25,*,2024-25,5451639,2026-27,17036,2026-27,5117627,2025-26,50.0,2026-27,20386,2024-25,12280,2024-25,8105,2024-25,19.8,2024-25,12.0,2024-25,45.3,2024-25,58.0,2024-25,93.0,2024-25,23.4,2024-25,,,,,,,,,,,,,,,,,,,4.0,2024-25,3.0,2024-25,3.0,2024-25,,,U31061,
609903,EDWARDS,Richard Edwards Elementary School,district,District,Network 8,Traditional,,,yes,PE-8,ES,4815 S KARLOV AVE,41.80554,-87.72586,7b,ARCHER HEIGHTS,14,150162990252185,,1119,1220,1217,-98,-8.1,3.0,2026-27,1.7,2026-27,94.8,2026-27,0.3,2026-27,0.1,2026-27,0.0,2026-27,0.0,2026-27,0.0,2026-27,0.1,2026-27,70.2,2026-27,55.3,2026-27,20.6,2026-27,1.7,2024-25,*,2024-25,18551392,2026-27,16579,2026-27,18018507,2025-26,155.0,2026-27,18472,2024-25,12414,2024-25,6058,2024-25,32.3,2024-25,12.2,2024-25,49.3,2024-25,48.7,2024-25,91.5,2024-25,30.0,2024-25,,,,,,,,,,,,,,,,,,,3.0,2024-25,3.0,2024-25,3.0,2024-25,,,U23081,
609904,ELLINGTON,Edward K Ellington Elementary School,district,District,Network 3,Traditional,,,,PE-8,ES,243 N PARKSIDE AVE,41.88553,-87.76659,5a,AUSTIN,29,150162990252187,,496,514,520,-24,-4.6,0.6,2026-27,81.5,2026-27,15.7,2026-27,0.2,2026-27,0.4,2026-27,1.4,2026-27,0.0,2026-27,0.0,2026-27,0.2,2026-27,79.6,2026-27,14.7,2026-27,24.4,2026-27,2.8,2024-25,*,2024-25,9814746,2026-27,19788,2026-27,9242691,2025-26,87.0,2026-27,20830,2024-25,13644,2024-25,7186,2024-25,25.9,2024-25,5.0,2024-25,48.8,2024-25,46.4,2024-25,86.6,2024-25,53.2,2024-25,,,,,,,,,,,,,,,,,,,3.0,2024-25,3.0,2024-25,3.0,2024-25,,,U23101,
609907,ERICSON,Leif Ericson Elementary Scholastic Academy,district,District,Network 5,Traditional,,application,,PE-8,ES,3600 W 5TH AVE,41.87574,-87.7158,5b,EAST GARFIELD PARK,28,150162990252190,,272,286,327,-55,-16.8,0.0,2026-27,97.1,2026-27,1.5,2026-27,0.0,2026-27,1.1,2026-27,0.4,2026-27,0.0,2026-27,0.0,2026-27,0.0,2026-27,83.5,2026-27,0.7,2026-27,6.6,2026-27,10.7,2024-25,*,2024-25,5001894,2026-27,18389,2026-27,5461442,2025-26,41.0,2026-27,19647,2024-25,12812,2024-25,6835,2024-25,39.3,2024-25,11.2,2024-25,45.6,2024-25,41.3,2024-25,89.9,2024-25,39.1,2024-25,,,,,,,,,,,,,,,,,,,2.0,2024-25,3.0,2024-25,3.0,2024-25,,,U29051,
609908,ESMOND,Esmond Elementary School,district,District,Network 10,Traditional,,,,PK-8,ES,1865 W MONTVALE AVE,41.68942,-87.66916,9b,MORGAN PARK,19,150162990252191,,210,232,222,-12,-5.4,0.0,2026-27,98.1,2026-27,0.0,2026-27,0.5,2026-27,1.4,2026-27,0.0,2026-27,0.0,2026-27,0.0,2026-27,0.0,2026-27,86.7,2026-27,1.0,2026-27,14.8,2026-27,*,2024-25,*,2024-25,4479275,2026-27,21330,2026-27,4704303,2025-26,37.0,2026-27,26012,2024-25,17618,2024-25,8394,2024-25,25.2,2024-25,25.0,2024-25,43.8,2024-25,53.8,2024-25,90.1,2024-25,39.7,2024-25,,,,,,,,,,,,,,,,,,,4.0,2024-25,4.0,2024-25,4.0,2024-25,,,U23131,
609909,EVERETT,Edward Everett Elementary School,district,District,ISP,Traditional,,,yes,PE-5,ES,3419 S BELL AVE,41.83156,-87.68131,7b,MCKINLEY PARK,12,150162990252192,,87,103,89,-2,-2.2,8.0,2026-27,1.1,2026-27,77.0,2026-27,9.2,2026-27,4.6,2026-27,0.0,2026-27,0.0,2026-27,0.0,2026-27,0.0,2026-27,64.4,2026-27,57.5,2026-27,28.7,2026-27,*,2024-25,*,2024-25,3444801,2026-27,39595,2026-27,4033888,2025-26,28.0,2026-27,36963,2024-25,24465,2024-25,12498,2024-25,76.7,2024-25,46.7,2024-25,70.5,2024-25,66.4,2024-25,95.7,2024-25,*,2024-25,,,,,,,,,,,,,,,,,,,5.0,2024-25,5.0,2024-25,4.0,2024-25,,,U23141,
609910,FALCONER,Laughlin Falconer Elementary School,district,District,Network 3,Traditional,,,yes,PE-8,ES,3020 N LAMON AVE,41.93578,-87.74933,3a,BELMONT CRAGIN,31,150162990252194,,925,884,835,90,10.8,3.5,2026-27,0.6,2026-27,93.9,2026-27,0.8,2026-27,0.3,2026-27,0.9,2026-27,0.0,2026-27,0.0,2026-27,0.0,2026-27,77.3,2026-27,47.0,2026-27,21.6,2026-27,*,2024-25,*,2024-25,14548250,2026-27,15728,2026-27,13288873,2025-26,119.5,2026-27,18429,2024-25,12267,2024-25,6162,2024-25,34.6,2024-25,28.3,2024-25,49.7,2024-25,57.7,2024-25,90.6,2024-25,34.8,2024-25,,,,,,,,,,,,,,,,,,,4.0,2024-25,4.0,2024-25,3.0,2024-25,,,U23151,
609912,FARNSWORTH,James B Farnsworth Elementary School,district,District,Network 1,Traditional,,,yes,PE-8,ES,5414 N LINDER AVE,41.97979,-87.76607,1a,JEFFERSON PARK,45,150162990252198,,470,483,496,-26,-5.2,39.4,2026-27,4.5,2026-27,39.4,2026-27,13.0,2026-27,3.2,2026-27,0.0,2026-27,0.4,2026-27,0.0,2026-27,0.2,2026-27,48.9,2026-27,32.3,2026-27,28.9,2026-27,*,2024-25,*,2024-25,9913770,2026-27,21093,2026-27,10004542,2025-26,84.0,2026-27,23035,2024-25,15544,2024-25,7491,2024-25,47.1,2024-25,43.1,2024-25,55.5,2024-25,58.5,2024-25,91.1,2024-25,29.1,2024-25,,,,,,,,,,,,,,,,,,,,,,,,,,,U23161,
609917,FERNWOOD,Fernwood Elementary School,district,District,Network 13,Traditional,,,,PK-8,ES,10041 S UNION AVE,41.71118,-87.64041,9b,WASHINGTON HEIGHTS,21,150162990252202,,237,272,258,-21,-8.1,0.4,2026-27,90.7,2026-27,2.5,2026-27,0.0,2026-27,1.7,2026-27,0.0,2026-27,0.0,2026-27,0.0,2026-27,4.6,2026-27,81.4,2026-27,2.5,2026-27,15.6,2026-27,12.4,2024-25,*,2024-25,3932744,2026-27,16594,2026-27,3210879,2025-26,35.0,2026-27,19281,2024-25,11762,2024-25,7519,2024-25,43.0,2024-25,21.3,2024-25,59.8,2024-25,51.9,2024-25,93.6,2024-25,19.1,2024-25,,,,,,,,,,,,,,,,,,,3.0,2024-25,3.0,2024-25,3.0,2024-25,,,U23201,
609918,FIELD,Eugene Field Elementary School,district,District,Network 2,Traditional,,,,5-8,ES,7019 N ASHLAND AVE,42.00966,-87.66999,2a,ROGERS PARK,49,150162990252203,,124,138,150,-26,-17.3,4.8,2026-27,29.8,2026-27,45.2,2026-27,12.1,2026-27,6.5,2026-27,0.0,2026-27,0.0,2026-27,1.6,2026-27,0.0,2026-27,89.5,2026-27,49.2,2026-27,18.5,2026-27,*,2024-25,*,2024-25,2604389,2026-27,21003,2026-27,2939370,2025-26,21.0,2026-27,26325,2024-25,17452,2024-25,8873,2024-25,40.2,2024-25,13.4,2024-25,55.5,2024-25,52.9,2024-25,92.3,2024-25,25.5,2024-25,,,,,,,,,,,,,,,,,,,3.0,2024-25,4.0,2024-25,3.0,2024-25,,,U23211,
609919,FISKE,John Fiske Elementary School,district,District,Network 9,Traditional,,,,PE-8,ES,6020 S LANGLEY AVE,41.78518,-87.60863,6b,WOODLAWN,20,150162990252204,,327,357,372,-45,-12.1,1.2,2026-27,87.5,2026-27,8.9,2026-27,0.3,2026-27,1.5,2026-27,0.0,2026-27,0.0,2026-27,0.0,2026-27,0.6,2026-27,77.1,2026-27,6.7,2026-27,14.1,2026-27,9.7,2024-25,*,2024-25,6977259,2026-27,21337,2026-27,6731625,2025-26,59.0,2026-27,21061,2024-25,14058,2024-25,7003,2024-25,14.7,2024-25,4.5,2024-25,36.5,2024-25,35.6,2024-25,88.3,2024-25,41.6,2024-25,,,,,,,,,,,,,,,,,,,3.0,2024-25,2.0,2024-25,3.0,2024-25,,,U23221,
609920,KANOON,Gerald Delgado Kanoon Elementary Magnet School,district,District,Network 7,Traditional,,,,PE-8,ES,2233 S KEDZIE AVE,41.85077,-87.70511,7a,SOUTH LAWNDALE,24,150162990252806,,360,375,389,-29,-7.5,1.1,2026-27,3.9,2026-27,94.7,2026-27,0.0,2026-27,0.0,2026-27,0.3,2026-27,0.0,2026-27,0.0,2026-27,0.0,2026-27,82.8,2026-27,53.3,2026-27,13.9,2026-27,2.6,2024-25,*,2024-25,6615389,2026-27,18376,2026-27,6913546,2025-26,51.5,2026-27,20801,2024-25,14139,2024-25,6662,2024-25,20.7,2024-25,10.6,2024-25,46.7,2024-25,46.7,2024-25,89.0,2024-25,44.5,2024-25,,,,,,,,,,,,,,,,,,,4.0,2024-25,4.0,2024-25,4.0,2024-25,,,U29071,
609921,TELPOCHCALLI,Telpochcalli Elementary School,district,District,Network 7,Traditional,,,,PE-8,ES,2832 W 24TH BLVD,41.84795,-87.69601,7a,SOUTH LAWNDALE,24,150162990252901,,189,198,207,-18,-8.7,3.7,2026-27,3.2,2026-27,92.1,2026-27,0.0,2026-27,1.1,2026-27,0.0,2026-27,0.0,2026-27,0.0,2026-27,0.0,2026-27,76.2,2026-27,65.1,2026-27,23.3,2026-27,10.5,2024-25,*,2024-25,4900053,2026-27,25926,2026-27,5360170,2025-26,37.0,2026-27,28909,2024-25,20226,2024-25,8682,2024-25,33.6,2024-25,15.6,2024-25,54.8,2024-25,43.6,2024-25,88.8,2024-25,44.2,2024-25,,,,,,,,,,,,,,,,,,,4.0,2024-25,4.0,2024-25,4.0,2024-25,,,U23231,
609922,BELMONT-CRAGIN,Belmont-Cragin Elementary School,district,District,Network 3,Traditional,,,,PE-8,ES,6112 W FULLERTON AVE,41.92425,-87.7817,1b,BELMONT CRAGIN,30,150162990252923,,529,550,528,1,0.2,4.9,2026-27,1.3,2026-27,92.4,2026-27,0.0,2026-27,0.6,2026-27,0.2,2026-27,0.2,2026-27,0.0,2026-27,0.4,2026-27,72.8,2026-27,67.1,2026-27,24.0,2026-27,4.6,2024-25,*,2024-25,8630090,2026-27,16314,2026-27,8914612,2025-26,71.0,2026-27,20172,2024-25,13549,2024-25,6622,2024-25,16.9,2024-25,16.0,2024-25,45.9,2024-25,46.4,2024-25,92.8,2024-25,25.5,2024-25,,,,,,,,,,,,,,,,,,,3.0,2024-25,3.0,2024-25,3.0,2024-25,,,U26771,
609924,FORT DEARBORN,Fort Dearborn Elementary School,district,District,Network 11,Traditional,,,,PE-8,ES,9025 S THROOP ST,41.72967,-87.65548,9a,WASHINGTON HEIGHTS,21,150162990252206,,262,271,308,-46,-14.9,0.0,2026-27,96.9,2026-27,2.7,2026-27,0.0,2026-27,0.4,2026-27,0.0,2026-27,0.0,2026-27,0.0,2026-27,0.0,2026-27,73.7,2026-27,0.8,2026-27,20.2,2026-27,26.2,2024-25,*,2024-25,6181744,2026-27,23594,2026-27,6132602,2025-26,53.0,2026-27,26288,2024-25,17033,2024-25,9255,2024-25,25.9,2024-25,9.8,2024-25,45.3,2024-25,48.7,2024-25,88.2,2024-25,46.6,2024-25,,,,,,,,,,,,,,,,,,,3.0,2024-25,3.0,2024-25,3.0,2024-25,,,U23241,
609925,KELLMAN,Joseph Kellman Corporate Community ES,district,District,Network 5,Traditional,,,,PE-8,ES,3030 W ARTHINGTON ST,41.87017,-87.70216,5b,EAST GARFIELD PARK,28,150162990252892,,186,214,207,-21,-10.1,0.0,2026-27,97.3,2026-27,2.7,2026-27,0.0,2026-27,0.0,2026-27,0.0,2026-27,0.0,2026-27,0.0,2026-27,0.0,2026-27,80.6,2026-27,2.2,2026-27,14.0,2026-27,9.6,2024-25,*,2024-25,4085604,2026-27,21966,2026-27,3613159,2025-26,33.5,2026-27,25884,2024-25,17959,2024-25,7925,2024-25,25.6,2024-25,1.7,2024-25,46.9,2024-25,42.4,2024-25,88.5,2024-25,49.8,2024-25,,,,,,,,,,,,,,,,,,,2.0,2024-25,2.0,2024-25,3.0,2024-25,,,U23251,
609926,FRANKLIN,Franklin Elementary Fine Arts Center,district,District,Network 4,Traditional,,application,,K-8,ES,225 W EVERGREEN AVE,41.9066,-87.63551,6a,NEAR NORTH SIDE,2,150162990252207,,322,324,349,-27,-7.7,19.6,2026-27,55.9,2026-27,10.9,2026-27,4.7,2026-27,8.4,2026-27,0.3,2026-27,0.3,2026-27,0.0,2026-27,0.0,2026-27,49.1,2026-27,2.5,2026-27,19.3,2026-27,*,2024-25,*,2024-25,5517018,2026-27,17134,2026-27,5634785,2025-26,42.5,2026-27,18522,2024-25,11730,2024-25,6792,2024-25,65.4,2024-25,34.6,2024-25,50.1,2024-25,46.1,2024-25,93.4,2024-25,20.1,2024-25,,,,,,,,,,,,,,,,,,,3.0,2024-25,3.0,2024-25,3.0,2024-25,,,U29081,
609927,FOSTER PARK,Foster Park Elementary School,district,District,Network 11,Traditional,,,yes,PE-8,ES,8530 S WOOD ST,41.73843,-87.6681,9a,AUBURN GRESHAM,18,150162990252618,,347,367,359,-12,-3.3,1.2,2026-27,88.5,2026-27,9.8,2026-27,0.0,2026-27,0.6,2026-27,0.0,2026-27,0.0,2026-27,0.0,2026-27,0.0,2026-27,76.9,2026-27,4.0,2026-27,36.9,2026-27,8.1,2024-25,4.1,2024-25,6952114,2026-27,20035,2026-27,7252322,2025-26,63.0,2026-27,24216,2024-25,16051,2024-25,8165,2024-25,26.1,2024-25,12.2,2024-25,50.7,2024-25,52.7,2024-25,90.5,2024-25,34.9,2024-25,,,,,,,,,,,,,,,,,,,3.0,2024-25,3.0,2024-25,3.0,2024-25,,,U23261,
609928,FARMER,James Farmer Jr Elementary School,district,District,Network 9,Traditional,,,,PE-8,ES,4214 S ST LAWRENCE AVE,41.818,-87.61178,10a,GRAND BOULEVARD,4,150162990252209,,252,297,312,-60,-19.2,0.0,2026-27,94.0,2026-27,4.4,2026-27,0.0,2026-27,1.6,2026-27,0.0,2026-27,0.0,2026-27,0.0,2026-27,0.0,2026-27,89.3,2026-27,1.6,2026-27,16.3,2026-27,6.6,2024-25,*,2024-25,5020624,2026-27,19923,2026-27,4750993,2025-26,44.5,2026-27,19898,2024-25,12851,2024-25,7047,2024-25,24.9,2024-25,13.6,2024-25,41.5,2024-25,51.1,2024-25,87.7,2024-25,46.9,2024-25,,,,,,,,,,,,,,,,,,,3.0,2024-25,2.0,2024-25,2.0,2024-25,,,U23271,
609929,FULTON,Robert Fulton Elementary School,district,District,Network 8,Traditional,,,,PE-8,ES,5300 S HERMITAGE AVE,41.79758,-87.66844,9a,NEW CITY,16,150162990252210,,339,313,326,13,4.0,0.3,2026-27,17.4,2026-27,81.4,2026-27,0.0,2026-27,0.0,2026-27,0.9,2026-27,0.0,2026-27,0.0,2026-27,0.0,2026-27,67.8,2026-27,60.2,2026-27,17.4,2026-27,*,2024-25,*,2024-25,5931386,2026-27,17497,2026-27,7186440,2025-26,47.5,2026-27,21238,2024-25,14060,2024-25,7178,2024-25,12.2,2024-25,10.0,2024-25,40.5,2024-25,45.6,2024-25,89.5,2024-25,37.3,2024-25,,,,,,,,,,,,,,,,,,,2.0,2024-25,3.0,2024-25,3.0,2024-25,,,U23281,
609930,FUNSTON,Frederick Funston Elementary School,district,District,Network 4,Traditional,,,yes,PE-8,ES,2010 N CENTRAL PARK AVE,41.91762,-87.71689,3b,LOGAN SQUARE,26,150162990252211,,431,429,446,-15,-3.4,3.5,2026-27,8.8,2026-27,86.1,2026-27,0.0,2026-27,1.4,2026-27,0.2,2026-27,0.0,2026-27,0.0,2026-27,0.0,2026-27,83.8,2026-27,50.8,2026-27,34.1,2026-27,3.4,2024-25,*,2024-25,9165685,2026-27,21266,2026-27,11080870,2025-26,87.0,2026-27,24087,2024-25,16425,2024-25,7662,2024-25,27.3,2024-25,9.7,2024-25,50.6,2024-25,43.8,2024-25,89.8,2024-25,36.4,2024-25,,,,,,,,,,,,,,,,,,,3.0,2024-25,3.0,2024-25,4.0,2024-25,,,U23291,
609933,GALE,Stephen F Gale Elementary Community Academy,district,District,Network 2,Traditional,,,yes,PE-8,ES,1631 W JONQUIL TER,42.02109,-87.67194,2a,ROGERS PARK,49,150162990252212,,265,294,347,-82,-23.6,2.6,2026-27,67.2,2026-27,20.4,2026-27,7.5,2026-27,2.3,2026-27,0.0,2026-27,0.0,2026-27,0.0,2026-27,0.0,2026-27,78.9,2026-27,35.8,2026-27,32.5,2026-27,16.2,2024-25,*,2024-25,8006251,2026-27,30212,2026-27,8095777,2025-26,74.0,2026-27,24879,2024-25,16840,2024-25,8039,2024-25,12.9,2024-25,5.6,2024-25,43.0,2024-25,45.5,2024-25,83.4,2024-25,61.0,2024-25,,,,,,,,,,,,,,,,,,,2.0,2024-25,2.0,2024-25,2.0,2024-25,,,U31081,
609935,GALLISTEL,Matthew Gallistel Elementary Language Academy,district,District,Network 13,Traditional,,application,,PE-8,ES,10347 S EWING AVE,41.7068,-87.53518,10b,EAST SIDE,10,150162990252213,,560,576,597,-37,-6.2,2.3,2026-27,3.6,2026-27,93.9,2026-27,0.0,2026-27,0.2,2026-27,0.0,2026-27,0.0,2026-27,0.0,2026-27,0.0,2026-27,53.6,2026-27,41.4,2026-27,18.8,2026-27,3.5,2024-25,*,2024-25,9004165,2026-27,16079,2026-27,10372724,2025-26,72.0,2026-27,19015,2024-25,12712,2024-25,6303,2024-25,38.7,2024-25,17.2,2024-25,47.3,2024-25,42.9,2024-25,93.3,2024-25,23.3,2024-25,,,,,,,,,,,,,,,,,,,4.0,2024-25,3.0,2024-25,3.0,2024-25,,,U29091,
609937,GARVY,John W Garvy Elementary School,district,District,Network 1,Traditional,,,,K-8,ES,5225 N OAK PARK AVE,41.97635,-87.79624,1a,NORWOOD PARK,41,150162990252214,,710,734,731,-21,-2.9,46.1,2026-27,2.3,2026-27,35.9,2026-27,11.0,2026-27,4.2,2026-27,0.3,2026-27,0.3,2026-27,0.0,2026-27,0.0,2026-27,31.0,2026-27,19.0,2026-27,13.4,2026-27,*,2024-25,*,2024-25,8490975,2026-27,11959,2026-27,8850371,2025-26,62.0,2026-27,15921,2024-25,9939,2024-25,5982,2024-25,58.7,2024-25,44.2,2024-25,55.0,2024-25,53.7,2024-25,93.1,2024-25,21.1,2024-25,,,,,,,,,,,,,,,,,,,4.0,2024-25,4.0,2024-25,4.0,2024-25,,,U23301,
609938,GARY,Joseph E Gary Elementary School,district,District,Network 7,Traditional,,,yes,PE-8,ES,3740 W 31ST ST,41.83707,-87.7187,7a,SOUTH LAWNDALE,22,150162990252215,,579,628,714,-135,-18.9,0.7,2026-27,0.5,2026-27,98.3,2026-27,0.3,2026-27,0.0,2026-27,0.2,2026-27,0.0,2026-27,0.0,2026-27,0.0,2026-27,88.9,2026-27,56.1,2026-27,22.1,2026-27,1.8,2024-25,*,2024-25,10582576,2026-27,18277,2026-27,10732540,2025-26,88.0,2026-27,18770,2024-25,12294,2024-25,6476,2024-25,31.3,2024-25,18.7,2024-25,41.9,2024-25,45.3,2024-25,91.0,2024-25,30.3,2024-25,,,,,,,,,,,,,,,,,,,3.0,2024-25,3.0,2024-25,3.0,2024-25,,,U23311,
609939,GILLESPIE,Frank L Gillespie Elementary School,district,District,Network 12,Traditional,,,yes,PE-8,ES,9301 S STATE ST,41.72533,-87.62372,9b,ROSELAND,6,150162990252236,,291,288,286,5,1.7,0.3,2026-27,93.8,2026-27,5.2,2026-27,0.0,2026-27,0.7,2026-27,0.0,2026-27,0.0,2026-27,0.0,2026-27,0.0,2026-27,80.1,2026-27,3.4,2026-27,27.8,2026-27,*,2024-25,*,2024-25,5815911,2026-27,19986,2026-27,9685380,2025-26,49.0,2026-27,25470,2024-25,17847,2024-25,7623,2024-25,28.3,2024-25,8.9,2024-25,49.6,2024-25,48.4,2024-25,90.3,2024-25,39.6,2024-25,,,,,,,,,,,,,,,,,,,3.0,2024-25,3.0,2024-25,3.0,2024-25,,,U23321,
609941,RANDOLPH,Asa Philip Randolph Elementary School,district,District,Network 11,Traditional,,application,,PE-8,ES,7316 S HOYNE AVE,41.76061,-87.67597,9a,WEST ENGLEWOOD,17,150162990252807,,290,311,368,-78,-21.2,2.4,2026-27,69.3,2026-27,26.9,2026-27,0.0,2026-27,1.4,2026-27,0.0,2026-27,0.0,2026-27,0.0,2026-27,0.0,2026-27,86.6,2026-27,20.0,2026-27,20.0,2026-27,6.3,2024-25,3.0,2024-25,6222812,2026-27,21458,2026-27,6597256,2025-26,50.0,2026-27,20673,2024-25,13724,2024-25,6949,2024-25,15.5,2024-25,5.9,2024-25,34.9,2024-25,40.2,2024-25,87.2,2024-25,48.6,2024-25,,,,,,,,,,,,,,,,,,,4.0,2024-25,4.0,2024-25,3.0,2024-25,,,U29111,
609942,GOETHE,Johann W von Goethe Elementary School,district,District,Network 4,Traditional,,,,PE-8,ES,2236 N ROCKWELL ST,41.92283,-87.6929,3b,LOGAN SQUARE,1,150162990252220,,713,716,717,-4,-0.6,23.6,2026-27,8.3,2026-27,60.7,2026-27,2.7,2026-27,4.3,2026-27,0.4,2026-27,0.0,2026-27,0.0,2026-27,0.0,2026-27,47.3,2026-27,26.1,2026-27,15.8,2026-27,1.5,2024-25,*,2024-25,10181993,2026-27,14280,2026-27,10020422,2025-26,87.0,2026-27,17791,2024-25,11617,2024-25,6173,2024-25,55.6,2024-25,35.4,2024-25,60.1,2024-25,61.8,2024-25,92.2,2024-25,25.7,2024-25,,,,,,,,,,,,,,,,,,,3.0,2024-25,4.0,2024-25,4.0,2024-25,,,U23341,
609943,OWENS,Jesse Owens Elementary Community Academy,district,District,Network 13,Traditional,,,yes,PK-8,ES,12302 S STATE ST,41.67062,-87.62255,9b,WEST PULLMAN,9,150162990252222,,290,298,339,-49,-14.5,0.0,2026-27,92.1,2026-27,6.6,2026-27,0.0,2026-27,1.4,2026-27,0.0,2026-27,0.0,2026-27,0.0,2026-27,0.0,2026-27,89.0,2026-27,4.5,2026-27,28.3,2026-27,7.1,2024-25,*,2024-25,6282454,2026-27,21664,2026-27,6313708,2025-26,54.0,2026-27,23163,2024-25,15803,2024-25,7360,2024-25,41.6,2024-25,13.8,2024-25,54.6,2024-25,50.7,2024-25,90.6,2024-25,35.6,2024-25,,,,,,,,,,,,,,,,,,,4.0,2024-25,4.0,2024-25,4.0,2024-25,,,U23351,
609944,GRISSOM,Virgil Grissom Elementary School,district,District,Network 13,Traditional,,,,PK-8,ES,12810 S ESCANABA AVE,41.66248,-87.55331,10b,HEGEWISCH,10,150162990252622,,272,271,288,-16,-5.6,5.9,2026-27,9.9,2026-27,83.1,2026-27,0.7,2026-27,0.4,2026-27,0.0,2026-27,0.0,2026-27,0.0,2026-27,0.0,2026-27,69.5,2026-27,29.8,2026-27,14.3,2026-27,*,2024-25,*,2024-25,5156340,2026-27,18957,2026-27,5219911,2025-26,42.5,2026-27,22428,2024-25,15038,2024-25,7390,2024-25,54.9,2024-25,18.9,2024-25,48.4,2024-25,41.0,2024-25,93.0,2024-25,21.2,2024-25,,,,,,,,,,,,,,,,,,,3.0,2024-25,3.0,2024-25,4.0,2024-25,,,U23361,
609945,GOUDY,William C. Goudy Technology Academy,district,District,Network 2,Traditional,,,,PE-8,ES,5120 N WINTHROP AVE,41.97582,-87.65791,4a,UPTOWN,48,150162990252223,,470,485,494,-24,-4.9,6.2,2026-27,31.1,2026-27,28.1,2026-27,30.0,2026-27,4.5,2026-27,0.2,2026-27,0.0,2026-27,0.0,2026-27,0.0,2026-27,70.2,2026-27,40.4,2026-27,17.0,2026-27,*,2024-25,*,2024-25,8379500,2026-27,17829,2026-27,8941217,2025-26,67.0,2026-27,21216,2024-25,14649,2024-25,6567,2024-25,50.2,2024-25,38.6,2024-25,51.2,2024-25,49.9,2024-25,92.8,2024-25,27.8,2024-25,,,,,,,,,,,,,,,,,,,4.0,2024-25,4.0,2024-25,4.0,2024-25,,,U23371,
609947,GRAHAM ES,Alexander Graham Elementary School,district,District,Network 6,Traditional,,,,PE-8,ES,4436 S UNION AVE,41.8133,-87.64334,9a,NEW CITY,15,150162990252224,,289,331,348,-59,-17.0,20.8,2026-27,20.4,2026-27,55.7,2026-27,0.3,2026-27,1.0,2026-27,1.4,2026-27,0.3,2026-27,0.0,2026-27,0.0,2026-27,79.6,2026-27,34.3,2026-27,20.4,2026-27,27.4,2024-25,*,2024-25,6829124,2026-27,23630,2026-27,6178863,2025-26,61.0,2026-27,22272,2024-25,15209,2024-25,7063,2024-25,18.1,2024-25,6.5,2024-25,37.4,2024-25,42.9,2024-25,89.6,2024-25,42.7,2024-25,,,,,,,,,,,,,,,,,,,2.0,2024-25,2.0,2024-25,2.0,2024-25,,,U23391,
609949,GRAY,William P Gray Elementary School,district,District,Network 1,Traditional,,,,PK-8,ES,3730 N LARAMIE AVE,41.94876,-87.75712,1b,PORTAGE PARK,30,150162990252226,,987,994,1000,-13,-1.3,18.6,2026-27,2.6,2026-27,72.0,2026-27,3.1,2026-27,2.6,2026-27,0.8,2026-27,0.0,2026-27,0.0,2026-27,0.1,2026-27,63.3,2026-27,35.2,2026-27,15.7,2026-27,2.2,2024-25,*,2024-25,12199527,2026-27,12360,2026-27,12579075,2025-26,90.0,2026-27,16020,2024-25,10241,2024-25,5779,2024-25,39.6,2024-25,24.6,2024-25,45.6,2024-25,46.4,2024-25,91.2,2024-25,30.6,2024-25,,,,,,,,,,,,,,,,,,,4.0,2024-25,4.0,2024-25,4.0,2024-25,,,U23401,
609950,ORTIZ DE DOMINGUEZ,Josefa Ortiz De Dominguez Elementary School,district,District,Network 7,Traditional,,,yes,PE-2,ES,3000 S LAWNDALE AVE,41.83879,-87.71719,7a,SOUTH LAWNDALE,22,150162990252898,,330,364,407,-77,-18.9,2.4,2026-27,2.1,2026-27,95.2,2026-27,0.3,2026-27,0.0,2026-27,0.0,2026-27,0.0,2026-27,0.0,2026-27,0.0,2026-27,69.7,2026-27,70.0,2026-27,34.2,2026-27,*,2024-25,*,2024-25,7680605,2026-27,23275,2026-27,7624336,2025-26,67.0,2026-27,23594,2024-25,15435,2024-25,8159,2024-25,,,,,,,,,90.2,2024-25,37.4,2024-25,,,,,,,,,,,,,,,,,,,,,,,,,,,U23411,
609951,ARIEL,Ariel Elementary Community Academy,district,District,Network 9,Traditional,,,yes,PE-8,ES,1119 E 46TH ST,41.81117,-87.5975,10a,KENWOOD,4,150162990252895,,377,389,372,5,1.3,0.3,2026-27,96.3,2026-27,2.1,2026-27,0.0,2026-27,1.3,2026-27,0.0,2026-27,0.0,2026-27,0.0,2026-27,0.0,2026-27,75.3,2026-27,1.1,2026-27,23.9,2026-27,2.7,2024-25,*,2024-25,8015279,2026-27,21261,2026-27,8622619,2025-26,73.0,2026-27,24219,2024-25,17266,2024-25,6953,2024-25,26.6,2024-25,13.0,2024-25,47.8,2024-25,47.6,2024-25,89.0,2024-25,47.8,2024-25,,,,,,,,,,,,,,,,,,,3.0,2024-25,4.0,2024-25,3.0,2024-25,,,U23421,
609952,GREENE,Nathanael Greene Elementary School,district,District,Network 8,Traditional,,,,PE-5,ES,3525 S HONORE ST,41.82967,-87.67149,8b,MCKINLEY PARK,12,150162990252229,,283,297,326,-43,-13.2,2.1,2026-27,3.5,2026-27,85.9,2026-27,6.0,2026-27,2.5,2026-27,0.0,2026-27,0.0,2026-27,0.0,2026-27,0.0,2026-27,67.8,2026-27,49.5,2026-27,16.6,2026-27,*,2024-25,*,2024-25,6076336,2026-27,21471,2026-27,6011446,2025-26,51.0,2026-27,22095,2024-25,14699,2024-25,7396,2024-25,49.2,2024-25,35.8,2024-25,55.3,2024-25,65.0,2024-25,91.8,2024-25,28.6,2024-25,,,,,,,,,,,,,,,,,,,4.0,2024-25,4.0,2024-25,5.0,2024-25,,,U23431,
609954,GREGORY,John Milton Gregory Elementary School,district,District,Network 5,Traditional,,,yes,PE-8,ES,3715 W POLK ST,41.87074,-87.71867,5b,EAST GARFIELD PARK,24,150162990252230,,275,300,280,-5,-1.8,2.2,2026-27,81.8,2026-27,15.3,2026-27,0.4,2026-27,0.0,2026-27,0.4,2026-27,0.0,2026-27,0.0,2026-27,0.0,2026-27,85.8,2026-27,14.5,2026-27,20.0,2026-27,7.7,2024-25,*,2024-25,5643388,2026-27,20521,2026-27,5365203,2025-26,46.5,2026-27,22531,2024-25,14903,2024-25,7628,2024-25,40.6,2024-25,19.4,2024-25,44.1,2024-25,35.5,2024-25,89.5,2024-25,36.0,2024-25,,,,,,,,,,,,,,,,,,,3.0,2024-25,2.0,2024-25,2.0,2024-25,,,U23441,
609955,GRESHAM,Walter Q Gresham Elementary School,district,District,Network 11,Traditional,,,,PE-8,ES,8524 S GREEN ST,41.73892,-87.64503,9a,AUBURN GRESHAM,17,150162990252231,,280,306,327,-47,-14.4,0.0,2026-27,91.1,2026-27,8.2,2026-27,0.0,2026-27,0.7,2026-27,0.0,2026-27,0.0,2026-27,0.0,2026-27,0.0,2026-27,86.8,2026-27,5.4,2026-27,21.1,2026-27,6.7,2024-25,*,2024-25,5372084,2026-27,19186,2026-27,5200734,2025-26,47.5,2026-27,19874,2024-25,12950,2024-25,6925,2024-25,40.9,2024-25,15.6,2024-25,57.0,2024-25,61.7,2024-25,92.0,2024-25,32.2,2024-25,,,,,,,,,,,,,,,,,,,4.0,2024-25,4.0,2024-25,3.0,2024-25,,,U23451,
609956,GRIMES,Robert L Grimes Elementary School,district,District,Network 10,Traditional,,,,PK-8,ES,5450 W 64TH PL,41.77546,-87.7588,8a,CLEARING,13,150162990252232,,352,366,374,-22,-5.9,7.1,2026-27,3.1,2026-27,88.6,2026-27,0.3,2026-27,0.9,2026-27,0.0,2026-27,0.0,2026-27,0.0,2026-27,0.0,2026-27,67.3,2026-27,29.5,2026-27,16.5,2026-27,*,2024-25,*,2024-25,6374151,2026-27,18108,2026-27,10454821,2025-26,50.0,2026-27,20231,2024-25,13325,2024-25,6906,2024-25,50.4,2024-25,40.3,2024-25,50.0,2024-25,55.8,2024-25,92.1,2024-25,27.6,2024-25,,,,,,,,,,,,,,,,,,,3.0,2024-25,4.0,2024-25,3.0,2024-25,,,U23461,
609958,GUNSAULUS,Frank W Gunsaulus Elementary Scholastic Academy,district,District,Network 8,Traditional,,application,,PE-8,ES,4420 S SACRAMENTO AVE,41.81301,-87.69936,7b,BRIGHTON PARK,12,150162990252811,,673,669,663,10,1.5,5.2,2026-27,1.3,2026-27,92.0,2026-27,0.7,2026-27,0.4,2026-27,0.1,2026-27,0.0,2026-27,0.0,2026-27,0.1,2026-27,74.6,2026-27,46.5,2026-27,13.2,2026-27,*,2024-25,*,2024-25,9221903,2026-27,13703,2026-27,8990179,2025-26,73.0,2026-27,17805,2024-25,11694,2024-25,6111,2024-25,43.0,2024-25,31.5,2024-25,59.0,2024-25,58.9,2024-25,94.8,2024-25,13.6,2024-25,,,,,,,,,,,,,,,,,,,3.0,2024-25,3.0,2024-25,4.0,2024-25,,,U29121,
609959,HAINES,John Charles Haines Elementary School,district,District,Network 6,Traditional,,,,PK-8,ES,247 W 23RD PL,41.84996,-87.63381,7b,ARMOUR SQUARE,11,150162990252235,,439,445,460,-21,-4.6,2.5,2026-27,10.7,2026-27,5.7,2026-27,80.4,2026-27,0.7,2026-27,0.0,2026-27,0.0,2026-27,0.0,2026-27,0.0,2026-27,72.2,2026-27,30.3,2026-27,9.6,2026-27,*,2024-25,*,2024-25,6442540,2026-27,14675,2026-27,8696194,2025-26,49.5,2026-27,17827,2024-25,11543,2024-25,6284,2024-25,72.5,2024-25,73.2,2024-25,53.6,2024-25,59.0,2024-25,96.6,2024-25,7.8,2024-25,,,,,,,,,,,,,,,,,,,4.0,2024-25,3.0,2024-25,3.0,2024-25,,,U23481,
609960,HALE,Nathan Hale Elementary School,district,District,Network 10,Traditional,,,,PE-8,ES,6140 S MELVINA AVE,41.78019,-87.77658,8a,CLEARING,13,150162990252239,,750,756,775,-25,-3.2,9.7,2026-27,3.9,2026-27,83.3,2026-27,0.8,2026-27,0.5,2026-27,0.4,2026-27,1.2,2026-27,0.0,2026-27,0.1,2026-27,58.4,2026-27,27.2,2026-27,17.1,2026-27,2.8,2024-25,*,2024-25,9689510,2026-27,12919,2026-27,10178262,2025-26,71.0,2026-27,16562,2024-25,10613,2024-25,5949,2024-25,42.7,2024-25,27.0,2024-25,45.8,2024-25,53.3,2024-25,91.0,2024-25,33.3,2024-25,,,,,,,,,,,,,,,,,,,3.0,2024-25,4.0,2024-25,3.0,2024-25,,,U23491,
609961,NINOS HEROES,Ninos Heroes Elementary Academic Center,district,District,Network 12,Traditional,,,,PE-8,ES,8344 S COMMERCIAL AVE,41.74375,-87.55186,10b,SOUTH CHICAGO,7,150162990252823,,245,290,311,-66,-21.2,2.9,2026-27,71.4,2026-27,24.1,2026-27,0.0,2026-27,0.8,2026-27,0.4,2026-27,0.4,2026-27,0.0,2026-27,0.0,2026-27,82.4,2026-27,23.3,2026-27,21.2,2026-27,*,2024-25,*,2024-25,5673903,2026-27,23159,2026-27,5555900,2025-26,48.5,2026-27,21077,2024-25,14050,2024-25,7026,2024-25,27.8,2024-25,10.8,2024-25,51.4,2024-25,47.4,2024-25,86.2,2024-25,52.7,2024-25,,,,,,,,,,,,,,,,,,,2.0,2024-25,2.0,2024-25,2.0,2024-25,,,U31101,
609963,HAMILTON,Alexander Hamilton Elementary School,district,District,Network 4,Traditional,,,,PK-8,ES,1650 W CORNELIA AVE,41.94522,-87.67087,4a,LAKE VIEW,47,150162990252240,,482,486,484,-2,-0.4,72.2,2026-27,1.9,2026-27,12.0,2026-27,3.1,2026-27,10.4,2026-27,0.2,2026-27,0.2,2026-27,0.0,2026-27,0.0,2026-27,8.9,2026-27,5.8,2026-27,16.2,2026-27,*,2024-25,*,2024-25,6966775,2026-27,14454,2026-27,13691753,2025-26,55.5,2026-27,18461,2024-25,11889,2024-25,6572,2024-25,76.5,2024-25,69.5,2024-25,53.1,2024-25,63.1,2024-25,94.0,2024-25,16.1,2024-25,,,,,,,,,,,,,,,,,,,3.0,2024-25,3.0,2024-25,4.0,2024-25,,,U23501,
609964,HAMLINE,John H Hamline Elementary School,district,District,Network 8,Traditional,,,yes,PE-8,ES,4747 S BISHOP ST,41.80724,-87.66117,8b,NEW CITY,20,150162990252241,,532,554,569,-37,-6.5,0.8,2026-27,9.0,2026-27,89.5,2026-27,0.6,2026-27,0.0,2026-27,0.2,2026-27,0.0,2026-27,0.0,2026-27,0.0,2026-27,84.0,2026-27,61.1,2026-27,23.3,2026-27,17.2,2024-25,*,2024-25,9271541,2026-27,17428,2026-27,10743928,2025-26,84.0,2026-27,21489,2024-25,14919,2024-25,6570,2024-25,17.7,2024-25,11.3,2024-25,47.6,2024-25,47.8,2024-25,89.5,2024-25,41.8,2024-25,,,,,,,,,,,,,,,,,,,3.0,2024-25,3.0,2024-25,3.0,2024-25,,,U23511,
609966,HAMMOND,Charles G Hammond Elementary School,district,District,Network 7,Traditional,,,,PK-8,ES,2819 W 21ST PL,41.85272,-87.69624,7a,SOUTH LAWNDALE,25,150162990252242,,182,226,254,-72,-28.3,5.5,2026-27,7.7,2026-27,86.3,2026-27,0.0,2026-27,0.5,2026-27,0.0,2026-27,0.0,2026-27,0.0,2026-27,0.0,2026-27,88.5,2026-27,56.0,2026-27,22.5,2026-27,*,2024-25,*,2024-25,5203688,2026-27,28592,2026-27,5059105,2025-26,44.5,2026-27,24714,2024-25,16777,2024-25,7937,2024-25,30.4,2024-25,13.7,2024-25,41.9,2024-25,45.5,2024-25,86.9,2024-25,44.4,2024-25,,,,,,,,,,,,,,,,,,,3.0,2024-25,3.0,2024-25,4.0,2024-25,,,U23531,
609967,FINKL,William F Finkl Elementary School,district,District,Network 7,Traditional,,,yes,PE-8,ES,2332 S WESTERN AVE,41.84921,-87.68567,7a,LOWER WEST SIDE,25,150162990252893,,212,232,240,-28,-11.7,3.8,2026-27,14.2,2026-27,80.2,2026-27,0.0,2026-27,0.0,2026-27,1.4,2026-27,0.5,2026-27,0.0,2026-27,0.0,2026-27,77.8,2026-27,56.6,2026-27,42.0,2026-27,*,2024-25,*,2024-25,6618237,2026-27,31218,2026-27,7100999,2025-26,61.0,2026-27,35159,2024-25,25757,2024-25,9402,2024-25,29.8,2024-25,14.4,2024-25,44.5,2024-25,45.0,2024-25,86.6,2024-25,47.6,2024-25,,,,,,,,,,,,,,,,,,,3.0,2024-25,3.0,2024-25,3.0,2024-25,,,U23541,
609968,MCAULIFFE,Sharon Christa McAuliffe Elementary School,district,District,Network 4,Traditional,,,,PE-8,ES,1841 N SPRINGFIELD AVE,41.91482,-87.72393,3b,HERMOSA,26,150162990252877,,455,502,522,-67,-12.8,6.4,2026-27,5.9,2026-27,85.1,2026-27,0.0,2026-27,1.5,2026-27,1.1,2026-27,0.0,2026-27,0.0,2026-27,0.0,2026-27,72.3,2026-27,44.8,2026-27,21.5,2026-27,2.1,2024-25,*,2024-25,8208834,2026-27,18041,2026-27,11263888,2025-26,65.5,2026-27,20475,2024-25,13936,2024-25,6539,2024-25,21.7,2024-25,14.7,2024-25,48.7,2024-25,52.0,2024-25,88.9,2024-25,40.2,2024-25,,,,,,,,,,,,,,,,,,,3.0,2024-25,3.0,2024-25,3.0,2024-25,,,U23551,
609969,HARTE,Bret Harte Elementary School,district,District,Network 9,Traditional,,,,PE-8,ES,1556 E 56TH ST,41.79345,-87.58685,10a,HYDE PARK,5,150162990252244,,320,314,334,-14,-4.2,5.0,2026-27,78.8,2026-27,10.6,2026-27,1.9,2026-27,1.9,2026-27,1.2,2026-27,0.6,2026-27,0.0,2026-27,0.0,2026-27,65.0,2026-27,8.1,2026-27,17.5,2026-27,6.5,2024-25,*,2024-25,5593150,2026-27,17479,2026-27,6047650,2025-26,45.5,2026-27,22120,2024-25,14577,2024-25,7543,2024-25,32.5,2024-25,14.1,2024-25,44.8,2024-25,42.7,2024-25,87.6,2024-25,49.4,2024-25,,,,,,,,,,,,,,,,,,,3.0,2024-25,3.0,2024-25,3.0,2024-25,,,U23561,
609971,HARVARD,John Harvard Elementary School of Excellence,district,District,Network 11,Traditional,,,yes,PE-8,ES,7525 S HARVARD,41.75734,-87.63274,9a,GREATER GRAND CROSSING,6,150162990252246,,291,332,338,-47,-13.9,0.7,2026-27,83.5,2026-27,14.8,2026-27,0.0,2026-27,0.7,2026-27,0.0,2026-27,0.0,2026-27,0.0,2026-27,0.3,2026-27,85.9,2026-27,11.0,2026-27,35.7,2026-27,*,2024-25,*,2024-25,7650133,2026-27,26289,2026-27,6671942,2025-26,69.5,2026-27,23794,2024-25,15793,2024-25,8001,2024-25,29.6,2024-25,8.2,2024-25,55.9,2024-25,45.2,2024-25,90.4,2024-25,43.3,2024-25,,,,,,,,,,,,,,,,,,,4.0,2024-25,3.0,2024-25,4.0,2024-25,,,U23581,
609972,HAUGAN,Helge A Haugan Elementary School,district,District,ISP,Traditional,,,yes,PE-8,ES,4540 N HAMLIN AVE,41.96403,-87.72313,3a,ALBANY PARK,33,150162990252247,,981,1086,1074,-93,-8.7,7.2,2026-27,3.1,2026-27,81.9,2026-27,3.5,2026-27,1.1,2026-27,3.2,2026-27,0.0,2026-27,0.0,2026-27,0.1,2026-27,76.1,2026-27,70.5,2026-27,24.9,2026-27,1.5,2024-25,*,2024-25,16806169,2026-27,17132,2026-27,16566596,2025-26,140.5,2026-27,17603,2024-25,11750,2024-25,5853,2024-25,23.2,2024-25,19.0,2024-25,42.3,2024-25,53.2,2024-25,91.1,2024-25,33.1,2024-25,,,,,,,,,,,,,,,,,,,3.0,2024-25,3.0,2024-25,3.0,2024-25,,,U23591,
609973,ZAPATA,Emiliano Zapata Elementary Academy,district,District,Network 7,Traditional,,,,PE-8,ES,2728 S KOSTNER AVE,41.84139,-87.73431,7a,SOUTH LAWNDALE,22,150162990252897,,469,477,522,-53,-10.2,2.8,2026-27,0.9,2026-27,96.2,2026-27,0.2,2026-27,0.0,2026-27,0.0,2026-27,0.0,2026-27,0.0,2026-27,0.0,2026-27,81.4,2026-27,52.2,2026-27,25.4,2026-27,2.3,2024-25,*,2024-25,9728447,2026-27,20743,2026-27,11779606,2025-26,85.0,2026-27,21259,2024-25,14801,2024-25,6458,2024-25,38.9,2024-25,19.5,2024-25,52.2,2024-25,47.5,2024-25,89.5,2024-25,38.3,2024-25,,,,,,,,,,,,,,,,,,,4.0,2024-25,4.0,2024-25,4.0,2024-25,,,U23611,
609974,HAWTHORNE,Hawthorne Elementary Scholastic Academy,district,District,Network 4,Traditional,,application,,K-8,ES,3319 N CLIFTON AVE,41.94228,-87.65771,4a,LAKE VIEW,44,150162990252249,,680,646,642,38,5.9,52.4,2026-27,5.1,2026-27,16.9,2026-27,13.5,2026-27,11.8,2026-27,0.1,2026-27,0.1,2026-27,0.0,2026-27,0.0,2026-27,9.6,2026-27,4.0,2026-27,9.0,2026-27,*,2024-25,*,2024-25,8621374,2026-27,12678,2026-27,8169835,2025-26,66.0,2026-27,16399,2024-25,10395,2024-25,6004,2024-25,96.0,2024-25,95.3,2024-25,63.9,2024-25,70.8,2024-25,95.2,2024-25,8.4,2024-25,,,,,,,,,,,,,,,,,,,4.0,2024-25,4.0,2024-25,5.0,2024-25,,,U29131,
609975,HAY,John Hay Elementary Community Academy,district,District,Network 3,Traditional,,,,PK-8,ES,1018 N LARAMIE AVE,41.89917,-87.75581,5a,AUSTIN,37,150162990252636,,202,220,245,-43,-17.6,2.0,2026-27,56.9,2026-27,40.1,2026-27,0.0,2026-27,1.0,2026-27,0.0,2026-27,0.0,2026-27,0.0,2026-27,0.0,2026-27,84.2,2026-27,30.7,2026-27,16.3,2026-27,16.3,2024-25,*,2024-25,4475557,2026-27,22156,2026-27,4963552,2025-26,34.0,2026-27,25626,2024-25,17872,2024-25,7754,2024-25,34.6,2024-25,14.0,2024-25,48.6,2024-25,50.5,2024-25,89.3,2024-25,40.4,2024-25,,,,,,,,,,,,,,,,,,,3.0,2024-25,3.0,2024-25,3.0,2024-25,,,U31111,
609976,HAYT,Stephen K Hayt Elementary School,district,District,Network 2,Traditional,,,,PE-8,ES,1518 W GRANVILLE AVE,41.99454,-87.6685,2b,EDGEWATER,48,150162990252252,,821,891,842,-21,-2.5,12.3,2026-27,19.1,2026-27,35.8,2026-27,27.5,2026-27,3.5,2026-27,1.1,2026-27,0.1,2026-27,0.4,2026-27,0.1,2026-27,71.1,2026-27,51.4,2026-27,19.7,2026-27,3.1,2024-25,*,2024-25,13351001,2026-27,16262,2026-27,13595720,2025-26,107.5,2026-27,18913,2024-25,12637,2024-25,6275,2024-25,38.7,2024-25,23.9,2024-25,45.5,2024-25,52.0,2024-25,91.0,2024-25,32.7,2024-25,,,,,,,,,,,,,,,,,,,3.0,2024-25,3.0,2024-25,3.0,2024-25,,,U23621,
609977,WOODLAWN,Woodlawn Community Elementary School,district,District,Network 9,Traditional,,,,PE-6,ES,6657 S KIMBARK AVE,41.77337,-87.59439,10a,WOODLAWN,20,150162990252903,,184,183,167,17,10.2,0.0,2026-27,94.6,2026-27,3.8,2026-27,0.0,2026-27,1.6,2026-27,0.0,2026-27,0.0,2026-27,0.0,2026-27,0.0,2026-27,71.7,2026-27,3.3,2026-27,12.0,2026-27,10.8,2024-25,*,2024-25,3177556,2026-27,17269,2026-27,3166496,2025-26,26.0,2026-27,26094,2024-25,17398,2024-25,8695,2024-25,39.0,2024-25,12.2,2024-25,45.7,2024-25,46.6,2024-25,89.4,2024-25,47.8,2024-25,,,,,,,,,,,,,,,,,,,3.0,2024-25,3.0,2024-25,4.0,2024-25,,,U23631,
609978,SMITH,Wendell Smith Elementary School,district,District,Network 13,Traditional,,,,PE-8,ES,744 E 103RD ST,41.70756,-87.60466,10b,PULLMAN,8,150162990252768,,386,391,341,45,13.2,0.8,2026-27,93.8,2026-27,3.1,2026-27,0.0,2026-27,1.8,2026-27,0.3,2026-27,0.0,2026-27,0.0,2026-27,0.3,2026-27,80.6,2026-27,1.6,2026-27,27.5,2026-27,24.7,2024-25,*,2024-25,7196847,2026-27,18645,2026-27,6882501,2025-26,64.0,2026-27,24217,2024-25,16799,2024-25,7419,2024-25,26.8,2024-25,8.8,2024-25,46.1,2024-25,37.7,2024-25,92.8,2024-25,22.7,2024-25,,,,,,,,,,,,,,,,,,,4.0,2024-25,4.0,2024-25,4.0,2024-25,,,U23641,
609979,HEALY,Robert Healy Elementary School,district,District,Network 6,Traditional,,,,K-8,ES,3010 S PARNELL AVE,41.83959,-87.64034,7b,BRIDGEPORT,11,150162990252254,,1108,1157,1197,-89,-7.4,5.8,2026-27,3.6,2026-27,15.2,2026-27,73.3,2026-27,1.8,2026-27,0.3,2026-27,0.1,2026-27,0.0,2026-27,0.0,2026-27,68.5,2026-27,35.5,2026-27,7.9,2026-27,0.8,2024-25,*,2024-25,13632480,2026-27,12304,2026-27,14342229,2025-26,99.5,2026-27,15072,2024-25,9571,2024-25,5501,2024-25,73.4,2024-25,67.2,2024-25,51.3,2024-25,60.0,2024-25,95.8,2024-25,11.7,2024-25,,,,,,,,,,,,,,,,,,,3.0,2024-25,4.0,2024-25,4.0,2024-25,,,U23651,
609981,HEARST,Phoebe Apperson Hearst Elementary School,district,District,Network 10,Traditional,,,yes,PE-8,ES,4640 S LAMON AVE,41.80817,-87.74573,7a,GARFIELD RIDGE,22,150162990252255,,266,240,282,-16,-5.7,3.4,2026-27,34.2,2026-27,60.2,2026-27,1.1,2026-27,0.8,2026-27,0.4,2026-27,0.0,2026-27,0.0,2026-27,0.0,2026-27,75.9,2026-27,24.1,2026-27,43.6,2026-27,*,2024-25,*,2024-25,6930196,2026-27,26053,2026-27,6960342,2025-26,65.0,2026-27,29372,2024-25,20058,2024-25,9314,2024-25,22.3,2024-25,10.9,2024-25,58.3,2024-25,52.3,2024-25,89.2,2024-25,39.9,2024-25,,,,,,,,,,,,,,,,,,,,,,,,,,,U23671,
609983,HEDGES,James Hedges Elementary School,district,District,Network 8,Traditional,,,,PE-8,ES,4747 S WINCHESTER AVE,41.80711,-87.67333,8b,NEW CITY,15,150162990252256,,462,467,504,-42,-8.3,2.4,2026-27,1.5,2026-27,94.6,2026-27,0.2,2026-27,0.0,2026-27,1.3,2026-27,0.0,2026-27,0.0,2026-27,0.0,2026-27,78.4,2026-27,72.1,2026-27,21.9,2026-27,4.2,2024-25,*,2024-25,7469855,2026-27,16169,2026-27,8001826,2025-26,67.0,2026-27,20124,2024-25,12915,2024-25,7209,2024-25,26.1,2024-25,9.7,2024-25,48.5,2024-25,50.9,2024-25,92.8,2024-25,20.4,2024-25,,,,,,,,,,,,,,,,,,,3.0,2024-25,3.0,2024-25,3.0,2024-25,,,U23681,
609985,HEFFERAN,Helen M Hefferan Elementary School,district,District,Network 5,Traditional,,,,PE-8,ES,4409 W WILCOX ST,41.87866,-87.7358,5b,WEST GARFIELD PARK,28,150162990252257,,194,191,208,-14,-6.7,0.5,2026-27,79.9,2026-27,18.0,2026-27,0.0,2026-27,1.0,2026-27,0.5,2026-27,0.0,2026-27,0.0,2026-27,0.0,2026-27,79.9,2026-27,16.0,2026-27,16.5,2026-27,4.7,2024-25,*,2024-25,4468544,2026-27,23034,2026-27,4618749,2025-26,36.5,2026-27,25695,2024-25,17210,2024-25,8485,2024-25,12.4,2024-25,3.3,2024-25,41.1,2024-25,42.5,2024-25,87.9,2024-25,50.0,2024-25,,,,,,,,,,,,,,,,,,,3.0,2024-25,3.0,2024-25,3.0,2024-25,,,U23711,
609986,HENDERSON,Charles R Henderson Elementary School,district,District,Network 8,Traditional,,,,PE-8,ES,5650 S WOLCOTT AVE,41.79059,-87.67189,9a,WEST ENGLEWOOD,15,150162990252258,,224,216,242,-18,-7.4,1.3,2026-27,37.5,2026-27,60.3,2026-27,0.4,2026-27,0.4,2026-27,0.0,2026-27,0.0,2026-27,0.0,2026-27,0.0,2026-27,75.0,2026-27,51.3,2026-27,25.4,2026-27,14.2,2024-25,*,2024-25,4866131,2026-27,21724,2026-27,5632401,2025-26,40.5,2026-27,27609,2024-25,19336,2024-25,8273,2024-25,27.0,2024-25,5.5,2024-25,50.7,2024-25,44.0,2024-25,90.7,2024-25,37.4,2024-25,,,,,,,,,,,,,,,,,,,3.0,2024-25,3.0,2024-25,3.0,2024-25,,,U23721,
609987,HENDRICKS,Thomas A Hendricks Elementary Community Academy,district,District,Network 9,Traditional,,,yes,PE-8,ES,4316 S PRINCETON AVE,41.81579,-87.63366,6b,FULLER PARK,20,150162990252259,,218,206,221,-3,-1.4,1.8,2026-27,82.1,2026-27,14.2,2026-27,1.4,2026-27,0.5,2026-27,0.0,2026-27,0.0,2026-27,0.0,2026-27,0.0,2026-27,81.7,2026-27,12.4,2026-27,31.7,2026-27,7.8,2024-25,*,2024-25,6104756,2026-27,28003,2026-27,5576856,2025-26,54.0,2026-27,29272,2024-25,20253,2024-25,9019,2024-25,12.7,2024-25,8.6,2024-25,37.4,2024-25,33.1,2024-25,85.3,2024-25,62.1,2024-25,,,,,,,,,,,,,,,,,,,3.0,2024-25,3.0,2024-25,4.0,2024-25,,,U31121,
609988,HENRY,Patrick Henry Elementary School,district,District,Network 1,Traditional,,,,PE-8,ES,4250 N SAINT LOUIS AVE,41.95899,-87.71563,3a,IRVING PARK,33,150162990252260,,418,415,436,-18,-4.1,6.0,2026-27,4.3,2026-27,83.0,2026-27,5.3,2026-27,0.5,2026-27,1.0,2026-27,0.0,2026-27,0.0,2026-27,0.0,2026-27,81.3,2026-27,63.2,2026-27,22.7,2026-27,2.5,2024-25,*,2024-25,7516184,2026-27,17981,2026-27,7400610,2025-26,64.0,2026-27,20131,2024-25,13513,2024-25,6618,2024-25,36.1,2024-25,21.0,2024-25,50.1,2024-25,42.4,2024-25,89.8,2024-25,37.5,2024-25,,,,,,,,,,,,,,,,,,,3.0,2024-25,3.0,2024-25,3.0,2024-25,,,U23731,
609990,SOUTH LOOP,South Loop Elementary School,district,District,ISP,Traditional,,exam,,PE-8,ES,1601 S DEARBORN ST,41.85974,-87.62835,8b,NEAR SOUTH SIDE,3,150162990252855,,919,896,846,73,8.6,30.4,2026-27,32.1,2026-27,12.8,2026-27,14.6,2026-27,9.8,2026-27,0.2,2026-27,0.0,2026-27,0.1,2026-27,0.0,2026-27,20.6,2026-27,6.6,2026-27,14.0,2026-27,*,2024-25,*,2024-25,11079082,2026-27,12056,2026-27,10785927,2025-26,96.0,2026-27,16526,2024-25,10530,2024-25,5996,2024-25,75.8,2024-25,56.9,2024-25,64.1,2024-25,52.2,2024-25,93.6,2024-25,18.0,2024-25,,,,,,,,,,,,,,,,,,,3.0,2024-25,3.0,2024-25,4.0,2024-25,,,U23751,
609991,HERZL,Theodore Herzl Elementary School,district,District,Network 7,Traditional,,,yes,PE-8,ES,3711 W DOUGLAS BLVD,41.86208,-87.71899,5b,NORTH LAWNDALE,24,150162990252263,,385,441,427,-42,-9.8,2.1,2026-27,81.6,2026-27,14.5,2026-27,0.0,2026-27,0.3,2026-27,0.8,2026-27,0.3,2026-27,0.3,2026-27,0.3,2026-27,85.7,2026-27,12.7,2026-27,28.8,2026-27,8.2,2024-25,*,2024-25,8452053,2026-27,21953,2026-27,7838783,2025-26,81.0,2026-27,22215,2024-25,15023,2024-25,7191,2024-25,6.8,2024-25,3.3,2024-25,41.7,2024-25,35.2,2024-25,87.5,2024-25,43.3,2024-25,,,,,,,,,,,,,,,,,,,3.0,2024-25,4.0,2024-25,3.0,2024-25,,,U23771,
609993,LARA,Agustin Lara Elementary Academy,district,District,Network 8,Traditional,,,yes,PE-8,ES,4619 S WOLCOTT AVE,41.80977,-87.67218,8b,NEW CITY,15,150162990252900,,359,358,364,-5,-1.4,0.3,2026-27,4.5,2026-27,94.7,2026-27,0.6,2026-27,0.0,2026-27,0.0,2026-27,0.0,2026-27,0.0,2026-27,0.0,2026-27,80.5,2026-27,62.4,2026-27,27.9,2026-27,3.9,2024-25,*,2024-25,8441429,2026-27,23514,2026-27,8923377,2025-26,74.0,2026-27,24606,2024-25,17494,2024-25,7112,2024-25,27.2,2024-25,9.5,2024-25,44.3,2024-25,53.7,2024-25,88.7,2024-25,44.0,2024-25,,,,,,,,,,,,,,,,,,,4.0,2024-25,4.0,2024-25,4.0,2024-25,,,U23791,
609994,HIBBARD,William G Hibbard Elementary School,district,District,Network 1,Traditional,,,,PE-6,ES,3244 W AINSLIE ST,41.97034,-87.71036,2b,ALBANY PARK,33,150162990252265,,783,854,928,-145,-15.6,6.9,2026-27,3.8,2026-27,79.9,2026-27,5.4,2026-27,2.4,2026-27,0.5,2026-27,0.1,2026-27,0.9,2026-27,0.0,2026-27,74.3,2026-27,74.8,2026-27,15.5,2026-27,6.7,2024-25,*,2024-25,11136557,2026-27,14223,2026-27,11808791,2025-26,92.0,2026-27,15735,2024-25,9869,2024-25,5866,2024-25,26.4,2024-25,22.7,2024-25,46.4,2024-25,51.8,2024-25,90.9,2024-25,30.9,2024-25,,,,,,,,,,,,,,,,,,,2.0,2024-25,2.0,2024-25,2.0,2024-25,,,U23801,
609995,HITCH,Rufus M Hitch Elementary School,district,District,Network 1,Traditional,,,,PK-8,ES,5625 N MCVICKER AVE,41.98367,-87.77912,1a,NORWOOD PARK,45,150162990252268,,435,462,490,-55,-11.2,35.4,2026-27,2.5,2026-27,48.0,2026-27,9.2,2026-27,4.6,2026-27,0.0,2026-27,0.2,2026-27,0.0,2026-27,0.0,2026-27,44.4,2026-27,21.4,2026-27,18.9,2026-27,*,2024-25,*,2024-25,7080681,2026-27,16277,2026-27,7343154,2025-26,56.0,2026-27,19086,2024-25,12326,2024-25,6761,2024-25,51.7,2024-25,29.3,2024-25,48.5,2024-25,53.6,2024-25,93.5,2024-25,20.4,2024-25,,,,,,,,,,,,,,,,,,,4.0,2024-25,4.0,2024-25,4.0,2024-25,,,U23811,
609996,HOLDEN,Charles N Holden Elementary School,district,District,ISP,Traditional,,,,PE-8,ES,1104 W 31ST ST,41.83803,-87.65379,7b,BRIDGEPORT,11,150162990252269,,378,394,406,-28,-6.9,20.4,2026-27,14.8,2026-27,48.1,2026-27,11.9,2026-27,4.2,2026-27,0.3,2026-27,0.0,2026-27,0.3,2026-27,0.0,2026-27,64.0,2026-27,29.1,2026-27,15.3,2026-27,7.0,2024-25,*,2024-25,6829975,2026-27,18069,2026-27,6272272,2025-26,59.5,2026-27,19283,2024-25,12776,2024-25,6508,2024-25,43.6,2024-25,41.7,2024-25,40.4,2024-25,62.5,2024-25,89.5,2024-25,38.8,2024-25,,,,,,,,,,,,,,,,,,,3.0,2024-25,3.0,2024-25,3.0,2024-25,,,U23821,
609997,HOLMES,Oliver Wendell Holmes Elementary School,district,District,Network 8,Traditional,,,,PE-8,ES,955 W GARFIELD BLVD,41.79379,-87.6498,9a,ENGLEWOOD,16,150162990252270,,151,152,160,-9,-5.6,2.6,2026-27,51.7,2026-27,45.0,2026-27,0.0,2026-27,0.7,2026-27,0.0,2026-27,0.0,2026-27,0.0,2026-27,0.0,2026-27,82.8,2026-27,34.4,2026-27,28.5,2026-27,*,2024-25,*,2024-25,4486115,2026-27,29709,2026-27,4538576,2025-26,38.0,2026-27,30976,2024-25,22072,2024-25,8903,2024-25,13.3,2024-25,1.2,2024-25,44.3,2024-25,42.0,2024-25,87.3,2024-25,52.3,2024-25,,,,,,,,,,,,,,,,,,,2.0,2024-25,2.0,2024-25,1.0,2024-25,,,U23831,
610000,HOWE,Julia Ward Howe Elementary School of Excellence,district,District,Network 3,Traditional,,,,PE-8,ES,720 N LOREL AVE,41.89361,-87.7594,5a,AUSTIN,37,150162990252273,,299,334,340,-41,-12.1,2.7,2026-27,76.6,2026-27,20.1,2026-27,0.0,2026-27,0.7,2026-27,0.0,2026-27,0.0,2026-27,0.0,2026-27,0.0,2026-27,85.6,2026-27,15.1,2026-27,17.4,2026-27,18.3,2024-25,*,2024-25,6099174,2026-27,20399,2026-27,5945461,2025-26,56.5,2026-27,21845,2024-25,14904,2024-25,6941,2024-25,18.8,2024-25,4.7,2024-25,49.8,2024-25,47.5,2024-25,91.0,2024-25,35.3,2024-25,,,,,,,,,,,,,,,,,,,3.0,2024-25,3.0,2024-25,3.0,2024-25,,,U23851,
610002,HOYNE,Thomas Hoyne Elementary School,district,District,Network 12,Traditional,,,,PE-8,ES,8905 S CRANDON AVE,41.73334,-87.56823,10b,CALUMET HEIGHTS,7,150162990252275,,211,212,231,-20,-8.7,0.0,2026-27,96.7,2026-27,0.9,2026-27,0.0,2026-27,2.4,2026-27,0.0,2026-27,0.0,2026-27,0.0,2026-27,0.0,2026-27,73.0,2026-27,0.5,2026-27,21.3,2026-27,*,2024-25,*,2024-25,4221460,2026-27,20007,2026-27,4443094,2025-26,31.5,2026-27,23717,2024-25,16080,2024-25,7637,2024-25,47.0,2024-25,28.4,2024-25,58.0,2024-25,56.5,2024-25,92.2,2024-25,26.9,2024-25,,,,,,,,,,,,,,,,,,,3.0,2024-25,3.0,2024-25,3.0,2024-25,,,U23871,
610003,CUFFE,Paul Cuffe Math-Science Technology Academy ES,district,District,Network 11,Traditional,,,,PE-8,ES,8324 S RACINE AVE,41.74245,-87.65363,9a,AUBURN GRESHAM,17,150162990252617,,233,248,250,-17,-6.8,0.4,2026-27,96.1,2026-27,3.0,2026-27,0.0,2026-27,0.4,2026-27,0.0,2026-27,0.0,2026-27,0.0,2026-27,0.0,2026-27,82.0,2026-27,1.3,2026-27,26.6,2026-27,*,2024-25,*,2024-25,4871823,2026-27,20909,2026-27,5095453,2025-26,40.0,2026-27,24780,2024-25,17015,2024-25,7765,2024-25,31.0,2024-25,9.6,2024-25,51.6,2024-25,51.8,2024-25,90.5,2024-25,38.0,2024-25,,,,,,,,,,,,,,,,,,,3.0,2024-25,3.0,2024-25,4.0,2024-25,,,U23881,
610004,CULLEN,Countee Cullen Elementary School,district,District,Network 13,Traditional,,,,K-8,ES,10650 S EBERHART AVE,41.70034,-87.61124,9b,ROSELAND,9,150162990252637,,162,173,176,-14,-8.0,0.0,2026-27,96.3,2026-27,3.1,2026-27,0.0,2026-27,0.6,2026-27,0.0,2026-27,0.0,2026-27,0.0,2026-27,0.0,2026-27,82.7,2026-27,0.6,2026-27,19.1,2026-27,*,2024-25,9.2,2024-25,4064528,2026-27,25090,2026-27,4617932,2025-26,34.5,2026-27,25521,2024-25,16934,2024-25,8587,2024-25,37.6,2024-25,15.2,2024-25,52.8,2024-25,44.4,2024-25,93.7,2024-25,19.7,2024-25,,,,,,,,,,,,,,,,,,,4.0,2024-25,4.0,2024-25,3.0,2024-25,,,U23891,
610005,HUGHES C,Charles Evans Hughes Elementary School,district,District,Network 7,Traditional,,,,PE-8,ES,4247 W 15TH ST,41.86052,-87.73178,5b,NORTH LAWNDALE,24,150162990252276,,207,203,172,35,20.3,2.9,2026-27,68.6,2026-27,27.1,2026-27,0.0,2026-27,1.0,2026-27,0.5,2026-27,0.0,2026-27,0.0,2026-27,0.0,2026-27,69.1,2026-27,21.7,2026-27,17.4,2026-27,9.0,2024-25,*,2024-25,4325123,2026-27,20894,2026-27,4235413,2025-26,36.5,2026-27,28245,2024-25,18950,2024-25,9295,2024-25,21.3,2024-25,16.5,2024-25,43.2,2024-25,50.7,2024-25,91.3,2024-25,31.9,2024-25,,,,,,,,,,,,,,,,,,,3.0,2024-25,3.0,2024-25,3.0,2024-25,,,U23901,
610006,HURLEY,Edward N Hurley Elementary School,district,District,Network 10,Traditional,,,,PE-8,ES,3849 W 69TH PL,41.76679,-87.71954,8a,WEST LAWN,23,150162990252280,,738,732,754,-16,-2.1,2.3,2026-27,1.4,2026-27,95.5,2026-27,0.0,2026-27,0.1,2026-27,0.5,2026-27,0.1,2026-27,0.0,2026-27,0.0,2026-27,77.9,2026-27,51.1,2026-27,18.3,2026-27,1.3,2024-25,*,2024-25,10953069,2026-27,14842,2026-27,10643820,2025-26,92.0,2026-27,17478,2024-25,11422,2024-25,6056,2024-25,51.1,2024-25,27.8,2024-25,55.9,2024-25,61.6,2024-25,91.6,2024-25,30.6,2024-25,,,,,,,,,,,,,,,,,,,,,,,,,,,U23911,
610009,GALILEO,Galileo Math & Science Scholastic Academy ES,district,District,Network 6,Traditional,,application,,K-8,ES,820 S CARPENTER ST,41.87125,-87.65337,7a,NEAR WEST SIDE,34,150162990252878,,544,546,550,-6,-1.1,11.0,2026-27,26.5,2026-27,52.4,2026-27,4.6,2026-27,5.3,2026-27,0.0,2026-27,0.0,2026-27,0.0,2026-27,0.2,2026-27,43.2,2026-27,14.0,2026-27,18.6,2026-27,*,2024-25,*,2024-25,8926206,2026-27,16408,2026-27,8369654,2025-26,67.0,2026-27,18261,2024-25,11810,2024-25,6451,2024-25,66.6,2024-25,45.8,2024-25,50.5,2024-25,49.1,2024-25,94.0,2024-25,19.1,2024-25,,,,,,,,,,,,,,,,,,,3.0,2024-25,3.0,2024-25,3.0,2024-25,,,U29141,
610010,JAHN,Friedrich L. Jahn Elementary of the Fine Arts,district,District,Network 4,Traditional,,,,PE-8,ES,3149 N WOLCOTT AVE,41.93925,-87.67581,4b,NORTH CENTER,32,150162990252284,,342,366,358,-16,-4.5,33.0,2026-27,18.7,2026-27,39.5,2026-27,1.5,2026-27,7.0,2026-27,0.3,2026-27,0.0,2026-27,0.0,2026-27,0.0,2026-27,43.6,2026-27,15.2,2026-27,22.5,2026-27,*,2024-25,*,2024-25,6274165,2026-27,18346,2026-27,6597182,2025-26,54.0,2026-27,21044,2024-25,13792,2024-25,7252,2024-25,40.7,2024-25,20.0,2024-25,45.5,2024-25,44.0,2024-25,91.6,2024-25,30.6,2024-25,,,,,,,,,,,,,,,,,,,1.0,2024-25,1.0,2024-25,3.0,2024-25,,,U23921,
610011,JAMIESON,Minnie Mars Jamieson Elementary School,district,District,Network 2,Traditional,,,,PE-8,ES,5650 N MOZART ST,41.98464,-87.70053,2a,WEST RIDGE,50,150162990252285,,851,847,823,28,3.4,22.0,2026-27,9.5,2026-27,29.6,2026-27,34.1,2026-27,3.3,2026-27,1.1,2026-27,0.0,2026-27,0.0,2026-27,0.5,2026-27,59.3,2026-27,41.7,2026-27,14.6,2026-27,*,2024-25,*,2024-25,11880126,2026-27,13960,2026-27,11548588,2025-26,102.0,2026-27,17354,2024-25,11241,2024-25,6113,2024-25,59.6,2024-25,40.9,2024-25,47.4,2024-25,49.0,2024-25,92.8,2024-25,26.0,2024-25,,,,,,,,,,,,,,,,,,,3.0,2024-25,3.0,2024-25,3.0,2024-25,,,U23931,
610013,PILSEN,Pilsen Elementary Community Academy,district,District,Network 7,Traditional,,,,PE-8,ES,1420 W 17TH ST,41.85885,-87.66221,7a,LOWER WEST SIDE,25,150162990252289,,201,214,224,-23,-10.3,0.0,2026-27,11.9,2026-27,85.6,2026-27,1.0,2026-27,0.5,2026-27,1.0,2026-27,0.0,2026-27,0.0,2026-27,0.0,2026-27,75.1,2026-27,46.8,2026-27,22.4,2026-27,14.4,2024-25,*,2024-25,4981544,2026-27,24784,2026-27,4951528,2025-26,44.5,2026-27,27404,2024-25,18948,2024-25,8456,2024-25,22.7,2024-25,9.2,2024-25,53.8,2024-25,40.8,2024-25,91.1,2024-25,31.3,2024-25,,,,,,,,,,,,,,,,,,,3.0,2024-25,3.0,2024-25,3.0,2024-25,,,U31141,
610015,JUNGMAN,Joseph Jungman STEM Magnet Elementary School,district,District,ISP,Traditional,,,yes,PE-8,ES,1746 S MILLER ST,41.85806,-87.6523,7a,LOWER WEST SIDE,25,150162990252292,,300,315,301,-1,-0.3,12.0,2026-27,30.0,2026-27,51.7,2026-27,3.7,2026-27,1.7,2026-27,1.0,2026-27,0.0,2026-27,0.0,2026-27,0.0,2026-27,70.3,2026-27,29.7,2026-27,34.7,2026-27,*,2024-25,*,2024-25,7812649,2026-27,26042,2026-27,8719399,2025-26,66.0,2026-27,28211,2024-25,20113,2024-25,8098,2024-25,45.7,2024-25,25.0,2024-25,43.4,2024-25,45.1,2024-25,89.1,2024-25,35.9,2024-25,,,,,,,,,,,,,,,,,,,3.0,2024-25,3.0,2024-25,3.0,2024-25,,,U23961,
610016,KELLOGG,Kate S Kellogg Elementary School,district,District,Network 10,Traditional,,,,K-8,ES,9241 S LEAVITT ST,41.72526,-87.67723,9b,BEVERLY,19,150162990252293,,309,298,297,12,4.0,14.6,2026-27,73.1,2026-27,9.4,2026-27,0.0,2026-27,2.9,2026-27,0.0,2026-27,0.0,2026-27,0.0,2026-27,0.0,2026-27,27.2,2026-27,2.3,2026-27,18.1,2026-27,*,2024-25,*,2024-25,5148049,2026-27,16660,2026-27,4871496,2025-26,42.5,2026-27,20651,2024-25,13173,2024-25,7478,2024-25,69.9,2024-25,44.9,2024-25,51.9,2024-25,44.4,2024-25,94.6,2024-25,13.1,2024-25,,,,,,,,,,,,,,,,,,,3.0,2024-25,3.0,2024-25,4.0,2024-25,,,U23971,
610017,SAUCEDO,Maria Saucedo STEAM Magnet Academy,district,District,Network 7,Traditional,,application,,PE-8,ES,2850 W 24TH BLVD,41.84794,-87.69732,7a,SOUTH LAWNDALE,24,150162990252829,,834,889,933,-99,-10.6,4.8,2026-27,7.3,2026-27,86.1,2026-27,0.2,2026-27,0.8,2026-27,0.4,2026-27,0.0,2026-27,0.0,2026-27,0.4,2026-27,79.0,2026-27,45.2,2026-27,24.8,2026-27,9.7,2024-25,*,2024-25,14742923,2026-27,17677,2026-27,15678033,2025-26,133.5,2026-27,20224,2024-25,13767,2024-25,6458,2024-25,24.8,2024-25,13.3,2024-25,42.6,2024-25,44.4,2024-25,89.2,2024-25,39.9,2024-25,,,,,,,,,,,,,,,,,,,3.0,2024-25,3.0,2024-25,3.0,2024-25,,,U29151,
610019,KERSHAW,Joshua D Kershaw Elementary School,district,District,Network 11,Traditional,,application,yes,PE-8,ES,6450 S LOWE AVE,41.77645,-87.64089,9a,ENGLEWOOD,16,150162990252294,,219,230,225,-6,-2.7,0.0,2026-27,96.3,2026-27,3.2,2026-27,0.0,2026-27,0.5,2026-27,0.0,2026-27,0.0,2026-27,0.0,2026-27,0.0,2026-27,81.3,2026-27,4.1,2026-27,27.4,2026-27,*,2024-25,*,2024-25,5418791,2026-27,24743,2026-27,5407099,2025-26,43.5,2026-27,30001,2024-25,21093,2024-25,8908,2024-25,38.9,2024-25,17.6,2024-25,53.1,2024-25,41.7,2024-25,91.8,2024-25,24.7,2024-25,,,,,,,,,,,,,,,,,,,4.0,2024-25,4.0,2024-25,4.0,2024-25,,,U23991,
610021,CASALS,Pablo Casals Elementary School,district,District,Network 5,Traditional,,,,PE-8,ES,3501 W POTOMAC AVE,41.9045,-87.71423,3b,HUMBOLDT PARK,26,150162990252862,,321,298,334,-13,-3.9,6.2,2026-27,19.3,2026-27,70.1,2026-27,0.3,2026-27,2.8,2026-27,0.6,2026-27,0.3,2026-27,0.3,2026-27,0.0,2026-27,76.0,2026-27,38.0,2026-27,18.4,2026-27,*,2024-25,*,2024-25,4636944,2026-27,14445,2026-27,5324901,2025-26,38.0,2026-27,20298,2024-25,12937,2024-25,7360,2024-25,66.3,2024-25,53.2,2024-25,65.9,2024-25,61.3,2024-25,92.9,2024-25,25.9,2024-25,,,,,,,,,,,,,,,,,,,4.0,2024-25,4.0,2024-25,3.0,2024-25,,,U24011,
610022,KILMER,Joyce Kilmer Elementary School,district,District,Network 2,Traditional,,,yes,PE-8,ES,6700 N GREENVIEW AVE,42.00364,-87.66822,2a,ROGERS PARK,49,150162990252296,,714,764,796,-82,-10.3,15.7,2026-27,22.4,2026-27,40.6,2026-27,11.6,2026-27,5.7,2026-27,1.0,2026-27,0.3,2026-27,0.0,2026-27,2.7,2026-27,69.7,2026-27,51.3,2026-27,24.8,2026-27,2.8,2024-25,*,2024-25,12532345,2026-27,17552,2026-27,13397031,2025-26,106.0,2026-27,19513,2024-25,12785,2024-25,6728,2024-25,30.5,2024-25,20.0,2024-25,46.6,2024-25,51.1,2024-25,92.0,2024-25,28.8,2024-25,,,,,,,,,,,,,,,,,,,2.0,2024-25,2.0,2024-25,3.0,2024-25,,,U24021,
610024,CARDENAS,Lazaro Cardenas Elementary School,district,District,ISP,Traditional,,,,PE-8,ES,2345 S MILLARD AVE,41.84849,-87.71602,7a,SOUTH LAWNDALE,22,150162990252783,,684,696,770,-86,-11.2,0.7,2026-27,3.2,2026-27,95.5,2026-27,0.0,2026-27,0.3,2026-27,0.0,2026-27,0.0,2026-27,0.3,2026-27,0.0,2026-27,80.6,2026-27,47.7,2026-27,18.1,2026-27,3.5,2024-25,*,2024-25,12096242,2026-27,17685,2026-27,13570294,2025-26,93.0,2026-27,19889,2024-25,13748,2024-25,6141,2024-25,49.9,2024-25,30.7,2024-25,57.6,2024-25,55.8,2024-25,91.8,2024-25,27.4,2024-25,,,,,,,,,,,,,,,,,,,4.0,2024-25,4.0,2024-25,3.0,2024-25,,,U24051,
610026,KINZIE,John H Kinzie Elementary School,district,District,Network 10,Traditional,,,,PE-8,ES,5625 S MOBILE AVE,41.78996,-87.77948,8a,GARFIELD RIDGE,13,150162990252299,,606,625,629,-23,-3.7,16.5,2026-27,2.8,2026-27,78.9,2026-27,1.0,2026-27,0.8,2026-27,0.0,2026-27,0.0,2026-27,0.0,2026-27,0.0,2026-27,49.5,2026-27,13.2,2026-27,27.1,2026-27,*,2024-25,*,2024-25,10768976,2026-27,17771,2026-27,10998821,2025-26,87.5,2026-27,21709,2024-25,14691,2024-25,7018,2024-25,71.9,2024-25,41.5,2024-25,57.3,2024-25,55.4,2024-25,93.1,2024-25,21.7,2024-25,,,,,,,,,,,,,,,,,,,,,,,,,,,U24071,
610027,KIPLING,Rudyard Kipling Elementary School,district,District,Network 11,Traditional,,,,PK-8,ES,9351 S LOWE AVE,41.72363,-87.63952,9b,WASHINGTON HEIGHTS,9,150162990252300,,225,230,232,-7,-3.0,0.0,2026-27,95.1,2026-27,4.4,2026-27,0.0,2026-27,0.4,2026-27,0.0,2026-27,0.0,2026-27,0.0,2026-27,0.0,2026-27,76.4,2026-27,1.8,2026-27,12.4,2026-27,*,2024-25,*,2024-25,4158576,2026-27,18483,2026-27,4462452,2025-26,33.0,2026-27,23372,2024-25,15672,2024-25,7700,2024-25,35.6,2024-25,25.2,2024-25,43.5,2024-25,47.0,2024-25,92.6,2024-25,25.2,2024-25,,,,,,,,,,,,,,,,,,,3.0,2024-25,4.0,2024-25,3.0,2024-25,,,U24081,
610029,LOZANO,Rodolfo Lozano Bilingual & International Ctr ES,district,District,Network 6,Traditional,,,yes,PE-8,ES,1501 N GREENVIEW AVE,41.90889,-87.66509,6a,WEST TOWN,1,150162990252303,,232,242,245,-13,-5.3,9.9,2026-27,28.4,2026-27,56.0,2026-27,0.9,2026-27,3.4,2026-27,1.3,2026-27,0.0,2026-27,0.0,2026-27,0.0,2026-27,65.9,2026-27,34.1,2026-27,36.6,2026-27,17.8,2024-25,*,2024-25,6080173,2026-27,26208,2026-27,5966115,2025-26,55.0,2026-27,30157,2024-25,21284,2024-25,8873,2024-25,16.7,2024-25,4.9,2024-25,36.8,2024-25,45.3,2024-25,85.0,2024-25,59.2,2024-25,,,,,,,,,,,,,,,,,,,4.0,2024-25,4.0,2024-25,3.0,2024-25,,,U24101,
610030,KOZMINSKI,Charles Kozminski Elementary Community Academy,district,District,Network 9,Traditional,,,,PE-8,ES,936 E 54TH ST,41.798,-87.60248,6b,HYDE PARK,5,150162990252304,,225,245,278,-53,-19.1,2.7,2026-27,68.0,2026-27,24.4,2026-27,3.6,2026-27,0.0,2026-27,1.3,2026-27,0.0,2026-27,0.0,2026-27,0.0,2026-27,66.7,2026-27,30.2,2026-27,20.9,2026-27,4.4,2024-25,*,2024-25,5680566,2026-27,25247,2026-27,5574887,2025-26,51.5,2026-27,24938,2024-25,17296,2024-25,7641,2024-25,37.8,2024-25,14.0,2024-25,47.6,2024-25,34.6,2024-25,89.7,2024-25,41.2,2024-25,,,,,,,,,,,,,,,,,,,2.0,2024-25,2.0,2024-25,2.0,2024-25,,,U31151,
610032,GREEN,Wendell E Green Elementary School,district,District,Network 11,Traditional,,,yes,PE-8,ES,1150 W 96TH ST,41.71929,-87.6525,9b,WASHINGTON HEIGHTS,21,150162990252048,,231,250,266,-35,-13.2,0.9,2026-27,94.8,2026-27,3.5,2026-27,0.0,2026-27,0.4,2026-27,0.4,2026-27,0.0,2026-27,0.0,2026-27,0.0,2026-27,78.8,2026-27,1.7,2026-27,36.4,2026-27,9.9,2024-25,*,2024-25,6068048,2026-27,26269,2026-27,7142145,2025-26,48.0,2026-27,28145,2024-25,20166,2024-25,7979,2024-25,38.2,2024-25,12.4,2024-25,51.0,2024-25,43.1,2024-25,92.1,2024-25,28.9,2024-25,,,,,,,,,,,,,,,,,,,4.0,2024-25,3.0,2024-25,3.0,2024-25,,,U24131,
610033,LASALLE,LaSalle Elementary Language Academy,district,District,Network 4,Traditional,,application,,K-8,ES,1734 N ORLEANS ST,41.9139,-87.63756,4b,LINCOLN PARK,43,150162990252306,,456,466,455,1,0.2,33.8,2026-27,38.8,2026-27,14.5,2026-27,6.1,2026-27,6.6,2026-27,0.0,2026-27,0.0,2026-27,0.0,2026-27,0.2,2026-27,33.3,2026-27,1.3,2026-27,15.4,2026-27,*,2024-25,*,2024-25,6391733,2026-27,14017,2026-27,13178744,2025-26,50.5,2026-27,18026,2024-25,11664,2024-25,6362,2024-25,67.9,2024-25,56.7,2024-25,49.8,2024-25,53.9,2024-25,93.5,2024-25,18.6,2024-25,,,,,,,,,,,,,,,,,,,3.0,2024-25,3.0,2024-25,4.0,2024-25,,,U29161,
610034,LAWNDALE,Lawndale Elementary Community Academy,district,District,Network 5,Traditional,,,,PE-8,ES,3500 W DOUGLAS BLVD,41.86296,-87.71296,5b,NORTH LAWNDALE,24,150162990252309,,183,206,196,-13,-6.6,0.0,2026-27,82.5,2026-27,17.5,2026-27,0.0,2026-27,0.0,2026-27,0.0,2026-27,0.0,2026-27,0.0,2026-27,0.0,2026-27,77.0,2026-27,14.2,2026-27,14.2,2026-27,*,2024-25,*,2024-25,4110914,2026-27,22464,2026-27,4313625,2025-26,36.5,2026-27,27642,2024-25,19195,2024-25,8447,2024-25,13.6,2024-25,4.5,2024-25,39.2,2024-25,40.1,2024-25,87.4,2024-25,52.4,2024-25,,,,,,,,,,,,,,,,,,,3.0,2024-25,3.0,2024-25,2.0,2024-25,,,U31161,
610036,LEWIS,Leslie Lewis Elementary School,district,District,Network 3,Traditional,,,,PE-8,ES,1431 N LEAMINGTON AVE,41.90683,-87.75455,5a,AUSTIN,37,150162990252311,,429,405,415,14,3.4,0.2,2026-27,39.6,2026-27,58.0,2026-27,0.0,2026-27,1.4,2026-27,0.2,2026-27,0.0,2026-27,0.0,2026-27,0.5,2026-27,83.4,2026-27,45.5,2026-27,18.6,2026-27,17.8,2024-25,*,2024-25,7864288,2026-27,18332,2026-27,8053129,2025-26,74.0,2026-27,22483,2024-25,15698,2024-25,6786,2024-25,19.3,2024-25,7.4,2024-25,44.4,2024-25,43.5,2024-25,88.5,2024-25,41.8,2024-25,,,,,,,,,,,,,,,,,,,2.0,2024-25,3.0,2024-25,2.0,2024-25,,,U24151,
610037,LIBBY,Arthur A Libby Elementary School,district,District,Network 8,Traditional,,,yes,PE-8,ES,5300 S LOOMIS BLVD,41.79768,-87.65993,9a,NEW CITY,20,150162990252313,,322,302,282,40,14.2,2.5,2026-27,48.8,2026-27,48.4,2026-27,0.0,2026-27,0.3,2026-27,0.0,2026-27,0.0,2026-27,0.0,2026-27,0.0,2026-27,87.6,2026-27,39.8,2026-27,20.8,2026-27,14.3,2024-25,*,2024-25,5790923,2026-27,17984,2026-27,6177079,2025-26,49.0,2026-27,24255,2024-25,16500,2024-25,7755,2024-25,34.6,2024-25,8.3,2024-25,63.1,2024-25,54.8,2024-25,88.5,2024-25,44.5,2024-25,,,,,,,,,,,,,,,,,,,3.0,2024-25,3.0,2024-25,3.0,2024-25,,,U24171,
610038,LINCOLN,Abraham Lincoln Elementary School,district,District,Network 4,Traditional,,,,K-8,ES,615 W KEMPER PL,41.92452,-87.6445,4b,LINCOLN PARK,43,150162990252314,,865,863,859,6,0.7,59.7,2026-27,9.2,2026-27,9.2,2026-27,12.8,2026-27,8.7,2026-27,0.2,2026-27,0.1,2026-27,0.0,2026-27,0.0,2026-27,9.1,2026-27,5.9,2026-27,6.8,2026-27,*,2024-25,*,2024-25,9846643,2026-27,11383,2026-27,10154780,2025-26,73.5,2026-27,14628,2024-25,8985,2024-25,5643,2024-25,86.4,2024-25,80.1,2024-25,57.6,2024-25,54.5,2024-25,94.2,2024-25,14.7,2024-25,,,,,,,,,,,,,,,,,,,3.0,2024-25,3.0,2024-25,4.0,2024-25,,,U24191,
610039,VON LINNE,Carl von Linne Elementary School,district,District,Network 4,Traditional,,,,PK-8,ES,3221 N SACRAMENTO AVE,41.94001,-87.70263,3a,AVONDALE,33,150162990252315,,673,680,685,-12,-1.8,28.1,2026-27,2.8,2026-27,59.7,2026-27,1.2,2026-27,5.3,2026-27,0.9,2026-27,0.1,2026-27,0.0,2026-27,1.8,2026-27,42.1,2026-27,19.6,2026-27,16.5,2026-27,5.5,2024-25,*,2024-25,8877424,2026-27,13191,2026-27,8988721,2025-26,68.0,2026-27,16580,2024-25,10385,2024-25,6195,2024-25,47.6,2024-25,29.0,2024-25,55.7,2024-25,49.0,2024-25,92.8,2024-25,26.9,2024-25,,,,,,,,,,,,,,,,,,,4.0,2024-25,4.0,2024-25,4.0,2024-25,,,U24201,
610040,LLOYD,Henry D Lloyd Elementary School,district,District,Network 3,Traditional,,,,PE-5,ES,2103 N LAMON AVE,41.91881,-87.74852,3b,BELMONT CRAGIN,26,150162990252316,,738,790,840,-102,-12.1,2.0,2026-27,2.6,2026-27,94.7,2026-27,0.1,2026-27,0.5,2026-27,0.0,2026-27,0.0,2026-27,0.0,2026-27,0.0,2026-27,77.2,2026-27,62.6,2026-27,21.1,2026-27,10.5,2024-25,*,2024-25,11999517,2026-27,16260,2026-27,12250667,2025-26,95.5,2026-27,16896,2024-25,10912,2024-25,5984,2024-25,30.1,2024-25,21.7,2024-25,46.8,2024-25,47.6,2024-25,91.8,2024-25,29.9,2024-25,,,,,,,,,,,,,,,,,,,4.0,2024-25,4.0,2024-25,3.0,2024-25,,,U24221,
610041,LOCKE J,Josephine C Locke Elementary School,district,District,Network 3,Traditional,,,,PE-8,ES,2828 N OAK PARK AVE,41.93176,-87.7956,1b,MONTCLARE,36,150162990252317,,967,1022,1090,-123,-11.3,7.7,2026-27,3.3,2026-27,83.9,2026-27,0.7,2026-27,1.9,2026-27,0.1,2026-27,0.0,2026-27,2.5,2026-27,0.0,2026-27,77.6,2026-27,38.1,2026-27,23.0,2026-27,*,2024-25,*,2024-25,14686652,2026-27,15188,2026-27,14347664,2025-26,125.0,2026-27,16933,2024-25,10892,2024-25,6041,2024-25,36.5,2024-25,18.6,2024-25,50.9,2024-25,52.9,2024-25,90.7,2024-25,32.6,2024-25,,,,,,,,,,,,,,,,,,,4.0,2024-25,4.0,2024-25,4.0,2024-25,,,U24231,
610043,LOVETT,Joseph Lovett Elementary School,district,District,Network 3,Traditional,,,,PE-8,ES,6333 W BLOOMINGDALE AVE,41.91272,-87.78392,5a,AUSTIN,29,150162990252319,,322,316,347,-25,-7.2,3.4,2026-27,70.8,2026-27,23.3,2026-27,0.3,2026-27,1.6,2026-27,0.0,2026-27,0.3,2026-27,0.0,2026-27,0.3,2026-27,68.3,2026-27,18.6,2026-27,16.5,2026-27,22.1,2024-25,*,2024-25,5845882,2026-27,18155,2026-27,5546575,2025-26,47.5,2026-27,20106,2024-25,13160,2024-25,6947,2024-25,50.2,2024-25,23.4,2024-25,61.0,2024-25,59.4,2024-25,93.7,2024-25,20.0,2024-25,,,,,,,,,,,,,,,,,,,4.0,2024-25,4.0,2024-25,3.0,2024-25,,,U24241,
610044,LOWELL,James Russell Lowell Elementary School,district,District,Network 5,Traditional,,,yes,PE-8,ES,3320 W HIRSCH ST,41.90652,-87.71022,3b,HUMBOLDT PARK,26,150162990252321,,289,307,314,-25,-8.0,1.7,2026-27,24.2,2026-27,73.4,2026-27,0.0,2026-27,0.3,2026-27,0.3,2026-27,0.0,2026-27,0.0,2026-27,0.0,2026-27,81.0,2026-27,42.2,2026-27,32.2,2026-27,11.4,2024-25,*,2024-25,7356739,2026-27,25456,2026-27,7147712,2025-26,69.0,2026-27,27387,2024-25,18545,2024-25,8842,2024-25,29.1,2024-25,4.7,2024-25,43.2,2024-25,48.8,2024-25,87.1,2024-25,41.8,2024-25,,,,,,,,,,,,,,,,,,,3.0,2024-25,3.0,2024-25,3.0,2024-25,,,U24251,
610046,LYON,Mary Lyon Elementary School,district,District,Network 3,Traditional,,,,PE-8,ES,2941 N MCVICKER AVE,41.93419,-87.77717,1b,BELMONT CRAGIN,30,150162990252323,,889,952,997,-108,-10.8,3.4,2026-27,2.1,2026-27,87.1,2026-27,2.9,2026-27,0.4,2026-27,3.1,2026-27,0.2,2026-27,0.6,2026-27,0.1,2026-27,77.8,2026-27,47.8,2026-27,18.0,2026-27,1.5,2024-25,*,2024-25,13486531,2026-27,15170,2026-27,13530095,2025-26,103.0,2026-27,16658,2024-25,10918,2024-25,5739,2024-25,48.0,2024-25,26.5,2024-25,57.7,2024-25,52.4,2024-25,91.4,2024-25,30.6,2024-25,,,,,,,,,,,,,,,,,,,3.0,2024-25,3.0,2024-25,3.0,2024-25,,,U24281,
610047,MADISON,James Madison Elementary School,district,District,Network 12,Traditional,,,,PE-8,ES,7433 S DORCHESTER AVE,41.75955,-87.59071,10a,SOUTH SHORE,8,150162990252324,,183,179,221,-38,-17.2,0.0,2026-27,84.7,2026-27,14.8,2026-27,0.0,2026-27,0.5,2026-27,0.0,2026-27,0.0,2026-27,0.0,2026-27,0.0,2026-27,82.0,2026-27,13.7,2026-27,29.0,2026-27,6.7,2024-25,*,2024-25,5372322,2026-27,29357,2026-27,5264475,2025-26,48.0,2026-27,26063,2024-25,17991,2024-25,8072,2024-25,34.6,2024-25,7.1,2024-25,54.7,2024-25,46.3,2024-25,85.8,2024-25,52.4,2024-25,,,,,,,,,,,,,,,,,,,4.0,2024-25,3.0,2024-25,3.0,2024-25,,,U24301,
610048,MANIERRE,George Manierre Elementary School,district,District,Network 4,Traditional,,,,PE-8,ES,1420 N HUDSON AVE,41.90825,-87.63983,6a,NEAR NORTH SIDE,27,150162990252326,,233,243,269,-36,-13.4,3.4,2026-27,90.1,2026-27,4.7,2026-27,0.0,2026-27,1.7,2026-27,0.0,2026-27,0.0,2026-27,0.0,2026-27,0.0,2026-27,82.8,2026-27,0.4,2026-27,18.0,2026-27,8.7,2024-25,*,2024-25,5516789,2026-27,23677,2026-27,5624140,2025-26,47.5,2026-27,26315,2024-25,18715,2024-25,7600,2024-25,14.3,2024-25,2.6,2024-25,41.7,2024-25,44.9,2024-25,83.1,2024-25,60.2,2024-25,,,,,,,,,,,,,,,,,,,3.0,2024-25,3.0,2024-25,3.0,2024-25,,,U24311,
610051,NORTHWEST,Northwest Middle School,district,District,Network 3,Traditional,,,,6-8,ES,5252 W PALMER ST,41.92061,-87.75792,3b,BELMONT CRAGIN,36,150162990252915,,493,518,525,-32,-6.1,1.0,2026-27,2.0,2026-27,96.8,2026-27,0.0,2026-27,0.2,2026-27,0.0,2026-27,0.0,2026-27,0.0,2026-27,0.0,2026-27,89.7,2026-27,60.0,2026-27,20.1,2026-27,5.3,2024-25,*,2024-25,7867115,2026-27,15958,2026-27,8759565,2025-26,68.0,2026-27,19053,2024-25,12798,2024-25,6255,2024-25,22.6,2024-25,7.6,2024-25,45.7,2024-25,46.0,2024-25,88.8,2024-25,39.6,2024-25,,,,,,,,,,,,,,,,,,,3.0,2024-25,3.0,2024-25,3.0,2024-25,,,U41121,
610052,MANN,Horace Mann Elementary School,district,District,Network 12,Traditional,,,,PE-8,ES,8050 S CHAPPEL AVE,41.74827,-87.57482,10b,SOUTH CHICAGO,8,150162990252328,,292,272,278,14,5.0,0.0,2026-27,90.4,2026-27,7.9,2026-27,0.0,2026-27,0.3,2026-27,1.0,2026-27,0.0,2026-27,0.0,2026-27,0.3,2026-27,78.1,2026-27,11.0,2026-27,12.0,2026-27,*,2024-25,*,2024-25,4906538,2026-27,16803,2026-27,4557641,2025-26,39.5,2026-27,21209,2024-25,13838,2024-25,7372,2024-25,37.8,2024-25,15.2,2024-25,51.7,2024-25,53.2,2024-25,92.0,2024-25,30.3,2024-25,,,,,,,,,,,,,,,,,,,3.0,2024-25,3.0,2024-25,3.0,2024-25,,,U24331,
610053,MARQUETTE,Marquette Elementary School,district,District,Network 10,Traditional,,,yes,PE-8,ES,6550 S RICHMOND ST,41.77388,-87.69703,8b,CHICAGO LAWN,15,150162990252330,,1014,1051,1025,-11,-1.1,4.3,2026-27,25.8,2026-27,68.7,2026-27,0.0,2026-27,0.3,2026-27,0.5,2026-27,0.1,2026-27,0.0,2026-27,0.2,2026-27,85.5,2026-27,47.6,2026-27,18.7,2026-27,1.2,2024-25,1.0,2024-25,13488931,2026-27,13303,2026-27,13273702,2025-26,122.0,2026-27,16477,2024-25,10563,2024-25,5914,2024-25,42.1,2024-25,23.1,2024-25,61.0,2024-25,57.5,2024-25,93.3,2024-25,20.0,2024-25,,,,,,,,,,,,,,,,,,,3.0,2024-25,3.0,2024-25,3.0,2024-25,,,U24341,
610054,MARSH,John L Marsh Elementary School,district,District,Network 13,Traditional,,,,PE-8,ES,9822 S EXCHANGE AVE,41.71659,-87.55248,10b,SOUTH DEERING,10,150162990252331,,569,585,622,-53,-8.5,2.6,2026-27,14.8,2026-27,80.0,2026-27,0.0,2026-27,0.7,2026-27,1.9,2026-27,0.0,2026-27,0.0,2026-27,0.0,2026-27,80.3,2026-27,34.6,2026-27,24.6,2026-27,2.8,2024-25,*,2024-25,11565527,2026-27,20326,2026-27,10945376,2025-26,103.5,2026-27,19924,2024-25,13077,2024-25,6847,2024-25,37.9,2024-25,23.1,2024-25,48.9,2024-25,56.7,2024-25,91.1,2024-25,32.6,2024-25,,,,,,,,,,,,,,,,,,,2.0,2024-25,2.0,2024-25,3.0,2024-25,,,U24361,
610055,FARADAY,Michael Faraday Elementary School,district,District,Network 5,Traditional,,,,PE-8,ES,3250 W MONROE ST,41.87971,-87.70809,5b,EAST GARFIELD PARK,28,150162990252195,,139,163,180,-41,-22.8,0.7,2026-27,91.4,2026-27,7.2,2026-27,0.0,2026-27,0.7,2026-27,0.0,2026-27,0.0,2026-27,0.0,2026-27,0.0,2026-27,87.8,2026-27,3.6,2026-27,30.9,2026-27,32.0,2024-25,*,2024-25,4754394,2026-27,34204,2026-27,4705604,2025-26,41.5,2026-27,31014,2024-25,21183,2024-25,9831,2024-25,27.8,2024-25,13.3,2024-25,49.3,2024-25,58.8,2024-25,89.1,2024-25,52.6,2024-25,,,,,,,,,,,,,,,,,,,4.0,2024-25,4.0,2024-25,3.0,2024-25,,,U24371,
610056,MASON,Roswell B Mason Elementary School,district,District,Network 7,Traditional,,,,PE-8,ES,1856 S KEELER AVE,41.85503,-87.72981,5b,NORTH LAWNDALE,24,150162990252334,,242,225,238,4,1.7,0.0,2026-27,69.4,2026-27,30.6,2026-27,0.0,2026-27,0.0,2026-27,0.0,2026-27,0.0,2026-27,0.0,2026-27,0.0,2026-27,83.1,2026-27,26.4,2026-27,28.1,2026-27,24.4,2024-25,*,2024-25,5280915,2026-27,21822,2026-27,5688352,2025-26,43.5,2026-27,27274,2024-25,18568,2024-25,8706,2024-25,19.0,2024-25,6.3,2024-25,41.0,2024-25,43.6,2024-25,89.1,2024-25,46.3,2024-25,,,,,,,,,,,,,,,,,,,4.0,2024-25,3.0,2024-25,3.0,2024-25,,,U24381,
610057,FAIRFIELD,Fairfield Elementary Academy,district,District,Network 10,Traditional,,,,PE-8,ES,6201 S FAIRFIELD AVE,41.7809,-87.69212,8b,CHICAGO LAWN,16,150162990252913,,465,465,485,-20,-4.1,0.4,2026-27,16.8,2026-27,80.6,2026-27,0.0,2026-27,0.9,2026-27,1.3,2026-27,0.0,2026-27,0.0,2026-27,0.0,2026-27,86.7,2026-27,58.7,2026-27,15.9,2026-27,*,2024-25,*,2024-25,6833542,2026-27,14696,2026-27,7163473,2025-26,62.5,2026-27,18898,2024-25,12244,2024-25,6654,2024-25,25.9,2024-25,4.9,2024-25,55.1,2024-25,44.2,2024-25,89.3,2024-25,38.6,2024-25,,,,,,,,,,,,,,,,,,,2.0,2024-25,2.0,2024-25,3.0,2024-25,,,U26701,
610059,MAYER,Oscar Mayer Magnet School,district,District,Network 4,Traditional,,application,,PK-8,ES,2250 N CLIFTON AVE,41.9232,-87.65729,4b,LINCOLN PARK,43,150162990252337,,791,777,710,81,11.4,68.1,2026-27,8.3,2026-27,7.7,2026-27,5.6,2026-27,9.4,2026-27,0.1,2026-27,0.5,2026-27,0.0,2026-27,0.3,2026-27,11.3,2026-27,1.5,2026-27,10.7,2026-27,*,2024-25,*,2024-25,10313343,2026-27,13038,2026-27,9461048,2025-26,88.0,2026-27,16970,2024-25,10946,2024-25,6024,2024-25,84.1,2024-25,67.6,2024-25,62.8,2024-25,67.2,2024-25,94.3,2024-25,13.3,2024-25,,,,,,,,,,,,,,,,,,,3.0,2024-25,4.0,2024-25,4.0,2024-25,,,U24401,
610060,CHICAGO WORLD LANGUAGE ACADEMY,Chicago World Language Academy,district,District,Network 6,Traditional,,application,,K-8,ES,1340 W HARRISON ST,41.8743,-87.66098,7a,NEAR WEST SIDE,34,150162990252283,,447,448,450,-3,-0.7,10.7,2026-27,41.4,2026-27,22.1,2026-27,17.4,2026-27,8.1,2026-27,0.0,2026-27,0.0,2026-27,0.0,2026-27,0.2,2026-27,34.7,2026-27,11.6,2026-27,17.0,2026-27,*,2024-25,*,2024-25,6609631,2026-27,14787,2026-27,6292345,2025-26,54.0,2026-27,17084,2024-25,10630,2024-25,6454,2024-25,70.4,2024-25,49.8,2024-25,56.6,2024-25,42.8,2024-25,94.8,2024-25,14.4,2024-25,,,,,,,,,,,,,,,,,,,2.0,2024-25,2.0,2024-25,3.0,2024-25,,,U29171,
610062,MIÑOSO,Minnie Miñoso Academy,district,District,Network 6,Traditional,,,yes,PE-8,ES,3527 S WALLACE ST,41.82999,-87.6411,8b,BRIDGEPORT,11,150162990252339,,270,289,304,-34,-11.2,16.3,2026-27,43.7,2026-27,31.5,2026-27,5.2,2026-27,1.9,2026-27,0.0,2026-27,0.7,2026-27,0.7,2026-27,0.0,2026-27,84.4,2026-27,14.8,2026-27,31.9,2026-27,*,2024-25,*,2024-25,7180856,2026-27,26596,2026-27,7520525,2025-26,64.5,2026-27,29628,2024-25,21514,2024-25,8114,2024-25,41.8,2024-25,14.7,2024-25,49.8,2024-25,41.4,2024-25,90.3,2024-25,39.4,2024-25,,,,,,,,,,,,,,,,,,,3.0,2024-25,3.0,2024-25,3.0,2024-25,,,U24421,
610063,MCCORMICK,Cyrus H McCormick Elementary School,district,District,Network 7,Traditional,,,,PE-5,ES,2712 S SAWYER AVE,41.84227,-87.7063,7a,SOUTH LAWNDALE,22,150162990252341,,428,420,501,-73,-14.6,1.2,2026-27,1.2,2026-27,97.2,2026-27,0.0,2026-27,0.5,2026-27,0.0,2026-27,0.0,2026-27,0.0,2026-27,0.0,2026-27,78.7,2026-27,55.1,2026-27,19.6,2026-27,15.8,2024-25,*,2024-25,8460546,2026-27,19768,2026-27,9773729,2025-26,77.5,2026-27,21967,2024-25,14333,2024-25,7634,2024-25,26.1,2024-25,11.9,2024-25,52.7,2024-25,50.8,2024-25,89.0,2024-25,42.3,2024-25,,,,,,,,,,,,,,,,,,,4.0,2024-25,3.0,2024-25,4.0,2024-25,,,U24431,
610065,TILL,Emmett Louis Till Math and Science Academy,district,District,Network 9,Traditional,,,,PE-8,ES,6543 S CHAMPLAIN AVE,41.77542,-87.60936,6b,WOODLAWN,20,150162990252766,,314,349,369,-55,-14.9,1.0,2026-27,84.7,2026-27,14.0,2026-27,0.0,2026-27,0.3,2026-27,0.0,2026-27,0.0,2026-27,0.0,2026-27,0.0,2026-27,84.4,2026-27,9.9,2026-27,21.0,2026-27,9.3,2024-25,*,2024-25,6337001,2026-27,20182,2026-27,7375188,2025-26,53.0,2026-27,19511,2024-25,12557,2024-25,6954,2024-25,11.0,2024-25,5.1,2024-25,42.6,2024-25,47.7,2024-25,83.0,2024-25,61.8,2024-25,,,,,,,,,,,,,,,,,,,2.0,2024-25,2.0,2024-25,2.0,2024-25,,,U24441,
610066,MCDADE,James E McDade Elementary Classical School,district,District,Network 12,Traditional,,exam,,K-8,ES,8801 S INDIANA AVE,41.73455,-87.61921,10b,CHATHAM,6,150162990252345,,195,202,208,-13,-6.2,2.6,2026-27,89.2,2026-27,4.1,2026-27,0.0,2026-27,3.6,2026-27,0.5,2026-27,0.0,2026-27,0.0,2026-27,0.0,2026-27,30.3,2026-27,0.0,2026-27,4.1,2026-27,*,2024-25,*,2024-25,3226589,2026-27,16547,2026-27,3174726,2025-26,25.0,2026-27,19542,2024-25,11634,2024-25,7908,2024-25,91.6,2024-25,87.0,2024-25,55.6,2024-25,61.7,2024-25,95.6,2024-25,9.1,2024-25,,,,,,,,,,,,,,,,,,,4.0,2024-25,4.0,2024-25,5.0,2024-25,,,U29181,
610067,MCKAY,Francis M McKay Elementary School,district,District,Network 10,Traditional,,,yes,PE-8,ES,6901 S FAIRFIELD AVE,41.76814,-87.69179,8a,CHICAGO LAWN,17,150162990252346,,660,638,620,40,6.5,2.7,2026-27,38.3,2026-27,57.7,2026-27,0.0,2026-27,0.8,2026-27,0.5,2026-27,0.0,2026-27,0.0,2026-27,0.0,2026-27,85.0,2026-27,49.7,2026-27,15.8,2026-27,14.4,2024-25,*,2024-25,10734995,2026-27,16265,2026-27,9720530,2025-26,82.0,2026-27,19193,2024-25,12728,2024-25,6465,2024-25,21.9,2024-25,8.3,2024-25,37.7,2024-25,50.0,2024-25,87.4,2024-25,50.6,2024-25,,,,,,,,,,,,,,,,,,,3.0,2024-25,4.0,2024-25,3.0,2024-25,,,U24451,
610068,HANSON PARK,Hanson Park Elementary School,district,District,Network 3,Traditional,,,yes,PE-8,ES,5411 W FULLERTON AVE,41.92396,-87.76151,3b,BELMONT CRAGIN,36,150162990252726,,1037,1080,1127,-90,-8.0,1.6,2026-27,3.1,2026-27,94.4,2026-27,0.3,2026-27,0.4,2026-27,0.2,2026-27,0.0,2026-27,0.0,2026-27,0.0,2026-27,82.6,2026-27,55.3,2026-27,29.2,2026-27,2.2,2024-25,*,2024-25,21944103,2026-27,21161,2026-27,21611972,2025-26,188.5,2026-27,21561,2024-25,15205,2024-25,6356,2024-25,36.5,2024-25,25.1,2024-25,48.7,2024-25,46.8,2024-25,89.6,2024-25,35.6,2024-25,,,,,,,,,,,,,,,,,,,3.0,2024-25,3.0,2024-25,3.0,2024-25,,,U24461,
610070,MCPHERSON,James B McPherson Elementary School,district,District,Network 2,Traditional,,,yes,PE-8,ES,4728 N WOLCOTT AVE,41.96785,-87.67629,2b,LINCOLN SQUARE,47,150162990252349,,895,832,796,99,12.4,39.3,2026-27,7.7,2026-27,38.2,2026-27,6.0,2026-27,7.9,2026-27,0.8,2026-27,0.0,2026-27,0.0,2026-27,0.0,2026-27,34.9,2026-27,24.2,2026-27,23.4,2026-27,7.1,2024-25,*,2024-25,15207992,2026-27,16992,2026-27,14916832,2025-26,136.0,2026-27,23010,2024-25,15879,2024-25,7130,2024-25,51.7,2024-25,36.4,2024-25,47.6,2024-25,51.9,2024-25,92.5,2024-25,23.0,2024-25,,,,,,,,,,,,,,,,,,,2.0,2024-25,2.0,2024-25,3.0,2024-25,,,U24471,
610073,MITCHELL,Ellen Mitchell Elementary School,district,District,ISP,Traditional,,,,PK-8,ES,2233 W OHIO ST,41.89208,-87.68318,5a,WEST TOWN,36,150162990252353,,463,432,446,17,3.8,60.0,2026-27,6.3,2026-27,23.8,2026-27,5.0,2026-27,5.0,2026-27,0.0,2026-27,0.0,2026-27,0.0,2026-27,0.0,2026-27,24.2,2026-27,8.9,2026-27,16.8,2026-27,2.5,2024-25,*,2024-25,6193486,2026-27,13377,2026-27,6313073,2025-26,52.0,2026-27,17212,2024-25,10676,2024-25,6536,2024-25,64.8,2024-25,53.3,2024-25,51.9,2024-25,56.4,2024-25,94.2,2024-25,15.8,2024-25,,,,,,,,,,,,,,,,,,,3.0,2024-25,4.0,2024-25,4.0,2024-25,,,U24511,
610074,LOGAN SQUARE,Logan Square Elementary School,district,District,Network 4,Traditional,,,,PE-8,ES,3651 W SCHUBERT AVE,41.92999,-87.71922,3a,LOGAN SQUARE,35,150162990252355,,663,659,632,31,4.9,9.4,2026-27,4.4,2026-27,83.4,2026-27,0.9,2026-27,2.0,2026-27,0.0,2026-27,0.0,2026-27,0.0,2026-27,0.0,2026-27,79.6,2026-27,31.2,2026-27,21.1,2026-27,3.7,2024-25,*,2024-25,10248634,2026-27,15458,2026-27,10523394,2025-26,83.0,2026-27,20735,2024-25,14236,2024-25,6498,2024-25,25.4,2024-25,14.0,2024-25,44.9,2024-25,49.7,2024-25,89.2,2024-25,44.1,2024-25,,,,,,,,,,,,,,,,,,,3.0,2024-25,3.0,2024-25,3.0,2024-25,,,U24531,
610076,MOOS,Bernhard Moos Elementary School,district,District,Network 5,Traditional,,,,PK-8,ES,1711 N CALIFORNIA AVE,41.91251,-87.69694,3b,WEST TOWN,26,150162990252356,,434,446,437,-3,-0.7,14.7,2026-27,16.8,2026-27,63.1,2026-27,1.8,2026-27,3.2,2026-27,0.2,2026-27,0.0,2026-27,0.0,2026-27,0.0,2026-27,62.4,2026-27,33.6,2026-27,22.6,2026-27,*,2024-25,*,2024-25,9199845,2026-27,21198,2026-27,11139013,2025-26,78.0,2026-27,22327,2024-25,15312,2024-25,7015,2024-25,33.3,2024-25,13.7,2024-25,53.5,2024-25,51.8,2024-25,90.5,2024-25,33.9,2024-25,,,,,,,,,,,,,,,,,,,2.0,2024-25,2.0,2024-25,3.0,2024-25,,,U24551,
610077,MORRILL,Donald Morrill Math & Science Elementary School,district,District,Network 10,Traditional,,,,PK-8,ES,6011 S ROCKWELL ST,41.78431,-87.68855,8b,CHICAGO LAWN,16,150162990252357,,517,548,598,-81,-13.5,5.0,2026-27,19.3,2026-27,75.4,2026-27,0.0,2026-27,0.0,2026-27,0.2,2026-27,0.0,2026-27,0.0,2026-27,0.0,2026-27,86.7,2026-27,54.7,2026-27,18.0,2026-27,15.2,2024-25,*,2024-25,9040722,2026-27,17487,2026-27,9341215,2025-26,77.0,2026-27,19231,2024-25,12067,2024-25,7164,2024-25,30.8,2024-25,15.7,2024-25,52.8,2024-25,51.8,2024-25,89.8,2024-25,42.5,2024-25,,,,,,,,,,,,,,,,,,,3.0,2024-25,4.0,2024-25,3.0,2024-25,,,U24571,
610078,INTER-AMERICAN,Inter-American Elementary Magnet School,district,District,Network 4,Traditional,,application,,PK-8,ES,851 W WAVELAND AVE,41.949,-87.65157,4a,LAKE VIEW,44,150162990252358,,545,598,618,-73,-11.8,11.2,2026-27,2.9,2026-27,81.8,2026-27,0.4,2026-27,2.9,2026-27,0.2,2026-27,0.2,2026-27,0.0,2026-27,0.4,2026-27,40.9,2026-27,25.3,2026-27,16.1,2026-27,*,2024-25,*,2024-25,9009312,2026-27,16531,2026-27,15683470,2025-26,71.0,2026-27,18204,2024-25,11875,2024-25,6330,2024-25,53.3,2024-25,38.2,2024-25,48.6,2024-25,61.9,2024-25,93.2,2024-25,20.5,2024-25,,,,,,,,,,,,,,,,,,,2.0,2024-25,3.0,2024-25,4.0,2024-25,,,U29191,
610081,SHERIDAN,Mark Sheridan Math & Science Academy,district,District,Network 6,Traditional,,application,,K-8,ES,533 W 27TH ST,41.8444,-87.64134,7b,BRIDGEPORT,11,150162990252451,,504,509,530,-26,-4.9,9.5,2026-27,8.5,2026-27,16.7,2026-27,61.9,2026-27,3.4,2026-27,0.0,2026-27,0.0,2026-27,0.0,2026-27,0.0,2026-27,49.8,2026-27,11.5,2026-27,8.3,2026-27,*,2024-25,*,2024-25,6428977,2026-27,12756,2026-27,6602071,2025-26,48.5,2026-27,16526,2024-25,10272,2024-25,6254,2024-25,75.1,2024-25,70.1,2024-25,51.1,2024-25,61.4,2024-25,95.9,2024-25,9.4,2024-25,,,,,,,,,,,,,,,,,,,3.0,2024-25,4.0,2024-25,4.0,2024-25,,,U29201,
610082,MOUNT GREENWOOD,Mount Greenwood Elementary School,district,District,Network 10,Traditional,,,yes,PE-8,ES,10841 S HOMAN AVE,41.69573,-87.70581,9b,MOUNT GREENWOOD,19,150162990252361,,1157,1151,1178,-21,-1.8,76.3,2026-27,3.2,2026-27,17.7,2026-27,0.7,2026-27,1.6,2026-27,0.3,2026-27,0.0,2026-27,0.1,2026-27,0.0,2026-27,16.1,2026-27,1.4,2026-27,19.3,2026-27,*,2024-25,*,2024-25,13409154,2026-27,11590,2026-27,14625402,2025-26,113.0,2026-27,14619,2024-25,8945,2024-25,5675,2024-25,84.5,2024-25,62.2,2024-25,63.0,2024-25,54.1,2024-25,95.2,2024-25,9.3,2024-25,,,,,,,,,,,,,,,,,,,5.0,2024-25,5.0,2024-25,5.0,2024-25,,,U24591,
610083,BEARD,Daniel C Beard Elementary School,district,District,Network 1,Specialty,sped_specialty,,yes,PE-3,ES,6445 W STRONG ST,41.97012,-87.78963,1a,NORWOOD PARK,41,150162990253760,,378,397,396,-18,-4.5,35.4,2026-27,6.1,2026-27,40.5,2026-27,11.9,2026-27,5.8,2026-27,0.3,2026-27,0.0,2026-27,0.0,2026-27,0.0,2026-27,24.9,2026-27,26.2,2026-27,40.2,2026-27,*,2024-25,*,2024-25,12915741,2026-27,34169,2026-27,12855224,2025-26,129.5,2026-27,36111,2024-25,25993,2024-25,10118,2024-25,,,,,,,,,*,2024-25,,,,,,,,,,,,,,,,,,,,,3.0,2024-25,3.0,2024-25,4.0,2024-25,,,U30051,
610084,KELLER,Annie Keller Regional Gifted Center,district,District,Network 10,Traditional,,exam,,1-8,ES,3020 W 108TH ST,41.69717,-87.69728,9b,MOUNT GREENWOOD,19,150162990252739,,209,217,222,-13,-5.9,12.0,2026-27,26.8,2026-27,12.4,2026-27,43.5,2026-27,5.3,2026-27,0.0,2026-27,0.0,2026-27,0.0,2026-27,0.0,2026-27,38.8,2026-27,2.9,2026-27,2.9,2026-27,*,2024-25,*,2024-25,3037193,2026-27,14532,2026-27,3313619,2025-26,22.0,2026-27,19854,2024-25,12382,2024-25,7472,2024-25,96.4,2024-25,92.8,2024-25,53.3,2024-25,57.3,2024-25,97.0,2024-25,4.5,2024-25,,,,,,,,,,,,,,,,,,,5.0,2024-25,5.0,2024-25,5.0,2024-25,,,U29211,
610086,MOUNT VERNON,Mount Vernon Elementary School,district,District,Network 13,Traditional,,,,PK-8,ES,10540 S MORGAN ST,41.70195,-87.64765,9b,WASHINGTON HEIGHTS,21,150162990252362,,262,237,240,22,9.2,0.4,2026-27,95.4,2026-27,3.1,2026-27,0.4,2026-27,0.8,2026-27,0.0,2026-27,0.0,2026-27,0.0,2026-27,0.0,2026-27,76.7,2026-27,1.9,2026-27,24.0,2026-27,5.3,2024-25,*,2024-25,5063751,2026-27,19327,2026-27,4531540,2025-26,40.5,2026-27,25637,2024-25,17977,2024-25,7660,2024-25,45.5,2024-25,17.4,2024-25,60.9,2024-25,54.8,2024-25,89.3,2024-25,42.1,2024-25,,,,,,,,,,,,,,,,,,,3.0,2024-25,4.0,2024-25,3.0,2024-25,,,U24601,
610087,BLAIR,Blair Early Childhood Center,district,District,Network 10,Specialty,sped_specialty,,yes,PE-1,ES,6751 W 63RD PL,41.77656,-87.7906,8a,CLEARING,13,150162990253761,,249,261,262,-13,-5.0,14.9,2026-27,4.0,2026-27,79.1,2026-27,0.0,2026-27,1.2,2026-27,0.8,2026-27,0.0,2026-27,0.0,2026-27,0.0,2026-27,39.0,2026-27,24.5,2026-27,71.9,2026-27,*,2024-25,*,2024-25,8392313,2026-27,33704,2026-27,8203651,2025-26,75.5,2026-27,38905,2024-25,25433,2024-25,13472,2024-25,,,,,,,,,*,2024-25,,,,,,,,,,,,,,,,,,,,,5.0,2024-25,5.0,2024-25,5.0,2024-25,,,U30071,
610088,MOZART,Wolfgang A Mozart Elementary School,district,District,Network 4,Traditional,,,yes,PK-8,ES,2200 N HAMLIN AVE,41.92091,-87.72189,3b,LOGAN SQUARE,35,150162990252363,,479,495,500,-21,-4.2,6.9,2026-27,5.4,2026-27,81.8,2026-27,0.4,2026-27,0.0,2026-27,1.7,2026-27,0.2,2026-27,0.0,2026-27,3.5,2026-27,81.0,2026-27,64.7,2026-27,21.5,2026-27,6.8,2024-25,*,2024-25,9964446,2026-27,20803,2026-27,10394311,2025-26,89.0,2026-27,21485,2024-25,14721,2024-25,6764,2024-25,34.7,2024-25,11.9,2024-25,57.1,2024-25,51.6,2024-25,89.0,2024-25,43.6,2024-25,,,,,,,,,,,,,,,,,,,3.0,2024-25,3.0,2024-25,3.0,2024-25,,,U24611,
610089,MURPHY,John B Murphy Elementary School,district,District,Network 1,Traditional,,,,PE-8,ES,3539 W GRACE ST,41.95008,-87.71683,3a,IRVING PARK,35,150162990252365,,486,513,516,-30,-5.8,37.0,2026-27,2.5,2026-27,53.5,2026-27,3.1,2026-27,3.3,2026-27,0.4,2026-27,0.0,2026-27,0.0,2026-27,0.2,2026-27,36.8,2026-27,30.0,2026-27,21.8,2026-27,*,2024-25,*,2024-25,8041723,2026-27,16547,2026-27,8299323,2025-26,63.0,2026-27,19309,2024-25,12651,2024-25,6659,2024-25,50.7,2024-25,36.5,2024-25,47.6,2024-25,50.2,2024-25,91.6,2024-25,28.8,2024-25,,,,,,,,,,,,,,,,,,,3.0,2024-25,3.0,2024-25,4.0,2024-25,,,U24621,
610090,MURRAY,Phillip Murray Elementary Language Academy,district,District,Network 9,Traditional,,application,,K-8,ES,5335 S KENWOOD AVE,41.79854,-87.59334,10a,HYDE PARK,5,150162990252366,,451,454,481,-30,-6.2,2.9,2026-27,88.7,2026-27,4.4,2026-27,0.2,2026-27,2.4,2026-27,0.9,2026-27,0.2,2026-27,0.0,2026-27,0.2,2026-27,61.9,2026-27,0.2,2026-27,19.3,2026-27,*,2024-25,*,2024-25,6943213,2026-27,15395,2026-27,6961042,2025-26,55.0,2026-27,16484,2024-25,10185,2024-25,6300,2024-25,52.7,2024-25,15.5,2024-25,42.0,2024-25,41.1,2024-25,92.2,2024-25,23.3,2024-25,,,,,,,,,,,,,,,,,,,3.0,2024-25,2.0,2024-25,3.0,2024-25,,,U29221,
610091,BROWN R,Ronald Brown Elementary Community Academy,district,District,Network 13,Traditional,,,,PE-8,ES,12607 S UNION AVE,41.66487,-87.63896,9b,WEST PULLMAN,9,150162990252367,,311,287,281,30,10.7,0.3,2026-27,96.8,2026-27,2.9,2026-27,0.0,2026-27,0.0,2026-27,0.0,2026-27,0.0,2026-27,0.0,2026-27,0.0,2026-27,76.8,2026-27,1.0,2026-27,23.2,2026-27,9.7,2024-25,*,2024-25,5537742,2026-27,17806,2026-27,5160186,2025-26,46.5,2026-27,22612,2024-25,14596,2024-25,8017,2024-25,45.6,2024-25,9.4,2024-25,57.9,2024-25,44.9,2024-25,91.2,2024-25,31.8,2024-25,,,,,,,,,,,,,,,,,,,3.0,2024-25,3.0,2024-25,3.0,2024-25,,,U24631,
610092,NASH,Henry H Nash Elementary School,district,District,Network 3,Traditional,,,yes,PK-8,ES,4837 W ERIE ST,41.89181,-87.74794,5a,AUSTIN,37,150162990252368,,262,279,258,4,1.6,1.9,2026-27,59.5,2026-27,38.2,2026-27,0.0,2026-27,0.0,2026-27,0.4,2026-27,0.0,2026-27,0.0,2026-27,0.0,2026-27,83.6,2026-27,32.8,2026-27,35.1,2026-27,33.7,2024-25,*,2024-25,7312801,2026-27,27911,2026-27,6854048,2025-26,70.0,2026-27,29337,2024-25,21394,2024-25,7943,2024-25,19.1,2024-25,7.0,2024-25,47.7,2024-25,51.4,2024-25,87.3,2024-25,51.1,2024-25,,,,,,,,,,,,,,,,,,,3.0,2024-25,3.0,2024-25,3.0,2024-25,,,U24641,
610093,NEIL,Jane A Neil Elementary School,district,District,Network 12,Traditional,,,yes,PE-8,ES,8555 S MICHIGAN AVE,41.73841,-87.62093,10b,CHATHAM,6,150162990252369,,238,240,263,-25,-9.5,0.4,2026-27,93.7,2026-27,4.6,2026-27,0.4,2026-27,0.8,2026-27,0.0,2026-27,0.0,2026-27,0.0,2026-27,0.0,2026-27,86.6,2026-27,3.4,2026-27,45.0,2026-27,*,2024-25,*,2024-25,7954378,2026-27,33422,2026-27,7864226,2025-26,75.0,2026-27,35060,2024-25,25657,2024-25,9403,2024-25,28.7,2024-25,5.3,2024-25,38.5,2024-25,42.2,2024-25,88.0,2024-25,44.4,2024-25,,,,,,,,,,,,,,,,,,,3.0,2024-25,3.0,2024-25,3.0,2024-25,,,U24651,
610094,NETTELHORST,Louis Nettelhorst Elementary School,district,District,Network 4,Traditional,,,yes,PK-8,ES,3252 N BROADWAY ST,41.94164,-87.64456,4a,LAKE VIEW,44,150162990252370,,657,653,650,7,1.1,54.8,2026-27,10.7,2026-27,15.7,2026-27,7.5,2026-27,11.4,2026-27,0.0,2026-27,0.0,2026-27,0.0,2026-27,0.0,2026-27,18.3,2026-27,9.7,2026-27,15.5,2026-27,*,2024-25,*,2024-25,10333621,2026-27,15728,2026-27,11772295,2025-26,88.0,2026-27,17843,2024-25,11705,2024-25,6138,2024-25,72.3,2024-25,60.9,2024-25,57.4,2024-25,50.8,2024-25,92.7,2024-25,19.9,2024-25,,,,,,,,,,,,,,,,,,,3.0,2024-25,3.0,2024-25,4.0,2024-25,,,U24661,
610095,NEWBERRY,Walter L Newberry Math & Science Academy ES,district,District,Network 4,Traditional,,application,,PE-8,ES,700 W WILLOW ST,41.91395,-87.64599,4b,LINCOLN PARK,43,150162990252371,,294,294,331,-37,-11.2,2.4,2026-27,78.6,2026-27,15.3,2026-27,0.3,2026-27,3.4,2026-27,0.0,2026-27,0.0,2026-27,0.0,2026-27,0.0,2026-27,69.7,2026-27,7.5,2026-27,22.1,2026-27,3.3,2024-25,*,2024-25,6300830,2026-27,21431,2026-27,6224107,2025-26,55.0,2026-27,22517,2024-25,15268,2024-25,7249,2024-25,39.2,2024-25,21.8,2024-25,45.5,2024-25,52.4,2024-25,88.0,2024-25,48.1,2024-25,,,,,,,,,,,,,,,,,,,3.0,2024-25,3.0,2024-25,3.0,2024-25,,,U29231,
610096,NIGHTINGALE,Florence Nightingale Elementary School,district,District,Network 8,Traditional,,,,PE-8,ES,5250 S ROCKWELL ST,41.79771,-87.68914,7b,GAGE PARK,14,150162990252373,,815,862,918,-103,-11.2,0.9,2026-27,0.4,2026-27,97.5,2026-27,0.1,2026-27,0.0,2026-27,1.1,2026-27,0.0,2026-27,0.0,2026-27,0.0,2026-27,81.6,2026-27,40.5,2026-27,19.8,2026-27,*,2024-25,*,2024-25,12220292,2026-27,14994,2026-27,12602363,2025-26,97.5,2026-27,17600,2024-25,11712,2024-25,5887,2024-25,30.0,2024-25,19.6,2024-25,42.8,2024-25,52.3,2024-25,93.6,2024-25,17.5,2024-25,,,,,,,,,,,,,,,,,,,4.0,2024-25,4.0,2024-25,4.0,2024-25,,,U24671,
610097,NIXON,William P Nixon Elementary School,district,District,Network 4,Traditional,,,,PE-6,ES,2121 N KEELER AVE,41.91958,-87.73142,3b,HERMOSA,35,150162990252374,,590,639,674,-84,-12.5,1.2,2026-27,2.4,2026-27,95.3,2026-27,0.2,2026-27,0.5,2026-27,0.5,2026-27,0.0,2026-27,0.0,2026-27,0.0,2026-27,82.9,2026-27,66.6,2026-27,16.1,2026-27,14.8,2024-25,*,2024-25,9495116,2026-27,16093,2026-27,9956395,2025-26,75.0,2026-27,18322,2024-25,12207,2024-25,6115,2024-25,21.3,2024-25,15.3,2024-25,46.7,2024-25,49.7,2024-25,91.2,2024-25,32.6,2024-25,,,,,,,,,,,,,,,,,,,4.0,2024-25,3.0,2024-25,3.0,2024-25,,,U24681,
610098,NOBEL,Alfred Nobel Elementary School,district,District,ISP,Traditional,,,,PK-8,ES,4127 W HIRSCH ST,41.90616,-87.72995,3b,HUMBOLDT PARK,36,150162990252375,,493,559,594,-101,-17.0,1.2,2026-27,11.6,2026-27,85.4,2026-27,0.4,2026-27,0.0,2026-27,1.2,2026-27,0.2,2026-27,0.0,2026-27,0.0,2026-27,86.6,2026-27,57.2,2026-27,17.6,2026-27,11.2,2024-25,*,2024-25,8220789,2026-27,16675,2026-27,8276916,2025-26,67.0,2026-27,17670,2024-25,11598,2024-25,6072,2024-25,25.7,2024-25,9.9,2024-25,42.4,2024-25,42.2,2024-25,90.2,2024-25,34.3,2024-25,,,,,,,,,,,,,,,,,,,4.0,2024-25,3.0,2024-25,3.0,2024-25,,,U24691,
610099,NORWOOD PARK,Norwood Park Elementary School,district,District,Network 1,Traditional,,,,PK-8,ES,5900 N NINA AVE,41.98815,-87.80298,1a,NORWOOD PARK,41,150162990252376,,296,295,314,-18,-5.7,62.2,2026-27,0.7,2026-27,28.4,2026-27,4.4,2026-27,3.7,2026-27,0.0,2026-27,0.0,2026-27,0.0,2026-27,0.7,2026-27,16.2,2026-27,9.8,2026-27,15.9,2026-27,*,2024-25,*,2024-25,4598873,2026-27,15537,2026-27,4813216,2025-26,34.0,2026-27,21124,2024-25,13637,2024-25,7486,2024-25,67.9,2024-25,48.0,2024-25,43.8,2024-25,56.5,2024-25,93.6,2024-25,18.6,2024-25,,,,,,,,,,,,,,,,,,,4.0,2024-25,4.0,2024-25,5.0,2024-25,,,U24711,
610100,WEST PARK,West Park Elementary Academy,district,District,Network 5,Traditional,,,,PK-8,ES,1425 N TRIPP AVE,41.90691,-87.73244,3b,HUMBOLDT PARK,36,150162990252908,,470,468,443,27,6.1,1.7,2026-27,19.1,2026-27,78.1,2026-27,0.0,2026-27,0.4,2026-27,0.4,2026-27,0.2,2026-27,0.0,2026-27,0.0,2026-27,86.6,2026-27,45.7,2026-27,19.8,2026-27,5.2,2024-25,*,2024-25,8244279,2026-27,17541,2026-27,8138424,2025-26,71.0,2026-27,20940,2024-25,14285,2024-25,6655,2024-25,34.9,2024-25,13.3,2024-25,39.9,2024-25,43.5,2024-25,92.0,2024-25,29.4,2024-25,,,,,,,,,,,,,,,,,,,3.0,2024-25,3.0,2024-25,3.0,2024-25,,,U24721,
610101,OGDEN ES,William B Ogden Elementary School,district,District,Network 15,Traditional,,,,PE-8,ES,24 W WALTON ST,41.89998,-87.6293,6a,NEAR NORTH SIDE,2,150162990252380,,642,717,807,-165,-20.4,14.8,2026-27,52.5,2026-27,14.0,2026-27,8.7,2026-27,9.7,2026-27,0.2,2026-27,0.0,2026-27,0.0,2026-27,0.2,2026-27,53.9,2026-27,13.6,2026-27,18.7,2026-27,13.6,2024-25,*,2024-25,20365670,2026-27,31722,2026-27,20519139,2025-26,168.5,2026-27,18920,2024-25,13171,2024-25,5750,2024-25,33.2,2024-25,21.9,2024-25,44.1,2024-25,42.9,2024-25,88.4,2024-25,43.9,2024-25,,,,,,,,,,,,,,,,,,,,,,,,,,,U24731,
610102,OGLESBY,Richard J Oglesby Elementary School,district,District,Network 11,Traditional,,,,PE-8,ES,7646 S GREEN ST,41.75467,-87.64547,9a,AUBURN GRESHAM,17,150162990252381,,320,290,290,30,10.3,0.6,2026-27,89.1,2026-27,10.0,2026-27,0.0,2026-27,0.0,2026-27,0.0,2026-27,0.0,2026-27,0.0,2026-27,0.3,2026-27,86.6,2026-27,7.8,2026-27,17.5,2026-27,6.8,2024-25,*,2024-25,5138680,2026-27,16058,2026-27,4790314,2025-26,44.5,2026-27,19776,2024-25,12746,2024-25,7030,2024-25,24.4,2024-25,8.4,2024-25,51.6,2024-25,49.9,2024-25,88.8,2024-25,46.9,2024-25,,,,,,,,,,,,,,,,,,,4.0,2024-25,5.0,2024-25,4.0,2024-25,,,U24741,
610103,OKEEFFE,Isabelle C O'Keeffe Elementary School,district,District,Network 12,Traditional,,,,PE-8,ES,6940 S MERRILL AVE,41.7686,-87.57281,10a,SOUTH SHORE,5,150162990252382,,518,570,570,-52,-9.1,0.6,2026-27,76.6,2026-27,16.2,2026-27,0.0,2026-27,1.4,2026-27,0.0,2026-27,0.0,2026-27,0.2,2026-27,5.0,2026-27,81.7,2026-27,13.5,2026-27,17.8,2026-27,6.5,2024-25,*,2024-25,8660579,2026-27,16719,2026-27,7575676,2025-26,78.0,2026-27,18275,2024-25,11590,2024-25,6685,2024-25,26.8,2024-25,8.7,2024-25,48.7,2024-25,41.4,2024-25,85.1,2024-25,58.5,2024-25,,,,,,,,,,,,,,,,,,,2.0,2024-25,2.0,2024-25,2.0,2024-25,,,U24751,
610104,ONAHAN,William J Onahan Elementary School,district,District,Network 1,Traditional,,,,PK-8,ES,6634 W RAVEN ST,41.99379,-87.79311,1a,NORWOOD PARK,41,150162990252383,,580,631,652,-72,-11.0,57.9,2026-27,2.2,2026-27,32.9,2026-27,3.1,2026-27,3.1,2026-27,0.3,2026-27,0.2,2026-27,0.0,2026-27,0.2,2026-27,31.6,2026-27,10.9,2026-27,19.5,2026-27,1.5,2024-25,*,2024-25,8396583,2026-27,14477,2026-27,9944580,2025-26,63.0,2026-27,17979,2024-25,11659,2024-25,6320,2024-25,68.3,2024-25,50.5,2024-25,62.6,2024-25,51.8,2024-25,94.2,2024-25,14.2,2024-25,,,,,,,,,,,,,,,,,,,4.0,2024-25,3.0,2024-25,4.0,2024-25,,,U24761,
610105,ORIOLE PARK,Oriole Park Elementary School,district,District,Network 1,Traditional,,,,PE-8,ES,5424 N OKETO AVE,41.9785,-87.81205,1a,NORWOOD PARK,41,150162990252384,,591,591,615,-24,-3.9,61.3,2026-27,0.8,2026-27,27.1,2026-27,6.3,2026-27,4.4,2026-27,0.2,2026-27,0.0,2026-27,0.0,2026-27,0.0,2026-27,23.4,2026-27,12.0,2026-27,16.4,2026-27,*,2024-25,*,2024-25,8887642,2026-27,15038,2026-27,8659278,2025-26,73.0,2026-27,17595,2024-25,11348,2024-25,6246,2024-25,70.0,2024-25,61.2,2024-25,46.5,2024-25,57.5,2024-25,93.3,2024-25,19.7,2024-25,,,,,,,,,,,,,,,,,,,4.0,2024-25,4.0,2024-25,4.0,2024-25,,,U24771,
610106,PICCOLO,Brian Piccolo Elementary Specialty School,district,District,Network 5,Traditional,,,,PE-8,ES,1040 N KEELER AVE,41.90014,-87.73126,3b,HUMBOLDT PARK,37,150162990252385,,582,600,645,-63,-9.8,2.9,2026-27,27.3,2026-27,67.9,2026-27,0.0,2026-27,0.3,2026-27,0.2,2026-27,1.4,2026-27,0.0,2026-27,0.0,2026-27,84.7,2026-27,55.0,2026-27,16.5,2026-27,5.8,2024-25,*,2024-25,9144537,2026-27,15712,2026-27,9337655,2025-26,80.0,2026-27,19319,2024-25,12876,2024-25,6443,2024-25,29.9,2024-25,10.2,2024-25,58.5,2024-25,44.0,2024-25,91.3,2024-25,34.6,2024-25,,,,,,,,,,,,,,,,,,,3.0,2024-25,3.0,2024-25,3.0,2024-25,,,U24781,
610107,OTIS,James Otis Elementary School,district,District,Network 6,Traditional,,,yes,PE-8,ES,525 N ARMOUR ST,41.89181,-87.66543,5b,WEST TOWN,1,150162990252386,,293,323,364,-71,-19.5,6.8,2026-27,31.7,2026-27,56.3,2026-27,2.7,2026-27,2.0,2026-27,0.3,2026-27,0.0,2026-27,0.0,2026-27,0.0,2026-27,79.2,2026-27,35.8,2026-27,43.3,2026-27,15.3,2024-25,*,2024-25,8647531,2026-27,29514,2026-27,8213821,2025-26,81.0,2026-27,28414,2024-25,19672,2024-25,8742,2024-25,22.4,2024-25,9.2,2024-25,44.4,2024-25,45.4,2024-25,89.4,2024-25,44.0,2024-25,,,,,,,,,,,,,,,,,,,2.0,2024-25,2.0,2024-25,2.0,2024-25,,,U24791,
610108,OTOOLE,Luke O'Toole Elementary School,district,District,Network 11,Traditional,,,,PE-8,ES,6550 S SEELEY AVE,41.77457,-87.67486,9a,WEST ENGLEWOOD,16,150162990252387,,290,325,311,-21,-6.8,4.8,2026-27,46.6,2026-27,47.6,2026-27,0.0,2026-27,0.0,2026-27,0.3,2026-27,0.0,2026-27,0.0,2026-27,0.7,2026-27,84.8,2026-27,34.5,2026-27,18.3,2026-27,*,2024-25,*,2024-25,6127485,2026-27,21129,2026-27,5257170,2025-26,48.5,2026-27,20160,2024-25,13138,2024-25,7022,2024-25,18.4,2024-25,9.7,2024-25,39.0,2024-25,45.7,2024-25,86.7,2024-25,55.4,2024-25,,,,,,,,,,,,,,,,,,,3.0,2024-25,3.0,2024-25,3.0,2024-25,,,U24801,
610109,OWEN,William Bishop Owen Scholastic Academy ES,district,District,Network 10,Traditional,,application,,PE-8,ES,8247 S CHRISTIANA AVE,41.74285,-87.70575,8a,ASHBURN,18,150162990252389,,249,252,283,-34,-12.0,0.0,2026-27,89.2,2026-27,8.8,2026-27,0.0,2026-27,1.6,2026-27,0.0,2026-27,0.4,2026-27,0.0,2026-27,0.0,2026-27,54.6,2026-27,2.8,2026-27,12.9,2026-27,4.6,2024-25,*,2024-25,4378860,2026-27,17586,2026-27,4574666,2025-26,37.0,2026-27,21333,2024-25,14064,2024-25,7269,2024-25,44.9,2024-25,19.8,2024-25,50.2,2024-25,45.6,2024-25,94.0,2024-25,16.0,2024-25,,,,,,,,,,,,,,,,,,,1.0,2024-25,1.0,2024-25,2.0,2024-25,,,U29241,
610110,WELLS ES,Ida B Wells Preparatory Elementary Academy,district,District,Network 9,Traditional,,,,PK-8,ES,249 E 37TH ST,41.82736,-87.61978,6b,DOUGLAS,3,150162990252902,,333,298,312,21,6.7,0.6,2026-27,93.7,2026-27,2.4,2026-27,0.0,2026-27,2.4,2026-27,0.3,2026-27,0.0,2026-27,0.0,2026-27,0.6,2026-27,72.7,2026-27,0.6,2026-27,15.9,2026-27,4.5,2024-25,*,2024-25,5854362,2026-27,17581,2026-27,6090868,2025-26,47.5,2026-27,22776,2024-25,15549,2024-25,7227,2024-25,53.6,2024-25,21.4,2024-25,57.6,2024-25,54.2,2024-25,93.4,2024-25,21.4,2024-25,,,,,,,,,,,,,,,,,,,4.0,2024-25,4.0,2024-25,4.0,2024-25,,,U24811,
610111,PALMER,John Palmer Elementary School,district,District,ISP,Traditional,,,,PE-8,ES,5051 N KENNETH AVE,41.97329,-87.73921,1b,ALBANY PARK,39,150162990252391,,763,753,746,17,2.3,37.7,2026-27,1.6,2026-27,41.7,2026-27,15.2,2026-27,3.5,2026-27,0.3,2026-27,0.0,2026-27,0.0,2026-27,0.0,2026-27,58.3,2026-27,41.4,2026-27,15.1,2026-27,*,2024-25,*,2024-25,10646657,2026-27,13954,2026-27,11197930,2025-26,89.0,2026-27,17899,2024-25,11949,2024-25,5950,2024-25,45.6,2024-25,25.7,2024-25,47.6,2024-25,53.1,2024-25,91.2,2024-25,28.0,2024-25,,,,,,,,,,,,,,,,,,,,,,,,,,,U24821,
610112,PARKER,Francis W Parker Elementary Community Academy,district,District,Network 11,Traditional,,,,PE-8,ES,6800 S STEWART AVE,41.77078,-87.63409,6b,ENGLEWOOD,6,150162990252392,,333,336,362,-29,-8.0,0.3,2026-27,95.5,2026-27,3.0,2026-27,0.0,2026-27,0.9,2026-27,0.3,2026-27,0.0,2026-27,0.0,2026-27,0.0,2026-27,82.6,2026-27,2.7,2026-27,22.5,2026-27,24.6,2024-25,*,2024-25,8811678,2026-27,26461,2026-27,8598946,2025-26,75.5,2026-27,23949,2024-25,17167,2024-25,6782,2024-25,24.4,2024-25,5.5,2024-25,45.4,2024-25,38.3,2024-25,87.9,2024-25,50.2,2024-25,,,,,,,,,,,,,,,,,,,4.0,2024-25,4.0,2024-25,3.0,2024-25,,,U31181,
610115,PARK MANOR,Park Manor Elementary School,district,District,Network 12,Traditional,,,,PE-8,ES,7037 S RHODES AVE,41.76648,-87.61155,6b,GREATER GRAND CROSSING,6,150162990252394,,322,328,313,9,2.9,0.6,2026-27,88.8,2026-27,9.6,2026-27,0.0,2026-27,0.3,2026-27,0.0,2026-27,0.6,2026-27,0.0,2026-27,0.0,2026-27,86.6,2026-27,9.0,2026-27,16.8,2026-27,9.9,2024-25,*,2024-25,6100291,2026-27,18945,2026-27,6035651,2025-26,54.5,2026-27,21822,2024-25,14641,2024-25,7182,2024-25,27.0,2024-25,6.8,2024-25,53.4,2024-25,50.9,2024-25,86.8,2024-25,53.2,2024-25,,,,,,,,,,,,,,,,,,,3.0,2024-25,3.0,2024-25,3.0,2024-25,,,U24841,
610116,PARKSIDE,Parkside Elementary Community Academy,district,District,Network 12,Traditional,,,,PE-8,ES,6938 S EAST END AVE,41.76856,-87.58295,10a,SOUTH SHORE,5,150162990252395,,286,277,283,3,1.1,0.3,2026-27,91.6,2026-27,7.3,2026-27,0.0,2026-27,0.7,2026-27,0.0,2026-27,0.0,2026-27,0.0,2026-27,0.0,2026-27,78.7,2026-27,5.2,2026-27,13.6,2026-27,7.4,2024-25,*,2024-25,4994703,2026-27,17464,2026-27,5918940,2025-26,41.5,2026-27,20348,2024-25,12945,2024-25,7403,2024-25,30.4,2024-25,8.8,2024-25,44.7,2024-25,47.7,2024-25,86.2,2024-25,52.1,2024-25,,,,,,,,,,,,,,,,,,,3.0,2024-25,3.0,2024-25,2.0,2024-25,,,U31201,
610117,PASTEUR,Louis Pasteur Elementary School,district,District,Network 8,Traditional,,,,PE-4,ES,5825 S KOSTNER AVE,41.7869,-87.73267,8a,WEST ELSDON,13,150162990252396,,547,581,615,-68,-11.1,2.4,2026-27,0.7,2026-27,95.2,2026-27,0.4,2026-27,0.7,2026-27,0.5,2026-27,0.0,2026-27,0.0,2026-27,0.0,2026-27,72.8,2026-27,39.3,2026-27,20.1,2026-27,1.8,2024-25,*,2024-25,9362233,2026-27,17116,2026-27,9804812,2025-26,78.0,2026-27,20677,2024-25,13687,2024-25,6990,2024-25,56.3,2024-25,60.3,2024-25,66.8,2024-25,61.1,2024-25,92.0,2024-25,29.4,2024-25,,,,,,,,,,,,,,,,,,,4.0,2024-25,4.0,2024-25,4.0,2024-25,,,U24851,
610120,PECK,Ferdinand Peck Elementary School,district,District,ISP,Traditional,,,,PE-4,ES,3826 W 58TH ST,41.7879,-87.71922,7b,WEST ELSDON,23,150162990252398,,666,678,774,-108,-14.0,1.1,2026-27,0.8,2026-27,97.7,2026-27,0.0,2026-27,0.2,2026-27,0.0,2026-27,0.0,2026-27,0.3,2026-27,0.0,2026-27,61.6,2026-27,69.5,2026-27,21.2,2026-27,*,2024-25,*,2024-25,10634137,2026-27,15967,2026-27,11050928,2025-26,96.0,2026-27,17901,2024-25,11875,2024-25,6026,2024-25,37.1,2024-25,26.2,2024-25,51.2,2024-25,51.7,2024-25,91.9,2024-25,29.5,2024-25,,,,,,,,,,,,,,,,,,,3.0,2024-25,3.0,2024-25,4.0,2024-25,,,U24871,
610121,IRVING,Washington Irving Elementary School,district,District,Network 6,Traditional,,,,PE-8,ES,749 S OAKLEY BLVD,41.8716,-87.68362,5b,NEAR WEST SIDE,28,150162990252281,,252,284,310,-58,-18.7,3.6,2026-27,81.7,2026-27,11.5,2026-27,1.6,2026-27,1.6,2026-27,0.0,2026-27,0.0,2026-27,0.0,2026-27,0.0,2026-27,77.8,2026-27,6.0,2026-27,22.6,2026-27,9.1,2024-25,*,2024-25,5200711,2026-27,20638,2026-27,11771606,2025-26,46.5,2026-27,21602,2024-25,14186,2024-25,7416,2024-25,24.0,2024-25,4.2,2024-25,45.1,2024-25,38.3,2024-25,87.0,2024-25,52.3,2024-25,,,,,,,,,,,,,,,,,,,3.0,2024-25,2.0,2024-25,2.0,2024-25,,,U24881,
610122,PEIRCE,Helen Peirce International Studies ES,district,District,Network 2,Traditional,,,,PE-8,ES,1423 W BRYN MAWR AVE,41.98346,-87.66585,2b,EDGEWATER,48,150162990252399,,1051,1093,1119,-68,-6.1,52.6,2026-27,7.2,2026-27,25.3,2026-27,4.9,2026-27,9.1,2026-27,0.8,2026-27,0.0,2026-27,0.0,2026-27,0.0,2026-27,24.7,2026-27,14.8,2026-27,19.4,2026-27,*,2024-25,*,2024-25,13851916,2026-27,13180,2026-27,14868846,2025-26,116.0,2026-27,16265,2024-25,10288,2024-25,5978,2024-25,53.1,2024-25,35.2,2024-25,45.6,2024-25,45.3,2024-25,92.1,2024-25,26.5,2024-25,,,,,,,,,,,,,,,,,,,,,,,,,,,U24891,
610123,PENN,William Penn Elementary School,district,District,Network 7,Traditional,,,yes,PE-8,ES,1616 S AVERS AVE,41.85837,-87.72239,5b,NORTH LAWNDALE,24,150162990252400,,158,184,217,-59,-27.2,0.0,2026-27,86.7,2026-27,12.0,2026-27,0.6,2026-27,0.6,2026-27,0.0,2026-27,0.0,2026-27,0.0,2026-27,0.0,2026-27,72.2,2026-27,5.7,2026-27,32.9,2026-27,*,2024-25,*,2024-25,4936487,2026-27,31244,2026-27,5320597,2025-26,41.5,2026-27,30694,2024-25,21346,2024-25,9348,2024-25,11.5,2024-25,3.9,2024-25,35.7,2024-25,32.1,2024-25,82.9,2024-25,58.5,2024-25,,,,,,,,,,,,,,,,,,,,,,,,,,,U24911,
610124,WASHINGTON H ES,Harold Washington Elementary School,district,District,Network 12,Traditional,,,,PK-8,ES,9130 S UNIVERSITY AVE,41.72853,-87.59626,10b,BURNSIDE,8,150162990252401,,264,262,274,-10,-3.6,0.4,2026-27,89.0,2026-27,8.7,2026-27,0.0,2026-27,1.9,2026-27,0.0,2026-27,0.0,2026-27,0.0,2026-27,0.0,2026-27,82.2,2026-27,4.9,2026-27,19.3,2026-27,4.4,2024-25,*,2024-25,5241683,2026-27,19855,2026-27,6387743,2025-26,43.5,2026-27,22281,2024-25,15052,2024-25,7229,2024-25,32.9,2024-25,5.2,2024-25,39.1,2024-25,46.8,2024-25,88.7,2024-25,43.0,2024-25,,,,,,,,,,,,,,,,,,,3.0,2024-25,3.0,2024-25,3.0,2024-25,,,U24921,
610125,RUIZ,Irma C Ruiz Elementary School,district,District,Network 7,Traditional,,,,PE-8,ES,2410 S LEAVITT ST,41.8481,-87.68074,7a,LOWER WEST SIDE,25,150162990252867,,401,446,468,-67,-14.3,2.7,2026-27,6.2,2026-27,90.5,2026-27,0.2,2026-27,0.0,2026-27,0.2,2026-27,0.0,2026-27,0.0,2026-27,0.0,2026-27,73.8,2026-27,44.4,2026-27,36.9,2026-27,3.2,2024-25,*,2024-25,8448929,2026-27,21070,2026-27,8830804,2025-26,72.0,2026-27,23545,2024-25,16136,2024-25,7409,2024-25,32.4,2024-25,15.9,2024-25,43.2,2024-25,53.8,2024-25,89.3,2024-25,40.9,2024-25,,,,,,,,,,,,,,,,,,,3.0,2024-25,3.0,2024-25,3.0,2024-25,,,U24931,
610126,PERSHING,John J Pershing STEAM Magnet Elementary School,district,District,Network 9,Traditional,,application,,PE-8,ES,3200 S CALUMET AVE,41.83653,-87.61834,6b,DOUGLAS,4,150162990252402,,339,380,441,-102,-23.1,1.8,2026-27,87.3,2026-27,5.3,2026-27,4.7,2026-27,0.9,2026-27,0.0,2026-27,0.0,2026-27,0.0,2026-27,0.0,2026-27,71.4,2026-27,11.2,2026-27,19.5,2026-27,3.7,2024-25,*,2024-25,6742818,2026-27,19890,2026-27,22524521,2025-26,53.0,2026-27,21245,2024-25,14585,2024-25,6659,2024-25,29.6,2024-25,7.9,2024-25,48.8,2024-25,38.6,2024-25,89.1,2024-25,43.2,2024-25,,,,,,,,,,,,,,,,,,,2.0,2024-25,3.0,2024-25,3.0,2024-25,,,U29251,
610127,PETERSON,Mary Gage Peterson Elementary School,district,District,Network 1,Traditional,,,,PE-8,ES,5510 N CHRISTIANA AVE,41.98156,-87.71258,2b,NORTH PARK,39,150162990252403,,877,877,917,-40,-4.4,23.3,2026-27,9.5,2026-27,35.6,2026-27,27.0,2026-27,3.9,2026-27,0.5,2026-27,0.0,2026-27,0.3,2026-27,0.0,2026-27,55.1,2026-27,40.8,2026-27,12.8,2026-27,1.4,2024-25,*,2024-25,11383603,2026-27,12980,2026-27,11630792,2025-26,97.0,2026-27,16381,2024-25,10442,2024-25,5939,2024-25,49.3,2024-25,37.3,2024-25,52.6,2024-25,53.5,2024-25,92.2,2024-25,27.7,2024-25,,,,,,,,,,,,,,,,,,,2.0,2024-25,2.0,2024-25,3.0,2024-25,,,U24941,
610128,GARVEY,Marcus Moziah Garvey Elementary School,district,District,Network 13,Traditional,,,,PE-8,ES,10309 S MORGAN ST,41.7066,-87.64758,9b,WASHINGTON HEIGHTS,21,150162990252773,,254,262,256,-2,-0.8,0.4,2026-27,91.3,2026-27,6.7,2026-27,0.0,2026-27,1.6,2026-27,0.0,2026-27,0.0,2026-27,0.0,2026-27,0.0,2026-27,85.4,2026-27,3.5,2026-27,11.4,2026-27,4.2,2024-25,*,2024-25,4043928,2026-27,15921,2026-27,4098692,2025-26,32.0,2026-27,22258,2024-25,14925,2024-25,7333,2024-25,36.1,2024-25,9.7,2024-25,45.6,2024-25,50.2,2024-25,91.3,2024-25,31.9,2024-25,,,,,,,,,,,,,,,,,,,2.0,2024-25,2.0,2024-25,2.0,2024-25,,,U24951,
610129,PICKARD,Josiah Pickard Elementary School,district,District,Network 7,Traditional,,,,PE-8,ES,2301 W 21ST PL,41.8529,-87.68329,7a,LOWER WEST SIDE,25,150162990252404,,279,284,322,-43,-13.4,8.2,2026-27,6.5,2026-27,83.2,2026-27,0.4,2026-27,1.1,2026-27,0.7,2026-27,0.0,2026-27,0.0,2026-27,0.0,2026-27,74.2,2026-27,44.4,2026-27,21.5,2026-27,9.4,2024-25,*,2024-25,6200850,2026-27,22225,2026-27,14003237,2025-26,53.5,2026-27,24152,2024-25,16457,2024-25,7695,2024-25,61.3,2024-25,30.1,2024-25,54.1,2024-25,49.9,2024-25,91.7,2024-25,32.7,2024-25,,,,,,,,,,,,,,,,,,,3.0,2024-25,3.0,2024-25,4.0,2024-25,,,U24961,
610130,PIRIE,John T Pirie Fine Arts & Academic Center ES,district,District,Network 12,Traditional,,,,PE-6,ES,650 E 85TH ST,41.74034,-87.60789,10b,CHATHAM,6,150162990252405,,175,197,213,-38,-17.8,0.0,2026-27,96.6,2026-27,2.9,2026-27,0.0,2026-27,0.6,2026-27,0.0,2026-27,0.0,2026-27,0.0,2026-27,0.0,2026-27,76.0,2026-27,1.7,2026-27,12.6,2026-27,*,2024-25,*,2024-25,4023861,2026-27,22993,2026-27,4002848,2025-26,35.0,2026-27,23144,2024-25,15088,2024-25,8056,2024-25,25.7,2024-25,11.0,2024-25,50.2,2024-25,32.6,2024-25,87.0,2024-25,42.0,2024-25,,,,,,,,,,,,,,,,,,,3.0,2024-25,3.0,2024-25,2.0,2024-25,,,U24971,
610131,PLAMONDON,Ambrose Plamondon Elementary School,district,District,ISP,Traditional,,,,K-8,ES,2642 W 15TH PL,41.86026,-87.69253,5b,NORTH LAWNDALE,28,150162990252406,,66,90,91,-25,-27.5,3.0,2026-27,24.2,2026-27,68.2,2026-27,0.0,2026-27,3.0,2026-27,0.0,2026-27,1.5,2026-27,0.0,2026-27,0.0,2026-27,80.3,2026-27,34.8,2026-27,30.3,2026-27,*,2024-25,*,2024-25,3802807,2026-27,57618,2026-27,3516736,2025-26,30.5,2026-27,37273,2024-25,26021,2024-25,11252,2024-25,29.8,2024-25,19.3,2024-25,45.8,2024-25,46.5,2024-25,92.4,2024-25,28.8,2024-25,,,,,,,,,,,,,,,,,,,3.0,2024-25,4.0,2024-25,4.0,2024-25,,,U24981,
610132,POE,Edgar Allan Poe Elementary Classical School,district,District,Network 13,Traditional,,exam,,K-8,ES,10538 S LANGLEY AVE,41.70263,-87.60642,10b,PULLMAN,9,150162990252809,,215,223,224,-9,-4.0,1.9,2026-27,87.0,2026-27,6.5,2026-27,0.0,2026-27,4.7,2026-27,0.0,2026-27,0.0,2026-27,0.0,2026-27,0.0,2026-27,35.3,2026-27,0.0,2026-27,4.7,2026-27,*,2024-25,*,2024-25,3238591,2026-27,15063,2026-27,3706887,2025-26,24.0,2026-27,21515,2024-25,14087,2024-25,7428,2024-25,93.8,2024-25,80.1,2024-25,66.5,2024-25,60.7,2024-25,95.6,2024-25,9.3,2024-25,,,,,,,,,,,,,,,,,,,2.0,2024-25,2.0,2024-25,3.0,2024-25,,,U29261,
610133,WARD L,Laura S Ward Elementary School,district,District,Network 5,Traditional,,,yes,PE-8,ES,646 N LAWNDALE AVE,41.89324,-87.7188,5a,HUMBOLDT PARK,27,150162990252767,,267,280,277,-10,-3.6,1.5,2026-27,62.9,2026-27,33.0,2026-27,0.0,2026-27,2.2,2026-27,0.4,2026-27,0.0,2026-27,0.0,2026-27,0.0,2026-27,87.3,2026-27,27.0,2026-27,30.3,2026-27,16.2,2024-25,*,2024-25,6434017,2026-27,24097,2026-27,6328559,2025-26,56.5,2026-27,27081,2024-25,18767,2024-25,8314,2024-25,16.5,2024-25,3.6,2024-25,40.7,2024-25,47.7,2024-25,87.4,2024-25,46.2,2024-25,,,,,,,,,,,,,,,,,,,3.0,2024-25,3.0,2024-25,3.0,2024-25,,,U24991,
610135,PORTAGE PARK,Portage Park Elementary School,district,District,Network 1,Traditional,,,yes,PE-8,ES,5330 W BERTEAU AVE,41.95699,-87.76101,1b,PORTAGE PARK,38,150162990252409,,886,903,929,-43,-4.6,34.9,2026-27,2.7,2026-27,55.8,2026-27,3.5,2026-27,2.7,2026-27,0.3,2026-27,0.1,2026-27,0.0,2026-27,0.0,2026-27,53.8,2026-27,21.0,2026-27,18.8,2026-27,*,2024-25,*,2024-25,13396286,2026-27,15120,2026-27,14083049,2025-26,115.0,2026-27,18618,2024-25,12447,2024-25,6171,2024-25,47.7,2024-25,28.2,2024-25,51.8,2024-25,50.9,2024-25,90.7,2024-25,31.8,2024-25,,,,,,,,,,,,,,,,,,,3.0,2024-25,3.0,2024-25,4.0,2024-25,,,U25011,
610136,PRESCOTT,William H Prescott Elementary School,district,District,Network 4,Traditional,,,,K-8,ES,1632 W WRIGHTWOOD AVE,41.92884,-87.66953,4b,LINCOLN PARK,32,150162990252410,,477,490,465,12,2.6,47.6,2026-27,8.6,2026-27,26.0,2026-27,9.6,2026-27,8.2,2026-27,0.0,2026-27,0.0,2026-27,0.0,2026-27,0.0,2026-27,22.6,2026-27,6.9,2026-27,15.3,2026-27,*,2024-25,*,2024-25,6859719,2026-27,14381,2026-27,6630596,2025-26,56.0,2026-27,17849,2024-25,11447,2024-25,6402,2024-25,83.7,2024-25,66.9,2024-25,69.0,2024-25,58.8,2024-25,94.2,2024-25,14.7,2024-25,,,,,,,,,,,,,,,,,,,2.0,2024-25,2.0,2024-25,3.0,2024-25,,,U25021,
610137,PRUSSING,Ernst Prussing Elementary School,district,District,Network 1,Traditional,,,,K-8,ES,4650 N MENARD AVE,41.96562,-87.77241,1a,PORTAGE PARK,45,150162990252412,,656,651,647,9,1.4,38.9,2026-27,3.2,2026-27,48.9,2026-27,5.3,2026-27,3.0,2026-27,0.5,2026-27,0.0,2026-27,0.0,2026-27,0.2,2026-27,58.2,2026-27,29.7,2026-27,14.5,2026-27,*,2024-25,*,2024-25,9301590,2026-27,14179,2026-27,8890578,2025-26,74.0,2026-27,17163,2024-25,11088,2024-25,6075,2024-25,45.4,2024-25,28.3,2024-25,48.0,2024-25,54.1,2024-25,90.6,2024-25,35.5,2024-25,,,,,,,,,,,,,,,,,,,,,,,,,,,U25031,
610138,PULASKI,Pulaski International School of Chicago,district,District,Network 6,Traditional,,,,PK-8,ES,2230 W MCLEAN AVE,41.91849,-87.6838,6a,LOGAN SQUARE,32,150162990252413,,933,881,888,45,5.1,40.0,2026-27,1.9,2026-27,43.7,2026-27,5.3,2026-27,8.6,2026-27,0.0,2026-27,0.0,2026-27,0.0,2026-27,0.5,2026-27,28.7,2026-27,14.6,2026-27,13.0,2026-27,*,2024-25,*,2024-25,11652722,2026-27,12490,2026-27,11615210,2025-26,94.0,2026-27,16716,2024-25,10591,2024-25,6125,2024-25,63.0,2024-25,47.3,2024-25,51.0,2024-25,49.4,2024-25,92.9,2024-25,18.3,2024-25,,,,,,,,,,,,,,,,,,,,,,,,,,,U31211,
610139,PULLMAN,George M Pullman Elementary School,district,District,Network 13,Traditional,,,,PE-8,ES,11311 S FORRESTVILLE AVE,41.68882,-87.60943,10b,PULLMAN,9,150162990252414,,300,307,302,-2,-0.7,3.3,2026-27,66.7,2026-27,28.0,2026-27,0.0,2026-27,1.3,2026-27,0.3,2026-27,0.3,2026-27,0.0,2026-27,0.0,2026-27,73.7,2026-27,20.7,2026-27,13.7,2026-27,6.3,2024-25,*,2024-25,5613976,2026-27,18713,2026-27,6009042,2025-26,46.0,2026-27,21455,2024-25,14277,2024-25,7178,2024-25,34.5,2024-25,12.0,2024-25,55.5,2024-25,42.4,2024-25,91.0,2024-25,33.5,2024-25,,,,,,,,,,,,,,,,,,,3.0,2024-25,2.0,2024-25,2.0,2024-25,,,U25041,
610141,RAVENSWOOD,Ravenswood Elementary School,district,District,Network 2,Traditional,,,,PK-8,ES,4332 N PAULINA ST,41.96075,-87.67092,4a,LAKE VIEW,47,150162990252416,,506,514,523,-17,-3.3,54.3,2026-27,7.3,2026-27,23.3,2026-27,5.3,2026-27,9.7,2026-27,0.0,2026-27,0.0,2026-27,0.0,2026-27,0.0,2026-27,21.5,2026-27,10.1,2026-27,12.6,2026-27,4.4,2024-25,*,2024-25,7260291,2026-27,14348,2026-27,7523800,2025-26,58.0,2026-27,18553,2024-25,12062,2024-25,6491,2024-25,80.3,2024-25,55.8,2024-25,67.9,2024-25,44.6,2024-25,93.7,2024-25,19.4,2024-25,,,,,,,,,,,,,,,,,,,4.0,2024-25,4.0,2024-25,4.0,2024-25,,,U25061,
610142,RAY,William H Ray Elementary School,district,District,Network 9,Traditional,,,,PE-8,ES,5631 S KIMBARK AVE,41.79235,-87.59475,10a,HYDE PARK,5,150162990252417,,519,574,627,-108,-17.2,12.3,2026-27,64.5,2026-27,16.2,2026-27,3.7,2026-27,3.3,2026-27,0.0,2026-27,0.0,2026-27,0.0,2026-27,0.0,2026-27,50.7,2026-27,15.2,2026-27,17.5,2026-27,*,2024-25,*,2024-25,9265464,2026-27,17853,2026-27,8874431,2025-26,79.0,2026-27,17993,2024-25,11547,2024-25,6446,2024-25,36.5,2024-25,24.7,2024-25,52.4,2024-25,52.5,2024-25,88.7,2024-25,41.1,2024-25,,,,,,,,,,,,,,,,,,,4.0,2024-25,4.0,2024-25,4.0,2024-25,,,U25071,
610143,REAVIS,William C Reavis Math & Science Specialty ES,district,District,Network 9,Traditional,,,,PE-8,ES,834 E 50TH ST,41.80417,-87.60493,10a,KENWOOD,4,150162990252419,,341,339,357,-16,-4.5,3.2,2026-27,87.7,2026-27,7.9,2026-27,0.9,2026-27,0.3,2026-27,0.0,2026-27,0.0,2026-27,0.0,2026-27,0.0,2026-27,66.9,2026-27,7.3,2026-27,24.0,2026-27,7.3,2024-25,*,2024-25,6317114,2026-27,18525,2026-27,10228147,2025-26,52.5,2026-27,21798,2024-25,13915,2024-25,7884,2024-25,22.3,2024-25,7.1,2024-25,47.2,2024-25,39.0,2024-25,89.0,2024-25,47.2,2024-25,,,,,,,,,,,,,,,,,,,3.0,2024-25,3.0,2024-25,3.0,2024-25,,,U25091,
610144,REILLY,Frank W Reilly Elementary School,district,District,Network 4,Traditional,,,,PE-8,ES,3650 W SCHOOL ST,41.94109,-87.71954,3a,AVONDALE,30,150162990252421,,458,469,537,-79,-14.7,6.1,2026-27,1.7,2026-27,85.8,2026-27,2.0,2026-27,1.5,2026-27,2.6,2026-27,0.0,2026-27,0.2,2026-27,0.0,2026-27,49.1,2026-27,49.3,2026-27,18.8,2026-27,3.4,2024-25,*,2024-25,8378055,2026-27,18293,2026-27,9729851,2025-26,64.0,2026-27,20149,2024-25,13611,2024-25,6538,2024-25,32.6,2024-25,14.5,2024-25,50.2,2024-25,53.7,2024-25,92.6,2024-25,25.9,2024-25,,,,,,,,,,,,,,,,,,,3.0,2024-25,3.0,2024-25,3.0,2024-25,,,U25101,
610145,REINBERG,Peter A Reinberg Elementary School,district,District,Network 1,Traditional,,,yes,PE-8,ES,3425 N MAJOR AVE,41.94302,-87.76898,1b,PORTAGE PARK,30,150162990252422,,743,782,763,-20,-2.6,15.1,2026-27,3.5,2026-27,72.1,2026-27,4.0,2026-27,1.6,2026-27,3.4,2026-27,0.1,2026-27,0.0,2026-27,0.1,2026-27,68.0,2026-27,51.8,2026-27,24.4,2026-27,5.5,2024-25,*,2024-25,12913641,2026-27,17380,2026-27,13286073,2025-26,106.0,2026-27,20574,2024-25,13916,2024-25,6657,2024-25,35.1,2024-25,16.9,2024-25,46.2,2024-25,50.0,2024-25,90.2,2024-25,36.3,2024-25,,,,,,,,,,,,,,,,,,,3.0,2024-25,3.0,2024-25,3.0,2024-25,,,U25111,
610146,REVERE,Paul Revere Elementary School,district,District,Network 12,Traditional,,,,PE-8,ES,1010 E 72ND ST,41.7642,-87.60018,10a,GREATER GRAND CROSSING,5,150162990252423,,156,174,186,-30,-16.1,0.0,2026-27,95.5,2026-27,3.8,2026-27,0.0,2026-27,0.6,2026-27,0.0,2026-27,0.0,2026-27,0.0,2026-27,0.0,2026-27,87.8,2026-27,2.6,2026-27,19.9,2026-27,7.6,2024-25,*,2024-25,3962600,2026-27,25401,2026-27,4838528,2025-26,36.0,2026-27,27096,2024-25,18458,2024-25,8637,2024-25,18.5,2024-25,9.4,2024-25,51.2,2024-25,58.6,2024-25,89.9,2024-25,29.2,2024-25,,,,,,,,,,,,,,,,,,,3.0,2024-25,3.0,2024-25,3.0,2024-25,,,U25121,
610147,ROGERS,Philip Rogers Elementary School,district,District,Network 2,Traditional,,,,PE-8,ES,7345 N WASHTENAW AVE,42.01527,-87.69719,2a,WEST RIDGE,50,150162990252426,,797,830,785,12,1.5,20.8,2026-27,20.7,2026-27,31.9,2026-27,21.5,2026-27,4.8,2026-27,0.1,2026-27,0.1,2026-27,0.1,2026-27,0.0,2026-27,53.8,2026-27,33.9,2026-27,19.9,2026-27,2.8,2024-25,*,2024-25,12743766,2026-27,15990,2026-27,12495642,2025-26,113.5,2026-27,18651,2024-25,12452,2024-25,6199,2024-25,61.0,2024-25,42.8,2024-25,50.9,2024-25,49.2,2024-25,91.5,2024-25,30.8,2024-25,,,,,,,,,,,,,,,,,,,4.0,2024-25,4.0,2024-25,4.0,2024-25,,,U25141,
610148,BACK OF THE YARDS ES,Cesar E Chavez Multicultural Academic Center ES,district,District,ISP,Traditional,,,yes,PK-8,ES,4747 S MARSHFIELD AVE,41.80714,-87.66604,8b,NEW CITY,20,150162990252886,,791,802,787,4,0.5,0.1,2026-27,1.1,2026-27,98.5,2026-27,0.1,2026-27,0.1,2026-27,0.0,2026-27,0.0,2026-27,0.0,2026-27,0.0,2026-27,86.2,2026-27,49.7,2026-27,14.8,2026-27,1.8,2024-25,*,2024-25,12116447,2026-27,15318,2026-27,12720949,2025-26,98.0,2026-27,19230,2024-25,13318,2024-25,5912,2024-25,54.7,2024-25,49.5,2024-25,48.7,2024-25,51.2,2024-25,96.0,2024-25,6.6,2024-25,,,,,,,,,,,,,,,,,,,4.0,2024-25,4.0,2024-25,4.0,2024-25,,,U25151,
610152,RUGGLES,Martha Ruggles Elementary School,district,District,Network 12,Traditional,,,,PE-8,ES,7831 S PRAIRIE AVE,41.75195,-87.61807,10a,GREATER GRAND CROSSING,6,150162990252428,,324,307,289,35,12.1,0.3,2026-27,91.0,2026-27,6.2,2026-27,0.0,2026-27,0.6,2026-27,1.2,2026-27,0.6,2026-27,0.0,2026-27,0.0,2026-27,86.1,2026-27,6.2,2026-27,15.1,2026-27,13.4,2024-25,*,2024-25,5520208,2026-27,17038,2026-27,7200555,2025-26,45.0,2026-27,23986,2024-25,16598,2024-25,7388,2024-25,40.7,2024-25,12.9,2024-25,59.5,2024-25,50.6,2024-25,90.2,2024-25,38.3,2024-25,,,,,,,,,,,,,,,,,,,3.0,2024-25,4.0,2024-25,4.0,2024-25,,,U25181,
610153,RYDER,William H Ryder Math & Science Specialty ES,district,District,Network 11,Traditional,,,yes,PE-8,ES,8716 S WALLACE ST,41.73538,-87.63884,9a,AUBURN GRESHAM,21,150162990252429,,359,360,354,5,1.4,0.3,2026-27,90.8,2026-27,8.4,2026-27,0.0,2026-27,0.6,2026-27,0.0,2026-27,0.0,2026-27,0.0,2026-27,0.0,2026-27,85.5,2026-27,7.8,2026-27,31.8,2026-27,25.8,2024-25,*,2024-25,8680739,2026-27,24180,2026-27,8364863,2025-26,81.0,2026-27,28845,2024-25,20451,2024-25,8394,2024-25,27.4,2024-25,12.4,2024-25,46.7,2024-25,42.8,2024-25,87.3,2024-25,49.9,2024-25,,,,,,,,,,,,,,,,,,,4.0,2024-25,4.0,2024-25,4.0,2024-25,,,U25191,
610155,SAUGANASH,Sauganash Elementary School,district,District,Network 1,Traditional,,,,PK-8,ES,6040 N KILPATRICK AVE,41.99117,-87.74595,1a,FOREST GLEN,39,150162990252434,,690,709,694,-4,-0.6,50.1,2026-27,3.2,2026-27,19.3,2026-27,19.6,2026-27,7.7,2026-27,0.1,2026-27,0.0,2026-27,0.0,2026-27,0.0,2026-27,12.8,2026-27,11.7,2026-27,10.6,2026-27,*,2024-25,*,2024-25,7768062,2026-27,11258,2026-27,8051936,2025-26,63.0,2026-27,15363,2024-25,9349,2024-25,6014,2024-25,80.0,2024-25,72.7,2024-25,50.1,2024-25,57.3,2024-25,94.4,2024-25,12.2,2024-25,,,,,,,,,,,,,,,,,,,4.0,2024-25,4.0,2024-25,4.0,2024-25,,,U25211,
610157,SAWYER,Sidney Sawyer Elementary School,district,District,Network 8,Traditional,,,,PE-8,ES,5248 S SAWYER AVE,41.7975,-87.70501,7b,GAGE PARK,14,150162990252435,,789,835,889,-100,-11.2,3.8,2026-27,0.8,2026-27,94.2,2026-27,0.3,2026-27,0.4,2026-27,0.6,2026-27,0.0,2026-27,0.0,2026-27,0.0,2026-27,88.3,2026-27,54.0,2026-27,15.1,2026-27,5.3,2024-25,*,2024-25,11766925,2026-27,14914,2026-27,11819417,2025-26,90.0,2026-27,17180,2024-25,11339,2024-25,5842,2024-25,27.0,2024-25,19.6,2024-25,45.8,2024-25,55.0,2024-25,91.2,2024-25,32.9,2024-25,,,,,,,,,,,,,,,,,,,2.0,2024-25,3.0,2024-25,3.0,2024-25,,,U25231,
610158,SAYRE,Harriet E Sayre Elementary Language Academy,district,District,Network 3,Traditional,,,,PE-8,ES,1850 N NEWLAND AVE,41.91415,-87.79872,5a,AUSTIN,29,150162990252436,,367,370,379,-12,-3.2,6.0,2026-27,33.2,2026-27,57.5,2026-27,0.8,2026-27,1.6,2026-27,0.8,2026-27,0.0,2026-27,0.0,2026-27,0.0,2026-27,55.6,2026-27,15.5,2026-27,25.6,2026-27,*,2024-25,*,2024-25,7274528,2026-27,19822,2026-27,6752796,2025-26,60.0,2026-27,22014,2024-25,14738,2024-25,7277,2024-25,37.3,2024-25,25.8,2024-25,47.7,2024-25,49.6,2024-25,91.4,2024-25,29.8,2024-25,,,,,,,,,,,,,,,,,,,2.0,2024-25,2.0,2024-25,2.0,2024-25,,,U29271,
610159,SCAMMON,Jonathan Y Scammon Elementary School,district,District,Network 1,Traditional,,,,PE-8,ES,4201 W HENDERSON ST,41.94168,-87.73218,3a,IRVING PARK,30,150162990252438,,555,592,618,-63,-10.2,9.9,2026-27,4.5,2026-27,81.4,2026-27,2.2,2026-27,1.6,2026-27,0.2,2026-27,0.0,2026-27,0.2,2026-27,0.0,2026-27,74.8,2026-27,49.5,2026-27,14.1,2026-27,*,2024-25,*,2024-25,8604252,2026-27,15503,2026-27,9456883,2025-26,65.0,2026-27,18150,2024-25,11994,2024-25,6156,2024-25,38.4,2024-25,23.2,2024-25,46.8,2024-25,45.2,2024-25,91.6,2024-25,30.2,2024-25,,,,,,,,,,,,,,,,,,,3.0,2024-25,3.0,2024-25,4.0,2024-25,,,U25241,
610163,STOCK,Frederick Stock Elementary School,district,District,Network 1,Early Childhood,early_childhood,,,PE-PK,ES,7507 W BIRCHWOOD AVE,42.01689,-87.81419,1a,EDISON PARK,41,150162990253762,,204,209,208,-4,-1.9,60.3,2026-27,0.5,2026-27,28.9,2026-27,4.9,2026-27,4.4,2026-27,0.5,2026-27,0.0,2026-27,0.5,2026-27,0.0,2026-27,6.4,2026-27,27.0,2026-27,37.7,2026-27,*,2024-25,*,2024-25,5148767,2026-27,25239,2026-27,5477111,2025-26,41.0,2026-27,33202,2024-25,21091,2024-25,12112,2024-25,,,,,,,,,*,2024-25,,,,,,,,,,,,,,,,,,,,,5.0,2024-25,5.0,2024-25,5.0,2024-25,,,U30081,
610165,SCHUBERT,Franz Peter Schubert Elementary School,district,District,Network 3,Traditional,,,,PE-5,ES,2727 N LONG AVE,41.9304,-87.76119,3b,BELMONT CRAGIN,31,150162990252444,,500,524,561,-61,-10.9,7.0,2026-27,1.8,2026-27,87.8,2026-27,0.0,2026-27,0.8,2026-27,1.2,2026-27,0.4,2026-27,0.0,2026-27,1.0,2026-27,67.4,2026-27,64.0,2026-27,15.6,2026-27,8.3,2024-25,*,2024-25,8271230,2026-27,16542,2026-27,8685294,2025-26,68.0,2026-27,19250,2024-25,13050,2024-25,6200,2024-25,27.8,2024-25,17.9,2024-25,53.1,2024-25,58.7,2024-25,90.7,2024-25,36.0,2024-25,,,,,,,,,,,,,,,,,,,3.0,2024-25,3.0,2024-25,3.0,2024-25,,,U25291,
610167,SEWARD,William H Seward Communication Arts Academy ES,district,District,Network 8,Traditional,,,,PE-8,ES,4600 S HERMITAGE AVE,41.81033,-87.66877,8b,NEW CITY,15,150162990252446,,344,380,388,-44,-11.3,1.2,2026-27,1.7,2026-27,96.8,2026-27,0.0,2026-27,0.0,2026-27,0.0,2026-27,0.3,2026-27,0.0,2026-27,0.0,2026-27,83.1,2026-27,57.3,2026-27,16.6,2026-27,*,2024-25,*,2024-25,6420960,2026-27,18666,2026-27,6334888,2025-26,53.0,2026-27,21101,2024-25,14044,2024-25,7057,2024-25,23.5,2024-25,14.5,2024-25,50.3,2024-25,57.0,2024-25,90.8,2024-25,31.6,2024-25,,,,,,,,,,,,,,,,,,,3.0,2024-25,3.0,2024-25,3.0,2024-25,,,U25301,
610170,COLUMBIA EXPLORERS,Columbia Explorers Elementary Academy,district,District,ISP,Traditional,,,,PE-8,ES,4520 S KEDZIE AVE,41.81107,-87.7042,7b,BRIGHTON PARK,12,150162990252919,,639,671,718,-79,-11.0,1.7,2026-27,0.5,2026-27,96.9,2026-27,0.9,2026-27,0.0,2026-27,0.0,2026-27,0.0,2026-27,0.0,2026-27,0.0,2026-27,77.3,2026-27,45.1,2026-27,22.4,2026-27,*,2024-25,*,2024-25,10387567,2026-27,16256,2026-27,11269502,2025-26,86.0,2026-27,18874,2024-25,12823,2024-25,6050,2024-25,59.4,2024-25,37.8,2024-25,54.3,2024-25,56.1,2024-25,93.9,2024-25,18.4,2024-25,,,,,,,,,,,,,,,,,,,4.0,2024-25,4.0,2024-25,4.0,2024-25,,,U20071,
610171,MIRELES,Arnold Mireles Elementary Academy,district,District,Network 12,Traditional,,,,PE-8,ES,9000 S EXCHANGE AVE,41.73172,-87.55279,10b,SOUTH CHICAGO,10,150162990252452,,573,561,540,33,6.1,1.2,2026-27,45.2,2026-27,52.0,2026-27,0.0,2026-27,0.9,2026-27,0.7,2026-27,0.0,2026-27,0.0,2026-27,0.0,2026-27,83.4,2026-27,43.8,2026-27,15.4,2026-27,*,2024-25,*,2024-25,9009828,2026-27,15724,2026-27,8493301,2025-26,78.0,2026-27,18209,2024-25,11990,2024-25,6219,2024-25,18.5,2024-25,6.0,2024-25,39.6,2024-25,40.4,2024-25,88.8,2024-25,44.0,2024-25,,,,,,,,,,,,,,,,,,,3.0,2024-25,3.0,2024-25,3.0,2024-25,,,U25331,
610172,SHERMAN,William T Sherman Elementary School,district,District,Network 8,Traditional,,,,PE-8,ES,1000 W 52ND ST,41.79977,-87.65022,9a,NEW CITY,20,150162990252453,,230,224,230,0,0.0,3.9,2026-27,56.1,2026-27,38.3,2026-27,0.0,2026-27,0.4,2026-27,0.9,2026-27,0.0,2026-27,0.0,2026-27,0.4,2026-27,87.4,2026-27,30.9,2026-27,15.7,2026-27,9.9,2024-25,*,2024-25,4770121,2026-27,20740,2026-27,4821866,2025-26,44.0,2026-27,25164,2024-25,17476,2024-25,7688,2024-25,22.3,2024-25,10.8,2024-25,49.1,2024-25,41.2,2024-25,92.1,2024-25,34.8,2024-25,,,,,,,,,,,,,,,,,,,4.0,2024-25,4.0,2024-25,5.0,2024-25,,,U25341,
610173,SHERWOOD,Jesse Sherwood Elementary School,district,District,ISP,Traditional,,,,PE-8,ES,245 W 57TH ST,41.7908,-87.63228,6b,ENGLEWOOD,20,150162990252454,,191,176,201,-10,-5.0,0.5,2026-27,75.9,2026-27,19.9,2026-27,0.0,2026-27,3.1,2026-27,0.5,2026-27,0.0,2026-27,0.0,2026-27,0.0,2026-27,74.3,2026-27,14.7,2026-27,25.7,2026-27,10.3,2024-25,*,2024-25,5462680,2026-27,28600,2026-27,5647673,2025-26,46.0,2026-27,34699,2024-25,25170,2024-25,9529,2024-25,23.7,2024-25,14.2,2024-25,48.5,2024-25,54.1,2024-25,90.0,2024-25,38.1,2024-25,,,,,,,,,,,,,,,,,,,3.0,2024-25,3.0,2024-25,3.0,2024-25,,,U25351,
610174,SHIELDS,James Shields Elementary School,district,District,Network 8,Traditional,,,,PE-4,ES,4250 S ROCKWELL ST,41.81591,-87.68965,7b,BRIGHTON PARK,12,150162990252455,,351,393,441,-90,-20.4,2.0,2026-27,1.4,2026-27,95.7,2026-27,0.3,2026-27,0.6,2026-27,0.0,2026-27,0.0,2026-27,0.0,2026-27,0.0,2026-27,76.6,2026-27,48.1,2026-27,25.4,2026-27,*,2024-25,*,2024-25,7109836,2026-27,20256,2026-27,7613050,2025-26,55.5,2026-27,21994,2024-25,14950,2024-25,7044,2024-25,26.5,2024-25,21.5,2024-25,42.4,2024-25,43.8,2024-25,92.4,2024-25,26.8,2024-25,,,,,,,,,,,,,,,,,,,4.0,2024-25,4.0,2024-25,4.0,2024-25,,,U25361,
610175,SHOESMITH,Beulah Shoesmith Elementary School,district,District,Network 9,Traditional,,,,K-6,ES,1330 E 50TH ST,41.80429,-87.5939,10a,KENWOOD,4,150162990252456,,257,280,293,-36,-12.3,1.9,2026-27,74.3,2026-27,19.5,2026-27,0.0,2026-27,4.3,2026-27,0.0,2026-27,0.0,2026-27,0.0,2026-27,0.0,2026-27,67.7,2026-27,14.8,2026-27,17.9,2026-27,11.7,2024-25,*,2024-25,5426874,2026-27,21116,2026-27,5398993,2025-26,44.5,2026-27,22889,2024-25,15612,2024-25,7276,2024-25,33.1,2024-25,18.5,2024-25,38.8,2024-25,37.6,2024-25,86.9,2024-25,51.6,2024-25,,,,,,,,,,,,,,,,,,,3.0,2024-25,3.0,2024-25,2.0,2024-25,,,U25371,
610176,SHOOP,John D Shoop Math-Science Technical Academy ES,district,District,Network 13,Traditional,,,yes,PE-8,ES,11140 S BISHOP ST,41.69092,-87.65867,9b,MORGAN PARK,21,150162990252457,,472,516,514,-42,-8.2,0.0,2026-27,96.4,2026-27,2.5,2026-27,0.0,2026-27,1.1,2026-27,0.0,2026-27,0.0,2026-27,0.0,2026-27,0.0,2026-27,86.7,2026-27,1.1,2026-27,25.2,2026-27,2.1,2024-25,2.5,2024-25,8623613,2026-27,18270,2026-27,8151925,2025-26,75.0,2026-27,18857,2024-25,12080,2024-25,6777,2024-25,30.2,2024-25,12.8,2024-25,49.5,2024-25,43.0,2024-25,89.6,2024-25,40.6,2024-25,,,,,,,,,,,,,,,,,,,3.0,2024-25,3.0,2024-25,3.0,2024-25,,,U25381,
610177,SKINNER,Mark Skinner Elementary School,district,District,Network 6,Traditional,,exam,yes,PE-8,ES,1260 W ADAMS ST,41.8791,-87.65942,5b,NEAR WEST SIDE,27,150162990252458,,1145,1121,1141,4,0.4,21.9,2026-27,30.0,2026-27,10.4,2026-27,28.8,2026-27,8.0,2026-27,0.5,2026-27,0.2,2026-27,0.1,2026-27,0.0,2026-27,30.6,2026-27,7.5,2026-27,11.0,2026-27,2.1,2024-25,*,2024-25,11851600,2026-27,10351,2026-27,12044330,2025-26,96.0,2026-27,14927,2024-25,9304,2024-25,5623,2024-25,77.6,2024-25,70.7,2024-25,57.2,2024-25,55.4,2024-25,93.2,2024-25,22.0,2024-25,,,,,,,,,,,,,,,,,,,3.0,2024-25,3.0,2024-25,4.0,2024-25,,,U29281,
610178,SCHMID,Theophilus Schmid Elementary School,district,District,Network 12,Traditional,,,,PE-8,ES,9755 S GREENWOOD AVE,41.71699,-87.59693,10b,PULLMAN,8,150162990252442,,197,194,201,-4,-2.0,1.0,2026-27,93.4,2026-27,5.1,2026-27,0.0,2026-27,0.5,2026-27,0.0,2026-27,0.0,2026-27,0.0,2026-27,0.0,2026-27,76.1,2026-27,0.0,2026-27,31.0,2026-27,*,2024-25,*,2024-25,5286736,2026-27,26836,2026-27,5602131,2025-26,47.5,2026-27,28028,2024-25,19593,2024-25,8435,2024-25,21.5,2024-25,11.7,2024-25,35.6,2024-25,52.9,2024-25,88.4,2024-25,46.0,2024-25,,,,,,,,,,,,,,,,,,,3.0,2024-25,3.0,2024-25,3.0,2024-25,,,U25391,
610179,SMYSER,Washington D Smyser Elementary School,district,District,Network 1,Traditional,,,yes,PE-8,ES,4310 N MELVINA AVE,41.95887,-87.78197,1b,PORTAGE PARK,38,150162990252459,,676,705,766,-90,-11.7,21.9,2026-27,6.5,2026-27,64.1,2026-27,4.4,2026-27,2.4,2026-27,0.0,2026-27,0.0,2026-27,0.0,2026-27,0.7,2026-27,61.8,2026-27,22.3,2026-27,15.8,2026-27,*,2024-25,*,2024-25,10625219,2026-27,15718,2026-27,10991365,2025-26,84.0,2026-27,17799,2024-25,11747,2024-25,6052,2024-25,42.7,2024-25,27.4,2024-25,41.1,2024-25,47.2,2024-25,89.7,2024-25,37.4,2024-25,,,,,,,,,,,,,,,,,,,3.0,2024-25,3.0,2024-25,3.0,2024-25,,,U25401,
610180,SMYTH,John M Smyth Elementary School,district,District,Network 6,Traditional,,application,yes,PE-8,ES,1059 W 13TH ST,41.86535,-87.65345,7a,NEAR WEST SIDE,28,150162990252460,,364,365,339,25,7.4,0.8,2026-27,93.7,2026-27,4.1,2026-27,0.3,2026-27,0.8,2026-27,0.0,2026-27,0.3,2026-27,0.0,2026-27,0.0,2026-27,76.4,2026-27,2.5,2026-27,26.9,2026-27,13.4,2024-25,6.7,2024-25,7928784,2026-27,21782,2026-27,7704559,2025-26,67.0,2026-27,25382,2024-25,17603,2024-25,7779,2024-25,14.9,2024-25,1.5,2024-25,42.2,2024-25,38.1,2024-25,86.9,2024-25,47.4,2024-25,,,,,,,,,,,,,,,,,,,3.0,2024-25,3.0,2024-25,3.0,2024-25,,,U25411,
610182,SOLOMON,Hannah G Solomon Elementary School,district,District,Network 1,Traditional,,,yes,PE-8,ES,6206 N HAMLIN AVE,41.99394,-87.72404,1a,NORTH PARK,39,150162990252461,,303,303,319,-16,-5.0,42.2,2026-27,7.9,2026-27,16.5,2026-27,27.7,2026-27,5.6,2026-27,0.0,2026-27,0.0,2026-27,0.0,2026-27,0.0,2026-27,42.9,2026-27,39.3,2026-27,28.4,2026-27,*,2024-25,*,2024-25,7335909,2026-27,24211,2026-27,7149871,2025-26,64.0,2026-27,25610,2024-25,17350,2024-25,8260,2024-25,63.4,2024-25,46.3,2024-25,50.4,2024-25,57.7,2024-25,91.5,2024-25,28.1,2024-25,,,,,,,,,,,,,,,,,,,3.0,2024-25,3.0,2024-25,3.0,2024-25,,,U25431,
610183,SPENCER,Spencer Technology Academy,district,District,Network 3,Traditional,,,,PE-8,ES,214 N LAVERGNE AVE,41.88488,-87.75044,5a,AUSTIN,28,150162990252462,,376,421,427,-51,-11.9,1.3,2026-27,74.2,2026-27,22.1,2026-27,0.0,2026-27,1.1,2026-27,1.1,2026-27,0.3,2026-27,0.0,2026-27,0.0,2026-27,85.1,2026-27,21.0,2026-27,15.7,2026-27,22.6,2024-25,2.6,2024-25,6784369,2026-27,18044,2026-27,7110506,2025-26,58.5,2026-27,21434,2024-25,13751,2024-25,7684,2024-25,24.6,2024-25,13.1,2024-25,45.9,2024-25,41.3,2024-25,86.1,2024-25,53.7,2024-25,,,,,,,,,,,,,,,,,,,3.0,2024-25,3.0,2024-25,2.0,2024-25,,,U25441,
610184,SPRY ES,John Spry Elementary Community School,district,District,Network 16,Traditional,,,,PE-8,ES,2400 S MARSHALL BLVD,41.84775,-87.70018,7a,SOUTH LAWNDALE,24,150162990252469,,257,271,315,-58,-18.4,4.7,2026-27,2.7,2026-27,89.9,2026-27,0.4,2026-27,0.4,2026-27,1.9,2026-27,0.0,2026-27,0.0,2026-27,0.0,2026-27,81.3,2026-27,54.1,2026-27,21.8,2026-27,*,2024-25,*,2024-25,6312962,2026-27,24564,2026-27,6484176,2025-26,52.5,2026-27,24204,2024-25,16792,2024-25,7412,2024-25,21.3,2024-25,8.6,2024-25,39.3,2024-25,43.8,2024-25,88.6,2024-25,43.3,2024-25,,,,,,,,,,,,,,,,,,,2.0,2024-25,2.0,2024-25,2.0,2024-25,,,U25451,
610185,STEVENSON,Adlai E Stevenson Elementary School,district,District,Network 10,Traditional,,,yes,PE-8,ES,8010 S KOSTNER AVE,41.74711,-87.73167,8a,ASHBURN,18,150162990252465,,1041,1116,1204,-163,-13.5,5.8,2026-27,5.9,2026-27,87.1,2026-27,0.7,2026-27,0.5,2026-27,0.1,2026-27,0.0,2026-27,0.0,2026-27,0.0,2026-27,74.4,2026-27,39.4,2026-27,23.2,2026-27,3.1,2024-25,*,2024-25,16728908,2026-27,16070,2026-27,18039226,2025-26,142.0,2026-27,18596,2024-25,12062,2024-25,6534,2024-25,39.1,2024-25,21.2,2024-25,46.5,2024-25,43.9,2024-25,89.3,2024-25,41.2,2024-25,,,,,,,,,,,,,,,,,,,,,,,,,,,U25471,
610188,DUNNE,Dunne Technology Academy,district,District,Network 13,Traditional,,,,PE-8,ES,10845 S UNION AVE,41.6965,-87.63997,9b,ROSELAND,21,150162990252177,,199,213,201,-2,-1.0,0.0,2026-27,95.5,2026-27,2.0,2026-27,0.0,2026-27,1.0,2026-27,0.5,2026-27,0.0,2026-27,0.0,2026-27,1.0,2026-27,76.9,2026-27,1.0,2026-27,15.6,2026-27,*,2024-25,*,2024-25,4312208,2026-27,21669,2026-27,4665347,2025-26,32.5,2026-27,25889,2024-25,17912,2024-25,7977,2024-25,50.4,2024-25,24.0,2024-25,53.9,2024-25,52.2,2024-25,94.6,2024-25,12.2,2024-25,,,,,,,,,,,,,,,,,,,4.0,2024-25,4.0,2024-25,4.0,2024-25,,,U25491,
610191,STONE,Stone Elementary Scholastic Academy,district,District,Network 2,Traditional,,application,,K-8,ES,6239 N LEAVITT ST,41.99536,-87.68479,2a,WEST RIDGE,50,150162990252468,,552,549,554,-2,-0.4,23.9,2026-27,21.7,2026-27,10.3,2026-27,37.5,2026-27,6.2,2026-27,0.4,2026-27,0.0,2026-27,0.0,2026-27,0.0,2026-27,54.7,2026-27,27.7,2026-27,11.8,2026-27,*,2024-25,*,2024-25,7985013,2026-27,14466,2026-27,8978067,2025-26,63.5,2026-27,17910,2024-25,11726,2024-25,6184,2024-25,79.0,2024-25,52.1,2024-25,66.3,2024-25,54.3,2024-25,94.2,2024-25,16.3,2024-25,,,,,,,,,,,,,,,,,,,3.0,2024-25,3.0,2024-25,3.0,2024-25,,,U29291,
610192,STOWE,Harriet Beecher Stowe Elementary School,district,District,Network 5,Traditional,,,,PE-8,ES,3444 W WABANSIA AVE,41.91194,-87.71332,3b,HUMBOLDT PARK,26,150162990252472,,499,553,568,-69,-12.1,2.4,2026-27,10.2,2026-27,85.6,2026-27,0.6,2026-27,0.6,2026-27,0.6,2026-27,0.0,2026-27,0.0,2026-27,0.0,2026-27,85.6,2026-27,52.5,2026-27,26.9,2026-27,6.6,2024-25,*,2024-25,9067110,2026-27,18171,2026-27,8886715,2025-26,82.5,2026-27,19688,2024-25,12954,2024-25,6734,2024-25,22.4,2024-25,12.9,2024-25,43.7,2024-25,46.7,2024-25,89.6,2024-25,40.0,2024-25,,,,,,,,,,,,,,,,,,,3.0,2024-25,3.0,2024-25,3.0,2024-25,,,U25521,
610193,NEW SULLIVAN,William K New Sullivan Elementary School,district,District,Network 12,Traditional,,,yes,PE-8,ES,8331 S MACKINAW AVE,41.74383,-87.54293,10b,SOUTH CHICAGO,10,150162990252474,,416,449,435,-19,-4.4,3.1,2026-27,65.4,2026-27,29.3,2026-27,0.0,2026-27,1.2,2026-27,0.7,2026-27,0.2,2026-27,0.0,2026-27,0.0,2026-27,88.0,2026-27,25.7,2026-27,24.0,2026-27,*,2024-25,*,2024-25,9066622,2026-27,21795,2026-27,10087897,2025-26,77.5,2026-27,24134,2024-25,16549,2024-25,7585,2024-25,22.2,2024-25,5.1,2024-25,47.2,2024-25,46.6,2024-25,85.1,2024-25,55.7,2024-25,,,,,100.0,2022-23,,,,,,,,,,,,,3.0,2024-25,3.0,2024-25,3.0,2024-25,,,U25541,
610194,SUMNER,Charles Sumner  Math & Science Community Acad ES,district,District,Network 5,Traditional,,,,PK-8,ES,4320 W 5TH AVE,41.87083,-87.73352,5b,WEST GARFIELD PARK,24,150162990252475,,169,197,200,-31,-15.5,1.2,2026-27,90.5,2026-27,8.3,2026-27,0.0,2026-27,0.0,2026-27,0.0,2026-27,0.0,2026-27,0.0,2026-27,0.0,2026-27,83.4,2026-27,4.7,2026-27,20.1,2026-27,*,2024-25,*,2024-25,4566894,2026-27,27023,2026-27,5884725,2025-26,37.5,2026-27,29010,2024-25,20038,2024-25,8972,2024-25,52.6,2024-25,29.8,2024-25,58.0,2024-25,63.8,2024-25,92.0,2024-25,32.2,2024-25,,,,,,,,,,,,,,,,,,,3.0,2024-25,3.0,2024-25,3.0,2024-25,,,U31221,
610195,SUTHERLAND,Elizabeth H Sutherland Elementary School,district,District,Network 10,Traditional,,,,K-8,ES,10015 S LEAVITT ST,41.71145,-87.67682,9b,BEVERLY,19,150162990252476,,687,664,641,46,7.2,30.1,2026-27,52.1,2026-27,12.8,2026-27,0.1,2026-27,4.8,2026-27,0.0,2026-27,0.0,2026-27,0.0,2026-27,0.0,2026-27,37.6,2026-27,1.5,2026-27,17.3,2026-27,*,2024-25,*,2024-25,9489524,2026-27,13813,2026-27,10028758,2025-26,80.0,2026-27,18129,2024-25,11971,2024-25,6158,2024-25,51.4,2024-25,31.6,2024-25,49.1,2024-25,50.2,2024-25,93.7,2024-25,18.2,2024-25,,,,,,,,,,,,,,,,,,,4.0,2024-25,4.0,2024-25,4.0,2024-25,,,U25561,
610196,SWIFT,George B Swift Elementary Specialty School,district,District,Network 2,Traditional,,,yes,PE-8,ES,5900 N WINTHROP AVE,41.98914,-87.6583,2b,EDGEWATER,48,150162990252477,,516,520,530,-14,-2.6,14.3,2026-27,22.3,2026-27,27.3,2026-27,29.3,2026-27,3.7,2026-27,2.7,2026-27,0.2,2026-27,0.2,2026-27,0.0,2026-27,70.9,2026-27,54.1,2026-27,25.4,2026-27,*,2024-25,*,2024-25,9271527,2026-27,17968,2026-27,9427809,2025-26,84.0,2026-27,20840,2024-25,14033,2024-25,6806,2024-25,37.5,2024-25,24.7,2024-25,47.1,2024-25,53.3,2024-25,92.1,2024-25,27.4,2024-25,,,,,,,,,,,,,,,,,,,3.0,2024-25,3.0,2024-25,3.0,2024-25,,,U25571,
610197,TALCOTT,Mancel Talcott Elementary School,district,District,Network 6,Traditional,,,yes,PK-8,ES,1840 W OHIO ST,41.8924,-87.67372,5b,WEST TOWN,36,150162990252478,,447,454,495,-48,-9.7,13.0,2026-27,3.6,2026-27,79.4,2026-27,0.4,2026-27,2.9,2026-27,0.4,2026-27,0.2,2026-27,0.0,2026-27,0.0,2026-27,59.1,2026-27,57.5,2026-27,22.8,2026-27,3.9,2024-25,*,2024-25,7918583,2026-27,17715,2026-27,8149664,2025-26,67.0,2026-27,20989,2024-25,14065,2024-25,6924,2024-25,33.8,2024-25,24.5,2024-25,40.6,2024-25,36.7,2024-25,91.3,2024-25,32.2,2024-25,,,,,,,,,,,,,,,,,,,3.0,2024-25,3.0,2024-25,4.0,2024-25,,,U25581,
610198,TAYLOR,Douglas Taylor Elementary School,district,District,Network 13,Traditional,,,,PE-8,ES,9912 S AVENUE H,41.71547,-87.53297,10b,EAST SIDE,10,150162990252480,,373,343,337,36,10.7,5.9,2026-27,10.5,2026-27,82.0,2026-27,0.0,2026-27,1.3,2026-27,0.3,2026-27,0.0,2026-27,0.0,2026-27,0.0,2026-27,81.0,2026-27,46.1,2026-27,19.6,2026-27,*,2024-25,*,2024-25,6732782,2026-27,18050,2026-27,6719556,2025-26,57.0,2026-27,23861,2024-25,16763,2024-25,7098,2024-25,25.8,2024-25,15.9,2024-25,48.1,2024-25,49.6,2024-25,91.4,2024-25,34.9,2024-25,,,,,,,,,,,,,,,,,,,4.0,2024-25,4.0,2024-25,3.0,2024-25,,,U25591,
610199,COLEMON,Johnnie Colemon Elementary Academy,district,District,Network 13,Traditional,,,,PE-8,ES,1441 W 119TH ST,41.67751,-87.65811,9b,WEST PULLMAN,21,150162990252918,,157,169,169,-12,-7.1,0.0,2026-27,95.5,2026-27,3.8,2026-27,0.0,2026-27,0.6,2026-27,0.0,2026-27,0.0,2026-27,0.0,2026-27,0.0,2026-27,68.2,2026-27,1.9,2026-27,16.6,2026-27,*,2024-25,*,2024-25,4425075,2026-27,28185,2026-27,4312012,2025-26,36.0,2026-27,31360,2024-25,22544,2024-25,8816,2024-25,50.5,2024-25,32.0,2024-25,49.3,2024-25,53.0,2024-25,92.8,2024-25,30.3,2024-25,,,,,,,,,,,,,,,,,,,4.0,2024-25,4.0,2024-25,5.0,2024-25,,,U26751,
610200,THORP J,James N Thorp Elementary School,district,District,Network 12,Traditional,,,yes,PE-8,ES,8914 S BUFFALO AVE,41.73332,-87.54428,10b,SOUTH CHICAGO,10,150162990252484,,279,291,300,-21,-7.0,2.2,2026-27,77.4,2026-27,19.7,2026-27,0.0,2026-27,0.7,2026-27,0.0,2026-27,0.0,2026-27,0.0,2026-27,0.0,2026-27,81.7,2026-27,15.4,2026-27,39.4,2026-27,6.2,2024-25,*,2024-25,7350701,2026-27,26347,2026-27,13678100,2025-26,67.0,2026-27,29363,2024-25,20583,2024-25,8780,2024-25,25.9,2024-25,7.0,2024-25,43.9,2024-25,44.1,2024-25,86.3,2024-25,53.1,2024-25,,,,,,,,,,,,,,,,,,,3.0,2024-25,3.0,2024-25,3.0,2024-25,,,U25601,
610201,THORP O,Ole A Thorp Elementary Scholastic Academy,district,District,ISP,Traditional,,application,yes,K-8,ES,6024 W WARWICK AVE,41.94857,-87.77763,1b,DUNNING,38,150162990252486,,798,806,833,-35,-4.2,28.3,2026-27,7.3,2026-27,54.5,2026-27,4.9,2026-27,3.9,2026-27,0.6,2026-27,0.5,2026-27,0.0,2026-27,0.0,2026-27,32.3,2026-27,9.5,2026-27,18.0,2026-27,*,2024-25,*,2024-25,12302946,2026-27,15417,2026-27,12897308,2025-26,104.0,2026-27,18608,2024-25,12443,2024-25,6165,2024-25,67.9,2024-25,51.6,2024-25,49.4,2024-25,53.4,2024-25,94.0,2024-25,16.5,2024-25,,,,,,,,,,,,,,,,,,,2.0,2024-25,3.0,2024-25,4.0,2024-25,,,U29301,
610202,TILTON,George W Tilton Elementary School,district,District,Network 5,Traditional,,,,PK-8,ES,223 N KEELER AVE,41.8841,-87.73057,5b,WEST GARFIELD PARK,28,150162990252487,,216,236,241,-25,-10.4,0.5,2026-27,75.9,2026-27,22.2,2026-27,0.0,2026-27,0.9,2026-27,0.5,2026-27,0.0,2026-27,0.0,2026-27,0.0,2026-27,86.6,2026-27,19.0,2026-27,19.0,2026-27,33.3,2024-25,*,2024-25,4831254,2026-27,22367,2026-27,4814194,2025-26,40.0,2026-27,24608,2024-25,16505,2024-25,8103,2024-25,16.3,2024-25,6.0,2024-25,43.1,2024-25,43.9,2024-25,87.1,2024-25,48.0,2024-25,,,,,,,,,,,,,,,,,,,3.0,2024-25,3.0,2024-25,2.0,2024-25,,,U25621,
610203,MONARCAS,Monarcas Academy,district,District,Network 8,Traditional,,,,PE-5,ES,5815 S HOMAN AVE,41.78752,-87.70818,7b,GAGE PARK,14,150162990252488,,704,767,801,-97,-12.1,1.4,2026-27,2.1,2026-27,95.6,2026-27,0.3,2026-27,0.0,2026-27,0.3,2026-27,0.1,2026-27,0.0,2026-27,0.1,2026-27,75.6,2026-27,54.3,2026-27,16.6,2026-27,7.7,2024-25,*,2024-25,11451986,2026-27,16267,2026-27,15880688,2025-26,87.0,2026-27,18652,2024-25,12475,2024-25,6177,2024-25,47.8,2024-25,37.6,2024-25,52.8,2024-25,56.5,2024-25,92.3,2024-25,27.3,2024-25,,,,,,,,,,,,,,,,,,,3.0,2024-25,2.0,2024-25,3.0,2024-25,,,U25631,
610206,TWAIN,Mark Twain Elementary School,district,District,Network 10,Traditional,,,,PE-8,ES,5134 S LOTUS AVE,41.79905,-87.75893,8a,GARFIELD RIDGE,23,150162990252490,,814,836,845,-31,-3.7,6.6,2026-27,2.3,2026-27,90.4,2026-27,0.2,2026-27,0.2,2026-27,0.0,2026-27,0.1,2026-27,0.0,2026-27,0.0,2026-27,64.9,2026-27,23.5,2026-27,19.0,2026-27,*,2024-25,*,2024-25,11339297,2026-27,13930,2026-27,11505895,2025-26,90.5,2026-27,16918,2024-25,10970,2024-25,5947,2024-25,61.3,2024-25,32.3,2024-25,52.0,2024-25,50.4,2024-25,92.2,2024-25,26.5,2024-25,,,,,,,,,,,,,,,,,,,2.0,2024-25,3.0,2024-25,3.0,2024-25,,,U25661,
610207,VANDERPOEL,John H Vanderpoel Elementary Magnet School,district,District,Network 10,Traditional,,application,,K-8,ES,9510 S PROSPECT AVE,41.72082,-87.66556,9b,BEVERLY,19,150162990252491,,232,223,242,-10,-4.1,0.0,2026-27,97.8,2026-27,1.7,2026-27,0.0,2026-27,0.4,2026-27,0.0,2026-27,0.0,2026-27,0.0,2026-27,0.0,2026-27,59.1,2026-27,0.0,2026-27,18.1,2026-27,*,2024-25,*,2024-25,4884134,2026-27,21052,2026-27,4827119,2025-26,41.5,2026-27,21333,2024-25,13952,2024-25,7381,2024-25,43.1,2024-25,10.2,2024-25,48.0,2024-25,38.3,2024-25,94.3,2024-25,14.1,2024-25,,,,,,,,,,,,,,,,,,,2.0,2024-25,2.0,2024-25,3.0,2024-25,,,U29311,
610208,LAVIZZO,Mildred I Lavizzo Elementary School,district,District,Network 13,Traditional,,,,PE-8,ES,138 W 109TH ST,41.69626,-87.62715,9b,ROSELAND,9,150162990252492,,343,383,394,-51,-12.9,1.7,2026-27,82.5,2026-27,13.7,2026-27,0.0,2026-27,1.7,2026-27,0.3,2026-27,0.0,2026-27,0.0,2026-27,0.0,2026-27,85.1,2026-27,10.5,2026-27,19.5,2026-27,4.1,2024-25,*,2024-25,6637420,2026-27,19351,2026-27,6269841,2025-26,58.0,2026-27,18975,2024-25,11977,2024-25,6998,2024-25,25.5,2024-25,6.3,2024-25,42.4,2024-25,42.4,2024-25,87.8,2024-25,48.5,2024-25,,,,,,,,,,,,,,,,,,,3.0,2024-25,3.0,2024-25,3.0,2024-25,,,U25671,
610209,VOLTA,Alessandro Volta Elementary School,district,District,Network 1,Traditional,,,,PE-8,ES,4950 N AVERS AVE,41.97163,-87.72461,2b,ALBANY PARK,39,150162990252494,,584,695,736,-152,-20.7,4.3,2026-27,3.4,2026-27,63.5,2026-27,25.7,2026-27,1.7,2026-27,1.4,2026-27,0.0,2026-27,0.0,2026-27,0.0,2026-27,83.4,2026-27,78.4,2026-27,11.0,2026-27,2.4,2024-25,*,2024-25,10028228,2026-27,17172,2026-27,9849720,2025-26,82.5,2026-27,17853,2024-25,11914,2024-25,5940,2024-25,22.3,2024-25,16.9,2024-25,51.9,2024-25,51.8,2024-25,91.7,2024-25,27.4,2024-25,,,,,,,,,,,,,,,,,,,2.0,2024-25,2.0,2024-25,3.0,2024-25,,,U25681,
610212,ALBANY PARK,Albany Park Multicultural Academy,district,District,Network 1,Traditional,,,,7-8,ES,4929 N SAWYER AVE,41.9715,-87.71061,2b,ALBANY PARK,33,150162990252850,,206,229,244,-38,-15.6,8.3,2026-27,5.8,2026-27,80.1,2026-27,4.4,2026-27,1.0,2026-27,0.5,2026-27,0.0,2026-27,0.0,2026-27,0.0,2026-27,87.9,2026-27,62.6,2026-27,16.5,2026-27,4.1,2024-25,*,2024-25,3568477,2026-27,17323,2026-27,3817218,2025-26,27.0,2026-27,20123,2024-25,13010,2024-25,7113,2024-25,36.4,2024-25,21.6,2024-25,51.0,2024-25,53.8,2024-25,93.7,2024-25,21.1,2024-25,,,,,,,,,,,,,,,,,,,4.0,2024-25,4.0,2024-25,4.0,2024-25,,,U32011,
610213,WADSWORTH,James Wadsworth Elementary School,district,District,Network 9,Traditional,,,,PE-8,ES,6650 S ELLIS AVE,41.77348,-87.60102,6b,WOODLAWN,20,150162990252498,,439,470,487,-48,-9.9,0.0,2026-27,91.3,2026-27,7.7,2026-27,0.0,2026-27,0.9,2026-27,0.0,2026-27,0.0,2026-27,0.0,2026-27,0.0,2026-27,80.9,2026-27,3.9,2026-27,18.7,2026-27,*,2024-25,*,2024-25,7591976,2026-27,17294,2026-27,7348398,2025-26,65.0,2026-27,18326,2024-25,11892,2024-25,6434,2024-25,27.2,2024-25,8.4,2024-25,50.1,2024-25,52.8,2024-25,87.7,2024-25,48.1,2024-25,,,,,,,,,,,,,,,,,,,3.0,2024-25,3.0,2024-25,3.0,2024-25,,,U25711,
610215,MADERO,Francisco I Madero Middle School,district,District,Network 7,Traditional,,,,6-8,ES,3202 W 28TH ST,41.84096,-87.70506,7a,SOUTH LAWNDALE,22,150162990252838,,187,209,232,-45,-19.4,2.1,2026-27,0.5,2026-27,96.8,2026-27,0.0,2026-27,0.5,2026-27,0.0,2026-27,0.0,2026-27,0.0,2026-27,0.0,2026-27,92.5,2026-27,54.0,2026-27,18.2,2026-27,*,2024-25,*,2024-25,3864211,2026-27,20664,2026-27,4354332,2025-26,29.5,2026-27,25190,2024-25,17044,2024-25,8146,2024-25,33.0,2024-25,12.1,2024-25,48.5,2024-25,52.8,2024-25,89.2,2024-25,40.3,2024-25,,,,,,,,,,,,,,,,,,,5.0,2024-25,4.0,2024-25,5.0,2024-25,,,U41041,
610216,WALSH,John A Walsh Elementary School,district,District,Network 7,Traditional,,,yes,PE-8,ES,2015 S PEORIA ST,41.85484,-87.64809,7a,LOWER WEST SIDE,25,150162990252500,,232,231,253,-21,-8.3,6.5,2026-27,18.1,2026-27,66.4,2026-27,5.6,2026-27,1.7,2026-27,1.7,2026-27,0.0,2026-27,0.0,2026-27,0.0,2026-27,68.5,2026-27,44.4,2026-27,39.2,2026-27,18.8,2024-25,*,2024-25,6526023,2026-27,28129,2026-27,6209412,2025-26,54.0,2026-27,32707,2024-25,22851,2024-25,9856,2024-25,35.9,2024-25,27.2,2024-25,43.7,2024-25,48.5,2024-25,88.0,2024-25,48.8,2024-25,,,,,,,,,,,,,,,,,,,3.0,2024-25,3.0,2024-25,3.0,2024-25,,,U25731,
610217,WARD J,James Ward Elementary School,district,District,Network 6,Traditional,,,,PK-8,ES,2701 S SHIELDS AVE,41.84398,-87.63536,7b,ARMOUR SQUARE,11,150162990252501,,448,473,499,-51,-10.2,6.2,2026-27,7.1,2026-27,10.5,2026-27,74.6,2026-27,0.9,2026-27,0.0,2026-27,0.0,2026-27,0.7,2026-27,0.0,2026-27,68.5,2026-27,50.0,2026-27,12.7,2026-27,2.4,2024-25,*,2024-25,7366145,2026-27,16442,2026-27,7340511,2025-26,55.5,2026-27,18340,2024-25,11934,2024-25,6407,2024-25,62.6,2024-25,63.3,2024-25,53.0,2024-25,71.8,2024-25,96.7,2024-25,7.9,2024-25,,,,,,,,,,,,,,,,,,,4.0,2024-25,4.0,2024-25,4.0,2024-25,,,U25751,
610218,WARREN,Joseph Warren Elementary School,district,District,Network 12,Traditional,,,,PK-8,ES,9239 S JEFFERY AVE,41.72676,-87.57535,10b,CALUMET HEIGHTS,7,150162990252502,,303,297,315,-12,-3.8,0.0,2026-27,95.4,2026-27,4.3,2026-27,0.0,2026-27,0.3,2026-27,0.0,2026-27,0.0,2026-27,0.0,2026-27,0.0,2026-27,72.3,2026-27,2.0,2026-27,14.2,2026-27,*,2024-25,*,2024-25,4627609,2026-27,15273,2026-27,4348742,2025-26,38.0,2026-27,16898,2024-25,10056,2024-25,6842,2024-25,35.2,2024-25,10.4,2024-25,54.5,2024-25,51.0,2024-25,89.4,2024-25,38.1,2024-25,,,,,,,,,,,,,,,,,,,4.0,2024-25,4.0,2024-25,4.0,2024-25,,,U25761,
610219,WASHINGTON G ES,George Washington Elementary School,district,District,Network 13,Traditional,,,,PK-8,ES,3611 E 114TH ST,41.68813,-87.53602,10b,EAST SIDE,10,150162990252503,,567,573,570,-3,-0.5,6.9,2026-27,3.5,2026-27,88.4,2026-27,0.5,2026-27,0.2,2026-27,0.5,2026-27,0.0,2026-27,0.0,2026-27,0.0,2026-27,72.1,2026-27,21.2,2026-27,17.6,2026-27,*,2024-25,*,2024-25,8084437,2026-27,14258,2026-27,8930941,2025-26,61.0,2026-27,18168,2024-25,11818,2024-25,6350,2024-25,61.7,2024-25,31.6,2024-25,56.5,2024-25,55.9,2024-25,91.8,2024-25,28.8,2024-25,,,,,,,,,,,,,,,,,,,3.0,2024-25,3.0,2024-25,3.0,2024-25,,,U25771,
610220,WATERS,Thomas J Waters Elementary School,district,District,Network 2,Traditional,,,,PK-8,ES,4540 N CAMPBELL AVE,41.96437,-87.69133,2b,LINCOLN SQUARE,47,150162990252504,,752,716,701,51,7.3,60.8,2026-27,1.6,2026-27,22.2,2026-27,5.1,2026-27,9.7,2026-27,0.0,2026-27,0.1,2026-27,0.0,2026-27,0.5,2026-27,18.4,2026-27,8.1,2026-27,12.0,2026-27,2.7,2024-25,*,2024-25,8856321,2026-27,11777,2026-27,8953208,2025-26,73.0,2026-27,16564,2024-25,10462,2024-25,6102,2024-25,68.9,2024-25,63.8,2024-25,47.6,2024-25,56.2,2024-25,94.1,2024-25,14.3,2024-25,,,,,,,,,,,,,,,,,,,3.0,2024-25,3.0,2024-25,4.0,2024-25,,,U25781,
610221,WEBSTER,Daniel Webster Elementary School,district,District,Network 5,Traditional,,,,PE-8,ES,4055 W ARTHINGTON ST,41.86992,-87.72752,5b,WEST GARFIELD PARK,24,150162990252505,,166,186,188,-22,-11.7,0.0,2026-27,92.2,2026-27,7.8,2026-27,0.0,2026-27,0.0,2026-27,0.0,2026-27,0.0,2026-27,0.0,2026-27,0.0,2026-27,75.9,2026-27,6.0,2026-27,15.1,2026-27,12.6,2024-25,*,2024-25,4131235,2026-27,24887,2026-27,4981874,2025-26,33.0,2026-27,30496,2024-25,21415,2024-25,9081,2024-25,32.4,2024-25,40.0,2024-25,45.5,2024-25,60.9,2024-25,91.8,2024-25,30.7,2024-25,,,,,,,,,,,,,,,,,,,3.0,2024-25,3.0,2024-25,3.0,2024-25,,,U25791,
610223,WENTWORTH,Daniel S Wentworth Elementary School,district,District,Network 11,Traditional,,,yes,PE-8,ES,1340 W 71ST ST,41.76508,-87.6582,9a,WEST ENGLEWOOD,17,150162990252506,,468,452,434,34,7.8,0.4,2026-27,70.7,2026-27,28.4,2026-27,0.0,2026-27,0.0,2026-27,0.0,2026-27,0.0,2026-27,0.0,2026-27,0.4,2026-27,83.5,2026-27,21.2,2026-27,29.1,2026-27,22.8,2024-25,2.3,2024-25,9213784,2026-27,19688,2026-27,8723709,2025-26,76.0,2026-27,23894,2024-25,16134,2024-25,7760,2024-25,14.4,2024-25,4.6,2024-25,45.2,2024-25,47.2,2024-25,86.5,2024-25,54.4,2024-25,,,,,,,,,,,,,,,,,,,2.0,2024-25,2.0,2024-25,2.0,2024-25,,,U25811,
610225,WHISTLER,John Whistler Elementary School,district,District,Network 13,Traditional,,,yes,PK-8,ES,11533 S ADA ST,41.68391,-87.65538,9b,WEST PULLMAN,21,150162990252512,,211,220,244,-33,-13.5,0.0,2026-27,98.1,2026-27,1.9,2026-27,0.0,2026-27,0.0,2026-27,0.0,2026-27,0.0,2026-27,0.0,2026-27,0.0,2026-27,84.8,2026-27,0.5,2026-27,28.9,2026-27,*,2024-25,*,2024-25,5259973,2026-27,24929,2026-27,5168723,2025-26,48.5,2026-27,23107,2024-25,14694,2024-25,8412,2024-25,40.2,2024-25,15.3,2024-25,60.4,2024-25,50.3,2024-25,90.5,2024-25,33.8,2024-25,,,,,,,,,,,,,,,,,,,3.0,2024-25,3.0,2024-25,3.0,2024-25,,,U25831,
610226,SANDOVAL,Socorro Sandoval Elementary School,district,District,Network 8,Traditional,,,,PK-5,ES,5534 S SAINT LOUIS AVE,41.79235,-87.71099,7b,GAGE PARK,14,150162990252914,,675,705,732,-57,-7.8,1.8,2026-27,1.9,2026-27,94.5,2026-27,0.1,2026-27,0.3,2026-27,1.3,2026-27,0.0,2026-27,0.0,2026-27,0.0,2026-27,78.8,2026-27,72.6,2026-27,17.6,2026-27,2.9,2024-25,*,2024-25,10153855,2026-27,15043,2026-27,9880939,2025-26,83.0,2026-27,17345,2024-25,11299,2024-25,6047,2024-25,31.5,2024-25,32.5,2024-25,43.1,2024-25,45.4,2024-25,92.4,2024-25,24.2,2024-25,,,,,,,,,,,,,,,,,,,4.0,2024-25,4.0,2024-25,4.0,2024-25,,,U26721,
610227,WHITNEY,Eli Whitney Elementary School,district,District,Network 7,Traditional,,,,PE-8,ES,2815 S KOMENSKY AVE,41.84008,-87.72555,7a,SOUTH LAWNDALE,22,150162990252513,,468,501,558,-90,-16.1,0.9,2026-27,0.4,2026-27,98.7,2026-27,0.0,2026-27,0.0,2026-27,0.0,2026-27,0.0,2026-27,0.0,2026-27,0.0,2026-27,85.9,2026-27,64.3,2026-27,15.0,2026-27,10.8,2024-25,*,2024-25,7937308,2026-27,16960,2026-27,8390434,2025-26,65.0,2026-27,19635,2024-25,13389,2024-25,6246,2024-25,27.4,2024-25,16.1,2024-25,46.1,2024-25,52.4,2024-25,90.0,2024-25,36.6,2024-25,,,,,,,,,,,,,,,,,,,4.0,2024-25,4.0,2024-25,4.0,2024-25,,,U25841,
610228,WHITTIER,John Greenleaf Whittier Elementary School,district,District,Network 7,Traditional,,,,PE-8,ES,1900 W 23RD ST,41.85048,-87.67339,7a,LOWER WEST SIDE,25,150162990252514,,180,188,219,-39,-17.8,5.0,2026-27,3.3,2026-27,88.3,2026-27,0.0,2026-27,2.8,2026-27,0.6,2026-27,0.0,2026-27,0.0,2026-27,0.0,2026-27,73.9,2026-27,65.6,2026-27,17.2,2026-27,23.5,2024-25,*,2024-25,3846584,2026-27,21370,2026-27,3965577,2025-26,33.0,2026-27,24332,2024-25,16114,2024-25,8218,2024-25,16.9,2024-25,12.4,2024-25,41.7,2024-25,53.4,2024-25,89.3,2024-25,40.6,2024-25,,,,,,,,,,,,,,,,,,,3.0,2024-25,3.0,2024-25,3.0,2024-25,,,U25861,
610229,PRITZKER,A.N. Pritzker School,district,District,Network 6,Traditional,,exam,,PE-8,ES,2009 W SCHILLER ST,41.90705,-87.67776,6a,WEST TOWN,1,150162990252510,,683,681,677,6,0.9,41.7,2026-27,19.8,2026-27,18.6,2026-27,8.6,2026-27,10.8,2026-27,0.4,2026-27,0.0,2026-27,0.0,2026-27,0.0,2026-27,23.9,2026-27,3.2,2026-27,12.9,2026-27,*,2024-25,*,2024-25,8027313,2026-27,11753,2026-27,8138616,2025-26,63.5,2026-27,15602,2024-25,9496,2024-25,6106,2024-25,78.4,2024-25,67.0,2024-25,50.1,2024-25,52.7,2024-25,93.8,2024-25,16.6,2024-25,,,,,,,,,,,,,,,,,,,4.0,2024-25,4.0,2024-25,4.0,2024-25,,,U25871,
610230,WILDWOOD,Wildwood IB World Magnet School,district,District,Network 1,Traditional,,application,,PK-8,ES,6950 N HIAWATHA AVE,42.00749,-87.77834,1a,FOREST GLEN,45,150162990252516,,520,516,517,3,0.6,58.7,2026-27,2.3,2026-27,19.4,2026-27,8.8,2026-27,10.8,2026-27,0.0,2026-27,0.0,2026-27,0.0,2026-27,0.0,2026-27,10.0,2026-27,11.0,2026-27,12.7,2026-27,*,2024-25,*,2024-25,7064720,2026-27,13586,2026-27,7154782,2025-26,57.0,2026-27,18240,2024-25,11515,2024-25,6725,2024-25,67.7,2024-25,65.7,2024-25,47.4,2024-25,51.5,2024-25,93.6,2024-25,15.1,2024-25,,,,,,,,,,,,,,,,,,,3.0,2024-25,3.0,2024-25,4.0,2024-25,,,U25881,
610231,NATIONAL TEACHERS,National Teachers Elementary Academy,district,District,Network 6,Traditional,,,,PE-8,ES,55 W CERMAK RD,41.8528,-87.62931,8b,NEAR SOUTH SIDE,3,150162990252924,,770,805,796,-26,-3.3,10.3,2026-27,73.0,2026-27,6.1,2026-27,3.1,2026-27,7.4,2026-27,0.0,2026-27,0.0,2026-27,0.0,2026-27,0.1,2026-27,60.1,2026-27,1.9,2026-27,13.4,2026-27,4.3,2024-25,*,2024-25,11168037,2026-27,14504,2026-27,10175886,2025-26,94.5,2026-27,16081,2024-25,10144,2024-25,5937,2024-25,42.1,2024-25,30.0,2024-25,48.8,2024-25,53.2,2024-25,91.8,2024-25,29.4,2024-25,,,,,,,,,,,,,,,,,,,3.0,2024-25,3.0,2024-25,4.0,2024-25,,,U32031,
610234,YATES,Richard Yates Elementary School,district,District,Network 5,Traditional,,,yes,PK-8,ES,1839 N RICHMOND ST,41.91504,-87.70028,3b,LOGAN SQUARE,26,150162990252542,,212,235,271,-59,-21.8,4.2,2026-27,26.4,2026-27,67.5,2026-27,0.5,2026-27,0.5,2026-27,0.5,2026-27,0.0,2026-27,0.0,2026-27,0.5,2026-27,86.3,2026-27,37.7,2026-27,39.2,2026-27,18.0,2024-25,*,2024-25,7115047,2026-27,33562,2026-27,7261568,2025-26,60.0,2026-27,35415,2024-25,24699,2024-25,10716,2024-25,26.9,2024-25,14.3,2024-25,58.2,2024-25,52.9,2024-25,89.3,2024-25,42.2,2024-25,,,,,,,,,,,,,,,,,,,3.0,2024-25,3.0,2024-25,3.0,2024-25,,,U25911,
610235,YOUNG ES,Ella Flagg Young Elementary School,district,District,Network 3,Traditional,,,,PE-8,ES,1434 N PARKSIDE AVE,41.90679,-87.76714,5a,AUSTIN,29,150162990252525,,372,382,408,-36,-8.8,1.1,2026-27,62.4,2026-27,34.7,2026-27,0.0,2026-27,0.3,2026-27,1.1,2026-27,0.5,2026-27,0.0,2026-27,0.0,2026-27,82.8,2026-27,29.8,2026-27,14.8,2026-27,7.7,2024-25,*,2024-25,7552019,2026-27,20301,2026-27,6890965,2025-26,57.5,2026-27,19385,2024-25,12737,2024-25,6648,2024-25,22.7,2024-25,7.8,2024-25,43.2,2024-25,44.8,2024-25,87.1,2024-25,50.0,2024-25,,,,,,,,,,,,,,,,,,,3.0,2024-25,3.0,2024-25,3.0,2024-25,,,U25921,
610237,BEETHOVEN,Ludwig Van Beethoven Elementary School,district,District,Network 9,Traditional,,,,PE-8,ES,25 W 47TH ST,41.80913,-87.62714,6b,GRAND BOULEVARD,3,150162990252079,,288,293,334,-46,-13.8,0.0,2026-27,97.9,2026-27,2.1,2026-27,0.0,2026-27,0.0,2026-27,0.0,2026-27,0.0,2026-27,0.0,2026-27,0.0,2026-27,77.1,2026-27,1.7,2026-27,28.1,2026-27,26.1,2024-25,*,2024-25,5896692,2026-27,20475,2026-27,5507514,2025-26,57.0,2026-27,19376,2024-25,11743,2024-25,7632,2024-25,12.3,2024-25,3.5,2024-25,44.7,2024-25,38.2,2024-25,82.8,2024-25,60.2,2024-25,,,,,,,,,,,,,,,,,,,3.0,2024-25,2.0,2024-25,2.0,2024-25,,,U25931,
610238,BOND,Carrie Jacobs Bond Elementary School,district,District,Network 11,Traditional,,,yes,PE-8,ES,7050 S MAY ST,41.76536,-87.65302,9a,ENGLEWOOD,16,150162990252088,,211,213,232,-21,-9.1,0.5,2026-27,84.8,2026-27,12.8,2026-27,0.0,2026-27,0.9,2026-27,0.9,2026-27,0.0,2026-27,0.0,2026-27,0.0,2026-27,91.0,2026-27,10.9,2026-27,33.6,2026-27,11.2,2024-25,*,2024-25,5063407,2026-27,23997,2026-27,6386865,2025-26,39.0,2026-27,29055,2024-25,20601,2024-25,8454,2024-25,15.7,2024-25,7.6,2024-25,35.5,2024-25,35.4,2024-25,88.0,2024-25,46.8,2024-25,,,,,,,,,,,,,,,,,,,2.0,2024-25,2.0,2024-25,2.0,2024-25,,,U25941,
610239,DALEY,Richard J Daley Elementary Academy,district,District,Network 8,Traditional,,,,PK-8,ES,5024 S WOLCOTT AVE,41.80234,-87.67221,8b,NEW CITY,20,150162990252837,,489,490,511,-22,-4.3,2.9,2026-27,10.6,2026-27,86.3,2026-27,0.0,2026-27,0.0,2026-27,0.2,2026-27,0.0,2026-27,0.0,2026-27,0.0,2026-27,86.7,2026-27,63.2,2026-27,14.7,2026-27,7.6,2024-25,*,2024-25,7103708,2026-27,14527,2026-27,7219843,2025-26,57.5,2026-27,18225,2024-25,11821,2024-25,6404,2024-25,23.2,2024-25,12.7,2024-25,51.7,2024-25,53.8,2024-25,92.9,2024-25,19.6,2024-25,,,,,,,,,,,,,,,,,,,2.0,2024-25,3.0,2024-25,3.0,2024-25,,,U25951,
610242,BRENNEMANN,Joseph Brennemann Elementary School,district,District,Network 2,Traditional,,,yes,PE-8,ES,4251 N CLARENDON AVE,41.95998,-87.64975,4a,UPTOWN,46,150162990252093,,410,451,480,-70,-14.6,5.6,2026-27,45.6,2026-27,37.8,2026-27,3.2,2026-27,3.2,2026-27,2.0,2026-27,0.2,2026-27,0.2,2026-27,2.2,2026-27,82.0,2026-27,47.3,2026-27,23.4,2026-27,5.8,2024-25,*,2024-25,7930912,2026-27,19344,2026-27,7525289,2025-26,70.0,2026-27,21355,2024-25,14362,2024-25,6993,2024-25,27.3,2024-25,15.9,2024-25,48.7,2024-25,55.4,2024-25,87.8,2024-25,43.8,2024-25,,,,,,,,,,,,,,,,,,,3.0,2024-25,3.0,2024-25,3.0,2024-25,,,U25991,
610244,CLARK HS,Michele Clark Academic Prep Magnet High School,district,District,ISP,Traditional,,application,yes,9-12,HS,5101 W HARRISON ST,41.87289,-87.75332,5a,AUSTIN,29,150162990250827,,446,448,445,1,0.2,0.0,2026-27,94.2,2026-27,5.6,2026-27,0.0,2026-27,0.0,2026-27,0.2,2026-27,0.0,2026-27,0.0,2026-27,0.0,2026-27,96.9,2026-27,2.2,2026-27,23.3,2026-27,5.9,2024-25,*,2024-25,8386207,2026-27,18803,2026-27,8497276,2025-26,70.0,2026-27,22618,2024-25,15605,2024-25,7014,2024-25,,,,,,,,,68.6,2024-25,88.1,2024-25,87.8,2024-25,73.2,2024-25,41.7,2024-25,4.1,2023-24,0.0,2023-24,12.3,2024-25,1.5,2024-25,12.7,2024-25,14.0,2024-25,3.0,2024-25,3.0,2024-25,3.0,2024-25,3.0,2024-25,U41051,
610245,DOUGLASS HS,Frederick A Douglass Academy High School,district,District,Network 15,Traditional,,,,9-12,HS,543 N WALLER AVE,41.89037,-87.76767,5a,AUSTIN,29,150162990250831,,29,27,28,1,3.6,0.0,2026-27,93.1,2026-27,6.9,2026-27,0.0,2026-27,0.0,2026-27,0.0,2026-27,0.0,2026-27,0.0,2026-27,0.0,2026-27,100.0,2026-27,6.9,2026-27,44.8,2026-27,37.0,2024-25,*,2024-25,3381028,2026-27,116587,2026-27,3622024,2025-26,26.0,2026-27,54695,2024-25,42536,2024-25,12160,2024-25,,,,,,,,,83.0,2024-25,65.6,2024-25,*,2024-25,*,2024-25,*,2024-25,0.0,2023-24,0.0,2023-24,*,2024-25,*,2024-25,*,2024-25,*,2024-25,4.0,2024-25,4.0,2024-25,4.0,2024-25,3.0,2024-25,U41061,budget_pp_outlier;low_n;ppe_outlier
610246,BEASLEY,Edward Beasley Elementary Magnet Academic Center,district,District,Network 9,Traditional,,exam,yes,PE-8,ES,5255 S STATE ST,41.79846,-87.62569,6b,WASHINGTON PARK,3,150162990252800,,1183,1158,1130,53,4.7,0.3,2026-27,94.7,2026-27,2.5,2026-27,0.0,2026-27,1.3,2026-27,0.3,2026-27,0.0,2026-27,0.0,2026-27,0.8,2026-27,67.5,2026-27,0.7,2026-27,16.8,2026-27,8.5,2024-25,*,2024-25,17196749,2026-27,14537,2026-27,17302476,2025-26,152.5,2026-27,16848,2024-25,11099,2024-25,5749,2024-25,46.8,2024-25,27.7,2024-25,43.2,2024-25,46.4,2024-25,90.7,2024-25,35.0,2024-25,,,,,,,,,,,,,,,,,,,3.0,2024-25,3.0,2024-25,3.0,2024-25,,,U29321,
610248,CHICAGO ACADEMY ES,Chicago Academy Elementary School,district,District,Network 1,Traditional,,,,PK-8,ES,3400 N AUSTIN AVE,41.94306,-87.77819,1b,DUNNING,30,150162990252920,,550,561,550,0,0.0,19.6,2026-27,2.0,2026-27,73.1,2026-27,2.4,2026-27,2.7,2026-27,0.2,2026-27,0.0,2026-27,0.0,2026-27,0.0,2026-27,59.5,2026-27,32.4,2026-27,17.8,2026-27,*,2024-25,*,2024-25,7988968,2026-27,14525,2026-27,8161491,2025-26,64.5,2026-27,18843,2024-25,12502,2024-25,6341,2024-25,56.9,2024-25,33.8,2024-25,56.3,2024-25,42.2,2024-25,92.4,2024-25,25.8,2024-25,,,,,,,,,,,,,,,,,,,4.0,2024-25,4.0,2024-25,3.0,2024-25,,,U45211,
610249,TALMAN,Talman Elementary School,district,District,Network 8,Traditional,,,yes,PE-8,ES,5450 S TALMAN AVE,41.79405,-87.69026,7b,GAGE PARK,14,150162990252926,,339,327,332,7,2.1,10.3,2026-27,0.6,2026-27,88.2,2026-27,0.3,2026-27,0.6,2026-27,0.0,2026-27,0.0,2026-27,0.0,2026-27,0.0,2026-27,79.1,2026-27,59.0,2026-27,23.9,2026-27,*,2024-25,*,2024-25,6289055,2026-27,18552,2026-27,6881999,2025-26,55.0,2026-27,22640,2024-25,15348,2024-25,7293,2024-25,52.8,2024-25,30.5,2024-25,57.7,2024-25,52.6,2024-25,91.6,2024-25,30.1,2024-25,,,,,,,,,,,,,,,,,,,3.0,2024-25,4.0,2024-25,4.0,2024-25,,,U26781,
610250,SALAZAR,Ruben Salazar Elementary Bilingual Center,district,District,Network 6,Traditional,,,,PE-8,ES,160 W WENDELL ST,41.90142,-87.63363,6a,NEAR NORTH SIDE,27,150162990252706,,204,265,349,-145,-41.5,2.0,2026-27,9.8,2026-27,84.3,2026-27,1.0,2026-27,1.5,2026-27,1.5,2026-27,0.0,2026-27,0.0,2026-27,0.0,2026-27,79.9,2026-27,74.0,2026-27,12.7,2026-27,58.7,2024-25,*,2024-25,4800831,2026-27,23533,2026-27,4948011,2025-26,42.0,2026-27,18427,2024-25,11770,2024-25,6657,2024-25,27.3,2024-25,16.8,2024-25,54.6,2024-25,61.6,2024-25,88.3,2024-25,47.3,2024-25,,,,,,,,,,,,,,,,,,,3.0,2024-25,4.0,2024-25,3.0,2024-25,,,U30101,
610251,CATHER,Willa Cather Elementary School,district,District,Network 5,Traditional,,,yes,PE-8,ES,2908 W WASHINGTON BLVD,41.88295,-87.69919,5b,EAST GARFIELD PARK,27,150162990252127,,289,326,318,-29,-9.1,0.0,2026-27,87.2,2026-27,11.8,2026-27,0.0,2026-27,1.0,2026-27,0.0,2026-27,0.0,2026-27,0.0,2026-27,0.0,2026-27,89.6,2026-27,5.9,2026-27,38.8,2026-27,23.3,2024-25,*,2024-25,7441601,2026-27,25749,2026-27,7166444,2025-26,63.5,2026-27,26766,2024-25,18811,2024-25,7955,2024-25,26.2,2024-25,16.1,2024-25,53.7,2024-25,45.5,2024-25,91.7,2024-25,27.2,2024-25,,,,,,,,,,,,,,,,,,,4.0,2024-25,4.0,2024-25,4.0,2024-25,,,U26021,
610252,DETT,Robert Nathaniel Dett Elementary School,district,District,Network 6,Traditional,,,yes,PE-8,ES,2131 W MONROE ST,41.87987,-87.68031,5b,NEAR WEST SIDE,27,150162990252154,,325,326,325,0,0.0,0.0,2026-27,92.3,2026-27,6.8,2026-27,0.3,2026-27,0.6,2026-27,0.0,2026-27,0.0,2026-27,0.0,2026-27,0.0,2026-27,84.3,2026-27,2.5,2026-27,37.2,2026-27,15.6,2024-25,3.4,2024-25,7249306,2026-27,22306,2026-27,7102933,2025-26,70.0,2026-27,26480,2024-25,17715,2024-25,8766,2024-25,10.3,2024-25,0.7,2024-25,40.5,2024-25,42.3,2024-25,85.3,2024-25,64.6,2024-25,,,,,,,,,,,,,,,,,,,3.0,2024-25,3.0,2024-25,3.0,2024-25,,,U26031,
610254,DVORAK,Dvorak Technology Academy,district,District,Network 7,Traditional,,,,PE-8,ES,3615 W 16TH ST,41.85888,-87.71574,5b,NORTH LAWNDALE,24,150162990252179,,227,242,276,-49,-17.8,2.2,2026-27,74.9,2026-27,21.6,2026-27,0.0,2026-27,0.4,2026-27,0.4,2026-27,0.4,2026-27,0.0,2026-27,0.0,2026-27,83.7,2026-27,22.5,2026-27,16.7,2026-27,18.5,2024-25,*,2024-25,4404719,2026-27,19404,2026-27,5237476,2025-26,40.0,2026-27,21487,2024-25,13939,2024-25,7547,2024-25,21.6,2024-25,4.1,2024-25,50.6,2024-25,41.5,2024-25,87.1,2024-25,52.3,2024-25,,,,,,,,,,,,,,,,,,,3.0,2024-25,3.0,2024-25,3.0,2024-25,,,U26051,
610256,ROBINSON,Jackie Robinson Elementary School,district,District,Network 9,Traditional,,,,PE-3,ES,4225 S LAKE PARK AVE,41.81735,-87.59907,10a,OAKLAND,4,150162990252724,,110,122,114,-4,-3.5,1.8,2026-27,89.1,2026-27,1.8,2026-27,0.9,2026-27,0.0,2026-27,0.0,2026-27,0.0,2026-27,0.0,2026-27,6.4,2026-27,64.5,2026-27,3.6,2026-27,13.6,2026-27,*,2024-25,*,2024-25,3238402,2026-27,29440,2026-27,3216031,2025-26,26.0,2026-27,33929,2024-25,23357,2024-25,10572,2024-25,33.3,2024-25,13.3,2024-25,*,2023-24,*,2023-24,85.4,2024-25,62.0,2024-25,,,,,,,,,,,,,,,,,,,4.0,2024-25,4.0,2024-25,3.0,2024-25,,,U26061,
610257,MORTON,Morton School of Excellence,district,District,Network 5,Traditional,,,,PE-8,ES,431 N TROY ST,41.88918,-87.70511,5b,HUMBOLDT PARK,27,150162990252844,,302,288,269,33,12.3,20.5,2026-27,49.3,2026-27,23.2,2026-27,2.3,2026-27,4.3,2026-27,0.0,2026-27,0.0,2026-27,0.0,2026-27,0.3,2026-27,60.6,2026-27,12.6,2026-27,11.6,2026-27,16.5,2024-25,*,2024-25,6172760,2026-27,20440,2026-27,5640114,2025-26,51.5,2026-27,25095,2024-25,17465,2024-25,7629,2024-25,32.2,2024-25,17.9,2024-25,42.0,2024-25,43.3,2024-25,90.3,2024-25,37.0,2024-25,,,,,,,,,,,,,,,,,,,2.0,2024-25,2.0,2024-25,3.0,2024-25,,,U26091,
610263,DULLES,John Foster Dulles Elementary School,district,District,Network 9,Traditional,,,,PE-8,ES,6311 S CALUMET AVE,41.7799,-87.61721,6b,GREATER GRAND CROSSING,20,150162990252175,,565,597,671,-106,-15.8,0.0,2026-27,95.4,2026-27,4.6,2026-27,0.0,2026-27,0.0,2026-27,0.0,2026-27,0.0,2026-27,0.0,2026-27,0.0,2026-27,86.5,2026-27,1.1,2026-27,14.3,2026-27,4.6,2024-25,*,2024-25,8802420,2026-27,15580,2026-27,8609557,2025-26,77.0,2026-27,16197,2024-25,10164,2024-25,6033,2024-25,13.8,2024-25,3.9,2024-25,45.0,2024-25,42.0,2024-25,91.9,2024-25,26.0,2024-25,,,,,,,,,,,,,,,,,,,3.0,2024-25,3.0,2024-25,2.0,2024-25,,,U26141,
610268,ASHE,Arthur R Ashe Elementary School,district,District,Network 12,Traditional,,,,PE-8,ES,8505 S INGLESIDE AVE,41.74018,-87.60117,10b,CHATHAM,8,150162990252437,,313,355,380,-67,-17.6,2.2,2026-27,78.3,2026-27,15.7,2026-27,0.3,2026-27,1.0,2026-27,1.9,2026-27,0.3,2026-27,0.0,2026-27,0.3,2026-27,85.3,2026-27,18.8,2026-27,15.0,2026-27,14.0,2024-25,*,2024-25,6184150,2026-27,19758,2026-27,8749410,2025-26,50.5,2026-27,18763,2024-25,12208,2024-25,6555,2024-25,24.6,2024-25,3.1,2024-25,52.6,2024-25,48.6,2024-25,82.7,2024-25,66.0,2024-25,,,,,,,,,,,,,,,,,,,3.0,2024-25,3.0,2024-25,2.0,2024-25,,,U26191,
610269,MCCUTCHEON,John T McCutcheon Elementary School,district,District,Network 2,Traditional,,,yes,PE-8,ES,4865 N SHERIDAN RD,41.97095,-87.65476,4a,UPTOWN,46,150162990252344,,324,317,322,2,0.6,9.3,2026-27,51.2,2026-27,27.2,2026-27,9.9,2026-27,1.5,2026-27,0.9,2026-27,0.0,2026-27,0.0,2026-27,0.0,2026-27,71.9,2026-27,37.3,2026-27,38.6,2026-27,18.9,2024-25,*,2024-25,8266139,2026-27,25513,2026-27,8984328,2025-26,76.0,2026-27,30840,2024-25,21921,2024-25,8919,2024-25,33.1,2024-25,14.6,2024-25,38.4,2024-25,47.6,2024-25,89.5,2024-25,34.5,2024-25,,,,,,,,,,,,,,,,,,,4.0,2024-25,4.0,2024-25,3.0,2024-25,,,U26201,
610271,JENSEN,Jensen Elementary Scholastic Academy,district,District,Network 5,Traditional,,application,,PE-8,ES,3030 W HARRISON ST,41.87381,-87.70224,5b,EAST GARFIELD PARK,28,150162990252288,,187,228,254,-67,-26.4,1.1,2026-27,93.6,2026-27,4.8,2026-27,0.0,2026-27,0.5,2026-27,0.0,2026-27,0.0,2026-27,0.0,2026-27,0.0,2026-27,84.0,2026-27,3.2,2026-27,20.9,2026-27,*,2024-25,*,2024-25,5285567,2026-27,28265,2026-27,5392676,2025-26,44.5,2026-27,25366,2024-25,17559,2024-25,7806,2024-25,36.0,2024-25,12.4,2024-25,54.5,2024-25,55.4,2024-25,91.6,2024-25,30.6,2024-25,,,,,,,,,,,,,,,,,,,4.0,2024-25,4.0,2024-25,3.0,2024-25,,,U29341,
610274,JOHNSON,James Weldon Johnson STEAM Elementary School,district,District,Network 5,Traditional,,,,PE-8,ES,1420 S ALBANY AVE,41.86184,-87.70314,5b,NORTH LAWNDALE,24,150162990252290,,221,220,208,13,6.2,0.9,2026-27,80.1,2026-27,17.2,2026-27,0.0,2026-27,0.5,2026-27,1.4,2026-27,0.0,2026-27,0.0,2026-27,0.0,2026-27,85.1,2026-27,12.2,2026-27,23.1,2026-27,*,2024-25,*,2024-25,4738702,2026-27,21442,2026-27,5160771,2025-26,43.0,2026-27,26243,2024-25,18247,2024-25,7995,2024-25,23.1,2024-25,6.8,2024-25,52.3,2024-25,41.0,2024-25,89.0,2024-25,46.3,2024-25,,,,,,,,,,,,,,,,,,,3.0,2024-25,3.0,2024-25,2.0,2024-25,,,U26231,
610276,MOLLISON,Irvin C Mollison Elementary School,district,District,Network 9,Traditional,,,,PE-8,ES,4415 S DR MARTIN L KING JR DR,41.81436,-87.61662,6b,GRAND BOULEVARD,3,150162990252354,,220,214,234,-14,-6.0,0.0,2026-27,94.5,2026-27,2.3,2026-27,0.0,2026-27,1.8,2026-27,1.4,2026-27,0.0,2026-27,0.0,2026-27,0.0,2026-27,78.6,2026-27,0.9,2026-27,18.2,2026-27,12.0,2024-25,*,2024-25,4448765,2026-27,20222,2026-27,4534615,2025-26,38.0,2026-27,23499,2024-25,15568,2024-25,7931,2024-25,13.5,2024-25,7.1,2024-25,50.4,2024-25,46.0,2024-25,85.5,2024-25,60.9,2024-25,,,,,,,,,,,,,,,,,,,2.0,2024-25,2.0,2024-25,1.0,2024-25,,,U26251,
610279,TANNER,Henry O Tanner Elementary School,district,District,Network 12,Traditional,,,,PE-8,ES,7350 S EVANS AVE,41.76067,-87.60679,6b,GREATER GRAND CROSSING,6,150162990252479,,234,247,276,-42,-15.2,0.0,2026-27,92.3,2026-27,7.3,2026-27,0.0,2026-27,0.4,2026-27,0.0,2026-27,0.0,2026-27,0.0,2026-27,0.0,2026-27,87.2,2026-27,5.6,2026-27,23.5,2026-27,17.7,2024-25,*,2024-25,5994382,2026-27,25617,2026-27,8441880,2025-26,49.5,2026-27,25397,2024-25,17382,2024-25,8015,2024-25,20.5,2024-25,3.3,2024-25,47.2,2024-25,48.6,2024-25,87.5,2024-25,51.5,2024-25,,,,,,,,,,,,,,,,,,,3.0,2024-25,3.0,2024-25,3.0,2024-25,,,U26281,
610281,POWELL,Adam Clayton Powell Paideia Community Academy ES,district,District,Network 12,Traditional,,,,PE-8,ES,7511 S SOUTH SHORE DR,41.76033,-87.55679,10a,SOUTH SHORE,7,150162990252785,,466,550,544,-78,-14.3,0.6,2026-27,90.8,2026-27,7.5,2026-27,0.2,2026-27,0.9,2026-27,0.0,2026-27,0.0,2026-27,0.0,2026-27,0.0,2026-27,82.8,2026-27,10.3,2026-27,12.7,2026-27,*,2024-25,*,2024-25,8559293,2026-27,18368,2026-27,8501431,2025-26,69.5,2026-27,19460,2024-25,13220,2024-25,6241,2024-25,30.0,2024-25,7.9,2024-25,52.3,2024-25,45.2,2024-25,88.2,2024-25,45.0,2024-25,,,,,,,,,,,,,,,,,,,3.0,2024-25,3.0,2024-25,3.0,2024-25,,,U26291,
610282,MCNAIR,Ronald E McNair Elementary School,district,District,Network 3,Traditional,,,yes,PE-8,ES,4820 W WALTON ST,41.89782,-87.74673,5a,AUSTIN,37,150162990252634,,334,342,338,-4,-1.2,1.8,2026-27,65.9,2026-27,31.7,2026-27,0.0,2026-27,0.6,2026-27,0.0,2026-27,0.0,2026-27,0.0,2026-27,0.0,2026-27,90.7,2026-27,23.4,2026-27,29.9,2026-27,24.0,2024-25,*,2024-25,9632860,2026-27,28841,2026-27,8789787,2025-26,98.0,2026-27,29395,2024-25,21115,2024-25,8280,2024-25,21.7,2024-25,13.3,2024-25,48.3,2024-25,44.2,2024-25,90.4,2024-25,31.4,2024-25,,,,,,,,,,,,,,,,,,,4.0,2024-25,4.0,2024-25,4.0,2024-25,,,U26301,
610284,NEW FIELD,New Field Elementary School,district,District,Network 2,Traditional,,,yes,PE-4,ES,1707 W MORSE AVE,42.0077,-87.67317,2a,ROGERS PARK,49,150162990252930,,454,512,541,-87,-16.1,14.1,2026-27,30.6,2026-27,40.3,2026-27,8.6,2026-27,5.5,2026-27,0.7,2026-27,0.0,2026-27,0.0,2026-27,0.2,2026-27,60.6,2026-27,47.8,2026-27,23.8,2026-27,3.5,2024-25,*,2024-25,8452548,2026-27,18618,2026-27,9212758,2025-26,68.0,2026-27,21679,2024-25,14668,2024-25,7011,2024-25,35.4,2024-25,35.4,2024-25,39.5,2024-25,41.5,2024-25,92.5,2024-25,24.2,2024-25,,,,,,,,,,,,,,,,,,,3.0,2024-25,3.0,2024-25,4.0,2024-25,,,U22071,
610287,ASHBURN,Ashburn Community Elementary School,district,District,Network 10,Traditional,,,yes,PE-8,ES,8300 S ST LOUIS AVE,41.74235,-87.70961,8a,ASHBURN,18,150162990252922,,309,326,326,-17,-5.2,1.0,2026-27,74.1,2026-27,23.6,2026-27,0.3,2026-27,0.6,2026-27,0.0,2026-27,0.0,2026-27,0.0,2026-27,0.3,2026-27,78.0,2026-27,13.6,2026-27,29.4,2026-27,*,2024-25,*,2024-25,6874376,2026-27,22247,2026-27,7199941,2025-26,57.0,2026-27,24478,2024-25,16853,2024-25,7625,2024-25,39.2,2024-25,11.1,2024-25,50.4,2024-25,42.3,2024-25,90.6,2024-25,35.6,2024-25,,,,,,,,,,,,,,,,,,,3.0,2024-25,3.0,2024-25,4.0,2024-25,,,U32081,
610290,MAYS,Benjamin E Mays Elementary Academy,district,District,Network 11,Traditional,,,yes,PE-8,ES,6656 S NORMAL BLVD,41.77273,-87.63728,9a,ENGLEWOOD,6,150162990252802,,219,254,280,-61,-21.8,1.8,2026-27,86.3,2026-27,11.4,2026-27,0.0,2026-27,0.0,2026-27,0.5,2026-27,0.0,2026-27,0.0,2026-27,0.0,2026-27,78.5,2026-27,12.8,2026-27,15.1,2026-27,*,2024-25,*,2024-25,4487794,2026-27,20492,2026-27,6679578,2025-26,40.0,2026-27,19656,2024-25,12156,2024-25,7500,2024-25,15.8,2024-25,7.5,2024-25,44.3,2024-25,46.4,2024-25,86.4,2024-25,55.1,2024-25,,,,,,,,,,,,,,,,,,,3.0,2024-25,3.0,2024-25,2.0,2024-25,,,U26321,
610291,LEE,Richard Henry Lee Elementary School,district,District,ISP,Traditional,,,,K-8,ES,6448 S TRIPP AVE,41.77531,-87.72888,8a,WEST LAWN,13,150162990252703,,508,536,580,-72,-12.4,0.8,2026-27,1.4,2026-27,97.8,2026-27,0.0,2026-27,0.0,2026-27,0.0,2026-27,0.0,2026-27,0.0,2026-27,0.0,2026-27,79.9,2026-27,30.1,2026-27,18.1,2026-27,4.3,2024-25,*,2024-25,7757974,2026-27,15272,2026-27,8327523,2025-26,65.0,2026-27,17880,2024-25,11724,2024-25,6157,2024-25,44.9,2024-25,36.5,2024-25,53.9,2024-25,55.8,2024-25,90.9,2024-25,35.1,2024-25,,,,,,,,,,,,,,,,,,,4.0,2024-25,4.0,2024-25,3.0,2024-25,,,U26331,
610293,MELODY,Genevieve Melody Elementary School,district,District,Network 5,Traditional,,,,PE-8,ES,3937 W WILCOX ST,41.8788,-87.72466,5b,WEST GARFIELD PARK,28,150162990252352,,328,331,344,-16,-4.7,2.4,2026-27,80.8,2026-27,15.2,2026-27,0.0,2026-27,0.3,2026-27,0.3,2026-27,0.9,2026-27,0.0,2026-27,0.0,2026-27,85.7,2026-27,15.9,2026-27,22.0,2026-27,23.6,2024-25,*,2024-25,6773739,2026-27,20652,2026-27,7012705,2025-26,58.5,2026-27,22349,2024-25,14881,2024-25,7469,2024-25,21.0,2024-25,4.5,2024-25,46.7,2024-25,41.7,2024-25,98.2,2024-25,4.5,2024-25,,,,,,,,,,,,,,,,,,,3.0,2024-25,3.0,2024-25,3.0,2024-25,,,U26351,
610295,HIGGINS,Thomas J Higgins Elementary Community Academy,district,District,Network 13,Traditional,,,,PE-8,ES,11710 S MORGAN ST,41.68103,-87.64699,9b,WEST PULLMAN,21,150162990252266,,267,265,273,-6,-2.2,1.1,2026-27,91.4,2026-27,6.0,2026-27,0.0,2026-27,0.0,2026-27,0.0,2026-27,0.0,2026-27,0.0,2026-27,1.5,2026-27,82.8,2026-27,3.7,2026-27,18.4,2026-27,7.0,2024-25,*,2024-25,5423235,2026-27,20312,2026-27,5340120,2025-26,45.0,2026-27,23194,2024-25,15897,2024-25,7297,2024-25,33.8,2024-25,11.0,2024-25,55.5,2024-25,54.6,2024-25,88.2,2024-25,46.4,2024-25,,,,,,,,,,,,,,,,,,,3.0,2024-25,3.0,2024-25,3.0,2024-25,,,U31251,
610298,LENART,Lenart Elementary Regional Gifted Center,district,District,Network 11,Traditional,,exam,,PE-8,ES,8101 S LASALLE ST,41.74719,-87.62804,10b,CHATHAM,6,150162990252856,,288,300,301,-13,-4.3,13.2,2026-27,71.5,2026-27,5.6,2026-27,6.2,2026-27,3.5,2026-27,0.0,2026-27,0.0,2026-27,0.0,2026-27,0.0,2026-27,33.7,2026-27,1.4,2026-27,5.6,2026-27,*,2024-25,*,2024-25,4316355,2026-27,14987,2026-27,4262749,2025-26,34.0,2026-27,18236,2024-25,11111,2024-25,7125,2024-25,89.0,2024-25,70.9,2024-25,53.2,2024-25,64.3,2024-25,95.5,2024-25,9.5,2024-25,,,,,,,,,,,,,,,,,,,3.0,2024-25,3.0,2024-25,4.0,2024-25,,,U29361,
610299,KING ES,Dr. Martin Luther King Jr Academy of Social Justice,district,District,Network 11,Traditional,,,,PE-8,ES,644 W 71ST ST,41.76533,-87.64133,9a,ENGLEWOOD,6,150162990252267,,211,231,209,2,1.0,0.5,2026-27,69.2,2026-27,28.4,2026-27,0.0,2026-27,1.9,2026-27,0.0,2026-27,0.0,2026-27,0.0,2026-27,0.0,2026-27,79.1,2026-27,20.4,2026-27,15.2,2026-27,14.9,2024-25,*,2024-25,4024393,2026-27,19073,2026-27,6065214,2025-26,33.5,2026-27,23345,2024-25,15096,2024-25,8249,2024-25,15.8,2024-25,5.3,2024-25,42.8,2024-25,38.9,2024-25,84.2,2024-25,54.9,2024-25,,,,,,,,,,,,,,,,,,,2.0,2024-25,2.0,2024-25,,,,,U26371,
610300,WESTCOTT,Oliver S Westcott Elementary School,district,District,Network 11,Traditional,,,,PE-8,ES,409 W 80TH ST,41.74887,-87.63475,10b,CHATHAM,6,150162990252507,,327,359,389,-62,-15.9,0.9,2026-27,90.8,2026-27,7.3,2026-27,0.0,2026-27,0.6,2026-27,0.3,2026-27,0.0,2026-27,0.0,2026-27,0.0,2026-27,83.5,2026-27,4.6,2026-27,21.7,2026-27,5.4,2024-25,4.1,2024-25,6420624,2026-27,19635,2026-27,6511090,2025-26,54.5,2026-27,21550,2024-25,14530,2024-25,7020,2024-25,18.7,2024-25,6.8,2024-25,44.7,2024-25,50.7,2024-25,88.8,2024-25,43.6,2024-25,,,,,,,,,,,,,,,,,,,3.0,2024-25,2.0,2024-25,2.0,2024-25,,,U26381,
610304,PHOENIX MILITARY HS,Phoenix Military Academy High School,district,District,Network 15,Traditional,,application,,9-12,HS,145 S CAMPBELL AVE,41.87912,-87.68696,5b,NEAR WEST SIDE,27,150162990250803,,349,359,367,-18,-4.9,1.4,2026-27,22.6,2026-27,74.5,2026-27,0.9,2026-27,0.3,2026-27,0.0,2026-27,0.3,2026-27,0.0,2026-27,0.0,2026-27,89.4,2026-27,32.1,2026-27,16.9,2026-27,*,2024-25,*,2024-25,6279723,2026-27,17993,2026-27,5951431,2025-26,48.5,2026-27,23314,2024-25,16268,2024-25,7046,2024-25,,,,,,,,,85.0,2024-25,53.3,2024-25,97.1,2024-25,97.9,2024-25,60.5,2024-25,10.7,2023-24,8.7,2023-24,34.7,2024-25,13.3,2024-25,16.7,2024-25,16.1,2024-25,3.0,2024-25,3.0,2024-25,3.0,2024-25,3.0,2024-25,U55011,
610305,LELAND,George Leland Elementary School,district,District,Network 3,Traditional,,,,PE-8,ES,512 S LAVERGNE AVE,41.87359,-87.74928,5a,AUSTIN,29,150162990252714,,452,441,350,102,29.1,1.1,2026-27,76.3,2026-27,22.1,2026-27,0.0,2026-27,0.2,2026-27,0.0,2026-27,0.2,2026-27,0.0,2026-27,0.0,2026-27,87.8,2026-27,18.1,2026-27,21.7,2026-27,5.2,2024-25,*,2024-25,8296946,2026-27,18356,2026-27,7677012,2025-26,77.0,2026-27,23543,2024-25,16221,2024-25,7322,2024-25,16.6,2024-25,6.4,2024-25,41.0,2024-25,46.1,2024-25,94.8,2024-25,17.8,2024-25,,,,,,,,,,,,,,,,,,,3.0,2024-25,3.0,2024-25,3.0,2024-25,,,U26391,
610308,RUDOLPH,Wilma Rudolph Elementary Learning Center,district,District,Network 6,Specialty,sped_specialty,,yes,PE-8,ES,1628 W WASHINGTON BLVD,41.88391,-87.66809,5b,NEAR WEST SIDE,27,150162990253735,,120,117,100,20,20.0,5.0,2026-27,49.2,2026-27,40.0,2026-27,4.2,2026-27,0.0,2026-27,0.0,2026-27,0.0,2026-27,0.0,2026-27,1.7,2026-27,71.7,2026-27,32.5,2026-27,100.0,2026-27,*,2024-25,*,2024-25,6358048,2026-27,52984,2026-27,6218880,2025-26,62.5,2026-27,35779,2024-25,24626,2024-25,11153,2024-25,,,,,,,,,*,2024-25,,,,,,,,,,,,,,,,,,,,,3.0,2024-25,2.0,2024-25,3.0,2024-25,,,U30121,
610312,MCDOWELL,Mary E McDowell Elementary School,district,District,Network 12,Traditional,,,,PK-5,ES,1419 E 89TH ST,41.73313,-87.58959,10b,CALUMET HEIGHTS,8,150162990252737,,106,100,111,-5,-4.5,0.0,2026-27,96.2,2026-27,2.8,2026-27,0.0,2026-27,0.0,2026-27,0.0,2026-27,0.0,2026-27,0.9,2026-27,0.0,2026-27,70.8,2026-27,2.8,2026-27,17.0,2026-27,*,2024-25,*,2024-25,3219370,2026-27,30371,2026-27,2683125,2025-26,28.0,2026-27,30229,2024-25,20202,2024-25,10026,2024-25,41.4,2024-25,22.4,2024-25,47.8,2024-25,29.0,2024-25,94.7,2024-25,17.3,2024-25,,,,,,,,,,,,,,,,,,,4.0,2024-25,3.0,2024-25,3.0,2024-25,,,U26421,
610313,DE DIEGO,Jose De Diego Elementary Community Academy,district,District,Network 5,Traditional,,,yes,PE-8,ES,1313 N CLAREMONT AVE,41.90529,-87.68576,6a,WEST TOWN,1,150162990252825,,339,383,522,-183,-35.1,8.3,2026-27,30.7,2026-27,54.9,2026-27,2.4,2026-27,2.9,2026-27,0.6,2026-27,0.3,2026-27,0.0,2026-27,0.0,2026-27,74.0,2026-27,23.9,2026-27,38.6,2026-27,26.8,2024-25,*,2024-25,9780226,2026-27,28850,2026-27,9570803,2025-26,89.0,2026-27,24254,2024-25,16685,2024-25,7570,2024-25,21.6,2024-25,10.3,2024-25,38.9,2024-25,33.3,2024-25,83.1,2024-25,60.5,2024-25,,,,,,,,,,,,,,,,,,,2.0,2024-25,2.0,2024-25,2.0,2024-25,,,U31261,
610315,WHITE,Edward White Elementary Career Academy,district,District,Network 13,Traditional,,,,PE-8,ES,1136 W 122ND ST,41.67231,-87.65054,9b,WEST PULLMAN,21,150162990252729,,124,120,117,7,6.0,0.8,2026-27,89.5,2026-27,5.6,2026-27,0.0,2026-27,4.0,2026-27,0.0,2026-27,0.0,2026-27,0.0,2026-27,0.0,2026-27,74.2,2026-27,3.2,2026-27,21.0,2026-27,23.3,2024-25,*,2024-25,3489439,2026-27,28141,2026-27,2916850,2025-26,29.0,2026-27,29920,2024-25,19864,2024-25,10057,2024-25,41.8,2024-25,6.3,2024-25,44.2,2024-25,43.0,2024-25,89.2,2024-25,42.9,2024-25,,,,,,,,,,,,,,,,,,,3.0,2024-25,3.0,2024-25,2.0,2024-25,,,U26431,
610316,EARHART,Amelia Earhart Options for Knowledge ES,district,District,Network 12,Traditional,,,,K-8,ES,1710 E 93RD ST,41.72611,-87.58218,10b,CALUMET HEIGHTS,8,150162990252743,,201,206,194,7,3.6,0.0,2026-27,96.5,2026-27,3.5,2026-27,0.0,2026-27,0.0,2026-27,0.0,2026-27,0.0,2026-27,0.0,2026-27,0.0,2026-27,61.7,2026-27,0.0,2026-27,12.9,2026-27,*,2024-25,*,2024-25,3832506,2026-27,19067,2026-27,6662696,2025-26,29.0,2026-27,24592,2024-25,16708,2024-25,7884,2024-25,66.7,2024-25,37.1,2024-25,54.1,2024-25,47.1,2024-25,94.7,2024-25,14.9,2024-25,,,,,,,,,,,,,,,,,,,3.0,2024-25,4.0,2024-25,3.0,2024-25,,,U26441,
610317,BRIGHTON PARK,Brighton Park Elementary School,district,District,Network 8,Traditional,,,,PE-8,ES,3825 S WASHTENAW AVE,41.8239,-87.69208,8b,BRIGHTON PARK,12,150162990252870,,299,304,297,2,0.7,6.4,2026-27,1.7,2026-27,90.0,2026-27,1.3,2026-27,0.0,2026-27,0.7,2026-27,0.0,2026-27,0.0,2026-27,0.0,2026-27,80.9,2026-27,59.2,2026-27,21.1,2026-27,*,2024-25,*,2024-25,5802979,2026-27,19408,2026-27,5727702,2025-26,47.5,2026-27,24913,2024-25,15873,2024-25,9040,2024-25,35.1,2024-25,16.2,2024-25,44.0,2024-25,48.5,2024-25,91.2,2024-25,28.2,2024-25,,,,,,,,,,,,,,,,,,,3.0,2024-25,3.0,2024-25,3.0,2024-25,,,U26451,
610319,EVERGREEN,Evergreen Academy Middle School,district,District,Network 8,Traditional,,,,6-8,ES,3537 S PAULINA ST,41.82936,-87.66782,8b,MCKINLEY PARK,11,150162990252873,,165,176,188,-23,-12.2,3.6,2026-27,3.6,2026-27,87.3,2026-27,4.8,2026-27,0.6,2026-27,0.0,2026-27,0.0,2026-27,0.0,2026-27,0.0,2026-27,83.6,2026-27,32.7,2026-27,17.0,2026-27,*,2024-25,*,2024-25,3752025,2026-27,22740,2026-27,4040277,2025-26,26.0,2026-27,27424,2024-25,19295,2024-25,8129,2024-25,54.7,2024-25,19.1,2024-25,50.9,2024-25,51.9,2024-25,93.1,2024-25,22.3,2024-25,,,,,,,,,,,,,,,,,,,4.0,2024-25,4.0,2024-25,4.0,2024-25,,,U26461,
610323,BOWEN HS,Bowen High School,district,District,Network 17,Traditional,,,yes,9-12,HS,2710 E 89TH ST,41.73463,-87.55755,10b,SOUTH CHICAGO,7,150162990250824,,250,256,231,19,8.2,0.0,2026-27,59.6,2026-27,38.0,2026-27,0.4,2026-27,0.8,2026-27,0.4,2026-27,0.4,2026-27,0.4,2026-27,0.0,2026-27,91.6,2026-27,35.2,2026-27,26.8,2026-27,34.8,2024-25,*,2024-25,6807585,2026-27,27230,2026-27,7212251,2025-26,57.5,2026-27,33127,2024-25,24485,2024-25,8642,2024-25,,,,,,,,,72.6,2024-25,77.0,2024-25,55.9,2024-25,61.7,2024-25,41.7,2024-25,0.0,2023-24,0.0,2023-24,0.0,2024-25,0.0,2024-25,11.3,2024-25,13.0,2024-25,3.0,2024-25,2.0,2024-25,2.0,2024-25,3.0,2024-25,U46491,
610325,AVONDALE-LOGANDALE,Avondale-Logandale Elementary School,district,District,Network 4,Traditional,,,,PE-8,ES,3212 W GEORGE ST,41.93397,-87.70804,3a,AVONDALE,35,150162990252881,,411,440,458,-47,-10.3,4.6,2026-27,13.1,2026-27,80.3,2026-27,0.2,2026-27,1.7,2026-27,0.0,2026-27,0.0,2026-27,0.0,2026-27,0.0,2026-27,78.8,2026-27,46.0,2026-27,21.7,2026-27,*,2024-25,*,2024-25,8488369,2026-27,20653,2026-27,8315894,2025-26,71.0,2026-27,21716,2024-25,15142,2024-25,6574,2024-25,39.8,2024-25,18.7,2024-25,47.4,2024-25,52.9,2024-25,91.0,2024-25,32.3,2024-25,,,,,,,,,,,,,,,,,,,3.0,2024-25,3.0,2024-25,3.0,2024-25,,,U41091,
610329,OROZCO,Orozco Fine Arts & Sciences Elementary School,district,District,Network 7,Traditional,,,,PE-8,ES,1940 W 18TH ST,41.85775,-87.67521,7a,LOWER WEST SIDE,25,150162990252842,,281,284,281,0,0.0,2.8,2026-27,1.4,2026-27,93.2,2026-27,1.1,2026-27,0.7,2026-27,0.7,2026-27,0.0,2026-27,0.0,2026-27,0.0,2026-27,53.0,2026-27,48.8,2026-27,15.3,2026-27,*,2024-25,*,2024-25,4669427,2026-27,16617,2026-27,5312875,2025-26,37.0,2026-27,22280,2024-25,14583,2024-25,7697,2024-25,48.1,2024-25,34.2,2024-25,47.5,2024-25,49.8,2024-25,94.1,2024-25,15.7,2024-25,,,,,,,,,,,,,,,,,,,3.0,2024-25,3.0,2024-25,4.0,2024-25,,,U31281,
610334,RABY HS,Al Raby High School,district,District,Network 15,Traditional,,,yes,9-12,HS,3545 W FULTON BLVD,41.88621,-87.71542,5b,EAST GARFIELD PARK,28,150162990250826,,64,78,110,-46,-41.8,1.6,2026-27,78.1,2026-27,20.3,2026-27,0.0,2026-27,0.0,2026-27,0.0,2026-27,0.0,2026-27,0.0,2026-27,0.0,2026-27,98.4,2026-27,17.2,2026-27,68.8,2026-27,11.7,2024-25,*,2024-25,5168531,2026-27,80758,2026-27,5088014,2025-26,45.0,2026-27,41986,2024-25,30595,2024-25,11391,2024-25,,,,,,,,,72.1,2024-25,78.8,2024-25,85.7,2024-25,100.0,2024-25,51.1,2024-25,0.0,2023-24,0.0,2023-24,0.0,2024-25,0.0,2024-25,9.9,2024-25,12.3,2024-25,3.0,2024-25,3.0,2024-25,2.0,2024-25,3.0,2024-25,U46471,budget_pp_outlier
610339,STAGG,Amos Alonzo Stagg Elementary School,district,District,Network 11,Traditional,,,,PE-8,ES,7424 S MORGAN ST,41.75892,-87.64922,9a,ENGLEWOOD,17,150162990252464,,371,396,381,-10,-2.6,0.8,2026-27,78.2,2026-27,18.1,2026-27,0.0,2026-27,1.9,2026-27,1.1,2026-27,0.0,2026-27,0.0,2026-27,0.0,2026-27,68.7,2026-27,17.3,2026-27,24.5,2026-27,5.9,2024-25,*,2024-25,6776887,2026-27,18267,2026-27,6528264,2025-26,60.0,2026-27,20967,2024-25,13464,2024-25,7504,2024-25,20.3,2024-25,12.4,2024-25,47.7,2024-25,58.1,2024-25,86.4,2024-25,53.7,2024-25,,,,,,,,,,,,,,,,,,,3.0,2024-25,3.0,2024-25,3.0,2024-25,,,U26521,
610340,CHICAGO ACADEMY HS,Chicago Academy High School,district,District,Network 14,Traditional,,,,9-12,HS,3400 N AUSTIN AVE,41.94305,-87.77685,1b,DUNNING,30,150162990250820,,555,562,577,-22,-3.8,13.3,2026-27,1.4,2026-27,82.3,2026-27,1.4,2026-27,0.2,2026-27,0.5,2026-27,0.7,2026-27,0.0,2026-27,0.0,2026-27,80.5,2026-27,35.3,2026-27,17.5,2026-27,2.3,2024-25,*,2024-25,8332921,2026-27,15014,2026-27,8490222,2025-26,63.5,2026-27,18521,2024-25,12184,2024-25,6337,2024-25,,,,,,,,,89.0,2024-25,37.7,2024-25,95.0,2024-25,91.4,2024-25,80.3,2024-25,14.9,2023-24,10.6,2023-24,53.8,2024-25,23.9,2024-25,17.7,2024-25,16.8,2024-25,3.0,2024-25,3.0,2024-25,3.0,2024-25,3.0,2024-25,U46481,
610342,SABIN,Albert R Sabin Elementary Magnet School,district,District,Network 6,Traditional,,application,,PE-8,ES,2216 W HIRSCH ST,41.90682,-87.68305,6a,WEST TOWN,1,150162990252828,,317,321,366,-49,-13.4,6.6,2026-27,26.2,2026-27,63.4,2026-27,0.3,2026-27,3.2,2026-27,0.3,2026-27,0.0,2026-27,0.0,2026-27,0.0,2026-27,74.1,2026-27,29.3,2026-27,15.8,2026-27,11.6,2024-25,*,2024-25,6338681,2026-27,19996,2026-27,6320351,2025-26,51.5,2026-27,22358,2024-25,15510,2024-25,6848,2024-25,15.1,2024-25,10.1,2024-25,39.3,2024-25,40.2,2024-25,84.5,2024-25,64.2,2024-25,,,,,,,,,,,,,,,,,,,3.0,2024-25,3.0,2024-25,3.0,2024-25,,,U29371,
610345,WOODSON,Carter G Woodson South Elementary School,district,District,Network 9,Traditional,,,yes,PE-8,ES,4414 S EVANS AVE,41.8145,-87.60842,6b,GRAND BOULEVARD,3,150162990252521,,306,308,294,12,4.1,0.3,2026-27,95.4,2026-27,1.6,2026-27,0.3,2026-27,2.3,2026-27,0.0,2026-27,0.0,2026-27,0.0,2026-27,0.0,2026-27,84.3,2026-27,2.3,2026-27,33.0,2026-27,*,2024-25,*,2024-25,6310771,2026-27,20623,2026-27,6775680,2025-26,55.0,2026-27,23326,2024-25,15502,2024-25,7824,2024-25,24.4,2024-25,5.2,2024-25,45.2,2024-25,40.8,2024-25,85.7,2024-25,57.7,2024-25,,,,,,,,,,,,,,,,,,,4.0,2024-25,4.0,2024-25,3.0,2024-25,,,U26541,
610347,CLAREMONT,Claremont STEM Magnet Elementary School,district,District,Network 10,Traditional,,,yes,PE-8,ES,2300 W 64TH ST,41.77751,-87.68106,9a,CHICAGO LAWN,16,150162990252936,,293,277,333,-40,-12.0,1.7,2026-27,62.1,2026-27,34.8,2026-27,0.7,2026-27,0.7,2026-27,0.0,2026-27,0.0,2026-27,0.0,2026-27,0.0,2026-27,86.7,2026-27,24.2,2026-27,33.4,2026-27,22.2,2024-25,*,2024-25,8340091,2026-27,28464,2026-27,7634729,2025-26,76.0,2026-27,26589,2024-25,19033,2024-25,7557,2024-25,25.9,2024-25,15.9,2024-25,46.4,2024-25,51.3,2024-25,91.7,2024-25,30.2,2024-25,,,,,,,,,,,,,,,,,,,3.0,2024-25,4.0,2024-25,4.0,2024-25,,,U31301,
610350,BLACK,Robert A Black Magnet Elementary School,district,District,Network 12,Traditional,,application,,K-8,ES,9101 S EUCLID AVE,41.72969,-87.57664,10b,CALUMET HEIGHTS,8,150162990252086,,400,386,336,64,19.0,0.2,2026-27,96.5,2026-27,1.8,2026-27,0.0,2026-27,1.5,2026-27,0.0,2026-27,0.0,2026-27,0.0,2026-27,0.0,2026-27,63.0,2026-27,0.2,2026-27,11.2,2026-27,*,2024-25,*,2024-25,5979798,2026-27,14949,2026-27,5761526,2025-26,46.5,2026-27,20618,2024-25,14038,2024-25,6579,2024-25,70.1,2024-25,51.3,2024-25,46.8,2024-25,58.1,2024-25,94.8,2024-25,12.4,2024-25,,,,,,,,,,,,,,,,,,,4.0,2024-25,4.0,2024-25,4.0,2024-25,,,U29381,
610352,DURKIN PARK,Durkin Park Elementary School,district,District,Network 10,Traditional,,,,PE-8,ES,8445 S KOLIN AVE,41.73884,-87.72996,8a,ASHBURN,18,150162990252933,,671,687,674,-3,-0.4,7.9,2026-27,11.2,2026-27,80.2,2026-27,0.0,2026-27,0.6,2026-27,0.1,2026-27,0.0,2026-27,0.0,2026-27,0.0,2026-27,69.4,2026-27,36.5,2026-27,22.2,2026-27,4.2,2024-25,*,2024-25,10127579,2026-27,15093,2026-27,9915408,2025-26,82.0,2026-27,18176,2024-25,11955,2024-25,6222,2024-25,43.3,2024-25,29.0,2024-25,47.8,2024-25,48.9,2024-25,91.6,2024-25,31.1,2024-25,,,,,,,,,,,,,,,,,,,3.0,2024-25,3.0,2024-25,3.0,2024-25,,,U26831,
610353,CALMECA,Calmeca Academy of Fine Arts and Dual Language,district,District,Network 8,Traditional,,,,PE-8,ES,3456 W 38TH ST,41.82438,-87.71165,7b,BRIGHTON PARK,12,150162990252934,,553,578,599,-46,-7.7,1.3,2026-27,2.0,2026-27,95.1,2026-27,1.1,2026-27,0.2,2026-27,0.2,2026-27,0.2,2026-27,0.0,2026-27,0.0,2026-27,72.9,2026-27,55.0,2026-27,23.1,2026-27,6.0,2024-25,*,2024-25,9380313,2026-27,16963,2026-27,9802434,2025-26,75.0,2026-27,19736,2024-25,13203,2024-25,6534,2024-25,28.8,2024-25,8.5,2024-25,53.2,2024-25,55.7,2024-25,91.7,2024-25,25.3,2024-25,,,,,,,,,,,,,,,,,,,4.0,2024-25,4.0,2024-25,4.0,2024-25,,,U26821,
610354,NORTH RIVER,North River Elementary School,district,District,Network 1,Traditional,,,,PE-8,ES,3729 W LELAND AVE,41.96641,-87.72123,3a,ALBANY PARK,33,150162990252935,,318,330,322,-4,-1.2,4.1,2026-27,1.9,2026-27,84.9,2026-27,5.7,2026-27,0.9,2026-27,0.0,2026-27,0.3,2026-27,0.0,2026-27,2.2,2026-27,57.9,2026-27,68.6,2026-27,21.4,2026-27,7.6,2024-25,*,2024-25,5362921,2026-27,16865,2026-27,5339355,2025-26,47.0,2026-27,20166,2024-25,12437,2024-25,7730,2024-25,22.7,2024-25,11.7,2024-25,42.2,2024-25,51.4,2024-25,89.8,2024-25,41.3,2024-25,,,,,,,,,,,,,,,,,,,4.0,2024-25,4.0,2024-25,4.0,2024-25,,,U26841,
610355,COURTENAY,Mary E Courtenay Elementary Language Arts Center,district,District,Network 2,Traditional,,,yes,PE-8,ES,4420 N BEACON ST,41.96231,-87.66385,4a,UPTOWN,46,150162990252921,,259,256,267,-8,-3.0,8.5,2026-27,46.3,2026-27,36.3,2026-27,2.7,2026-27,4.6,2026-27,0.8,2026-27,0.8,2026-27,0.0,2026-27,0.0,2026-27,71.8,2026-27,37.1,2026-27,46.3,2026-27,20.8,2024-25,*,2024-25,7694410,2026-27,29708,2026-27,7935594,2025-26,68.0,2026-27,34804,2024-25,25165,2024-25,9639,2024-25,28.0,2024-25,15.1,2024-25,44.2,2024-25,46.9,2024-25,89.3,2024-25,41.9,2024-25,,,,,,,,,,,,,,,,,,,3.0,2024-25,3.0,2024-25,3.0,2024-25,,,U30141,
610357,SPRY HS,Spry Community Links High School,district,District,Network 16,Traditional,,,,9-12,HS,2400 S MARSHALL BLVD,41.84776,-87.69895,7a,SOUTH LAWNDALE,24,150162990250818,,37,72,82,-45,-54.9,0.0,2026-27,0.0,2026-27,100.0,2026-27,0.0,2026-27,0.0,2026-27,0.0,2026-27,0.0,2026-27,0.0,2026-27,0.0,2026-27,97.3,2026-27,64.9,2026-27,24.3,2026-27,*,2024-25,*,2024-25,3473473,2026-27,93878,2026-27,3210668,2025-26,25.0,2026-27,38920,2024-25,26023,2024-25,12897,2024-25,,,,,,,,,76.3,2024-25,72.6,2024-25,66.7,2024-25,52.4,2024-25,*,2024-25,0.0,2023-24,0.0,2023-24,6.3,2024-25,0.0,2024-25,12.9,2024-25,13.4,2024-25,1.0,2024-25,3.0,2024-25,2.0,2024-25,2.0,2024-25,U46461,budget_pp_outlier
610362,EVERS,Medgar Evers Elementary School,district,District,Network 11,Traditional,,,,PE-8,ES,9811 S LOWE AVE,41.71567,-87.63931,9b,WASHINGTON HEIGHTS,9,150162990252193,,219,216,233,-14,-6.0,0.0,2026-27,95.9,2026-27,3.7,2026-27,0.0,2026-27,0.5,2026-27,0.0,2026-27,0.0,2026-27,0.0,2026-27,0.0,2026-27,75.3,2026-27,1.8,2026-27,14.2,2026-27,*,2024-25,*,2024-25,4554475,2026-27,20797,2026-27,4618451,2025-26,37.0,2026-27,24873,2024-25,17262,2024-25,7611,2024-25,37.1,2024-25,12.4,2024-25,47.9,2024-25,53.4,2024-25,92.5,2024-25,29.5,2024-25,,,,,,,,,,,,,,,,,,,4.0,2024-25,4.0,2024-25,3.0,2024-25,,,U26591,
610363,DISNEY,Walt Disney Magnet Elementary School,district,District,Network 2,Traditional,,application,,PE-8,ES,4140 N MARINE DR,41.95682,-87.64608,4a,UPTOWN,46,150162990252160,,1320,1319,1394,-74,-5.3,11.5,2026-27,56.4,2026-27,17.8,2026-27,8.2,2026-27,5.0,2026-27,1.0,2026-27,0.1,2026-27,0.0,2026-27,0.0,2026-27,55.6,2026-27,16.8,2026-27,11.6,2026-27,1.5,2024-25,*,2024-25,15659774,2026-27,11863,2026-27,17014855,2025-26,126.5,2026-27,15571,2024-25,9918,2024-25,5653,2024-25,58.2,2024-25,39.0,2024-25,52.5,2024-25,48.8,2024-25,93.1,2024-25,22.9,2024-25,,,,,,,,,,,,,,,,,,,3.0,2024-25,3.0,2024-25,3.0,2024-25,,,U29401,
610364,DUBOIS,William E B Dubois Elementary School,district,District,Network 13,Traditional,,,,PE-8,ES,330 E 133RD ST,41.65373,-87.61432,10b,RIVERDALE,9,150162990252173,,197,194,205,-8,-3.9,0.0,2026-27,92.4,2026-27,7.6,2026-27,0.0,2026-27,0.0,2026-27,0.0,2026-27,0.0,2026-27,0.0,2026-27,0.0,2026-27,80.2,2026-27,2.5,2026-27,19.3,2026-27,5.6,2024-25,*,2024-25,4383025,2026-27,22249,2026-27,5055304,2025-26,35.0,2026-27,27138,2024-25,19053,2024-25,8086,2024-25,28.4,2024-25,17.4,2024-25,50.1,2024-25,51.8,2024-25,92.1,2024-25,32.0,2024-25,,,,,,,,,,,,,,,,,,,3.0,2024-25,4.0,2024-25,4.0,2024-25,,,U26601,
610366,WACKER,Charles H Wacker Elementary School,district,District,ISP,Traditional,,,,PE-8,ES,9746 S MORGAN ST,41.71619,-87.64804,9b,WASHINGTON HEIGHTS,21,150162990252497,,207,192,216,-9,-4.2,0.5,2026-27,96.1,2026-27,1.9,2026-27,0.0,2026-27,1.4,2026-27,0.0,2026-27,0.0,2026-27,0.0,2026-27,0.0,2026-27,73.9,2026-27,1.4,2026-27,17.4,2026-27,*,2024-25,*,2024-25,4985398,2026-27,24084,2026-27,4839196,2025-26,42.5,2026-27,26778,2024-25,19032,2024-25,7746,2024-25,30.8,2024-25,15.8,2024-25,48.2,2024-25,54.2,2024-25,93.6,2024-25,21.2,2024-25,,,,,,,,,,,,,,,,,,,3.0,2024-25,4.0,2024-25,4.0,2024-25,,,U26621,
610367,DEPRIEST,Oscar DePriest Elementary School,district,District,Network 3,Traditional,,,yes,PE-8,ES,139 S PARKSIDE AVE,41.87798,-87.7663,5a,AUSTIN,29,150162990252605,,311,387,414,-103,-24.9,0.0,2026-27,90.7,2026-27,8.0,2026-27,0.0,2026-27,1.0,2026-27,0.3,2026-27,0.0,2026-27,0.0,2026-27,0.0,2026-27,78.8,2026-27,4.8,2026-27,31.5,2026-27,18.9,2024-25,*,2024-25,9050820,2026-27,29102,2026-27,7702555,2025-26,80.5,2026-27,26255,2024-25,17286,2024-25,8969,2024-25,11.2,2024-25,2.9,2024-25,41.6,2024-25,42.2,2024-25,83.7,2024-25,57.0,2024-25,,,,,,,,,,,,,,,,,,,2.0,2024-25,2.0,2024-25,2.0,2024-25,,,U26631,
610368,HUGHES L,Langston Hughes Elementary School,district,District,Network 13,Traditional,,,,PE-8,ES,240 W 104TH ST,41.70534,-87.62987,9b,ROSELAND,21,150162990252620,,371,413,432,-61,-14.1,0.8,2026-27,89.5,2026-27,9.2,2026-27,0.0,2026-27,0.3,2026-27,0.0,2026-27,0.3,2026-27,0.0,2026-27,0.0,2026-27,79.2,2026-27,8.4,2026-27,35.3,2026-27,21.0,2024-25,*,2024-25,9122627,2026-27,24589,2026-27,9076210,2025-26,75.5,2026-27,26259,2024-25,18000,2024-25,8259,2024-25,24.8,2024-25,5.6,2024-25,57.6,2024-25,54.7,2024-25,86.6,2024-25,54.8,2024-25,,,,,,,,,,,,,,,,,,,3.0,2024-25,3.0,2024-25,3.0,2024-25,,,U22451,
610369,JACKSON M,Mahalia Jackson Elementary School,district,District,Network 11,Traditional,,,yes,PE-8,ES,917 W 88TH ST,41.73413,-87.64677,9a,AUBURN GRESHAM,21,150162990252046,,291,312,304,-13,-4.3,1.0,2026-27,94.2,2026-27,4.5,2026-27,0.0,2026-27,0.0,2026-27,0.0,2026-27,0.3,2026-27,0.0,2026-27,0.0,2026-27,74.9,2026-27,4.1,2026-27,34.0,2026-27,8.3,2024-25,*,2024-25,7567566,2026-27,26005,2026-27,10432541,2025-26,64.0,2026-27,28717,2024-25,20302,2024-25,8416,2024-25,16.8,2024-25,10.3,2024-25,41.2,2024-25,48.4,2024-25,87.6,2024-25,54.2,2024-25,,,,,,,,,,,,,,,,,,,3.0,2024-25,3.0,2024-25,3.0,2024-25,,,U26651,
610380,WILLIAMS HS,Daniel Hale Williams Prep School of Medicine,district,District,Network 17,Traditional,,,,9-12,HS,4934 S WABASH AVE,41.80612,-87.62503,6b,GRAND BOULEVARD,3,150162990250856,,77,83,72,5,6.9,0.0,2026-27,92.2,2026-27,2.6,2026-27,0.0,2026-27,3.9,2026-27,0.0,2026-27,0.0,2026-27,0.0,2026-27,1.3,2026-27,90.9,2026-27,3.9,2026-27,11.7,2026-27,*,2024-25,*,2024-25,3591668,2026-27,46645,2026-27,3335970,2025-26,27.0,2026-27,36712,2024-25,26010,2024-25,10702,2024-25,,,,,,,,,89.0,2024-25,47.4,2024-25,*,2024-25,100.0,2024-25,*,2024-25,*,2023-24,*,2023-24,22.2,2024-25,0.0,2024-25,15.1,2024-25,13.2,2024-25,3.0,2024-25,3.0,2024-25,2.0,2024-25,4.0,2024-25,U55161,
610381,BRONZEVILLE HS,Bronzeville Scholastic Academy High School,district,District,Network 17,Traditional,,,yes,9-12,HS,4934 S WABASH AVE,41.8052,-87.625,6b,GRAND BOULEVARD,3,150162990250834,,115,114,114,1,0.9,0.0,2026-27,90.4,2026-27,9.6,2026-27,0.0,2026-27,0.0,2026-27,0.0,2026-27,0.0,2026-27,0.0,2026-27,0.0,2026-27,89.6,2026-27,5.2,2026-27,31.3,2026-27,25.0,2024-25,*,2024-25,4307042,2026-27,37453,2026-27,4482344,2025-26,34.0,2026-27,36818,2024-25,25296,2024-25,11521,2024-25,,,,,,,,,84.9,2024-25,59.5,2024-25,76.9,2024-25,92.6,2024-25,*,2024-25,10.5,2023-24,0.0,2023-24,14.3,2024-25,0.0,2024-25,13.0,2024-25,13.3,2024-25,3.0,2024-25,3.0,2024-25,3.0,2024-25,3.0,2024-25,U55191,
610383,SOCIAL JUSTICE HS,Greater Lawndale High School For Social Justice,district,District,Network 15,Traditional,,,,9-12,HS,3120 S KOSTNER AVE,41.83351,-87.7353,7a,SOUTH LAWNDALE,22,150162990250835,,167,216,253,-86,-34.0,0.6,2026-27,24.6,2026-27,74.9,2026-27,0.0,2026-27,0.0,2026-27,0.0,2026-27,0.0,2026-27,0.0,2026-27,0.0,2026-27,94.0,2026-27,51.5,2026-27,19.2,2026-27,13.4,2024-25,*,2024-25,4066670,2026-27,24351,2026-27,5011122,2025-26,33.0,2026-27,26192,2024-25,18622,2024-25,7570,2024-25,,,,,,,,,71.4,2024-25,83.1,2024-25,75.7,2024-25,83.0,2024-25,51.4,2024-25,0.0,2023-24,0.0,2023-24,26.6,2024-25,4.7,2024-25,14.5,2024-25,14.1,2024-25,3.0,2024-25,3.0,2024-25,3.0,2024-25,3.0,2024-25,U55171,
610384,INFINITY HS,Infinity Math Science and Technology High School,district,District,Network 15,Traditional,,,,9-12,HS,3120 S KOSTNER AVE,41.83617,-87.73528,7a,SOUTH LAWNDALE,22,150162990250837,,391,392,409,-18,-4.4,0.8,2026-27,2.8,2026-27,95.7,2026-27,0.0,2026-27,0.0,2026-27,0.5,2026-27,0.3,2026-27,0.0,2026-27,0.0,2026-27,90.0,2026-27,41.7,2026-27,15.3,2026-27,*,2024-25,*,2024-25,6143285,2026-27,15712,2026-27,6793240,2025-26,46.0,2026-27,20330,2024-25,13287,2024-25,7043,2024-25,,,,,,,,,84.0,2024-25,58.7,2024-25,82.6,2024-25,80.7,2024-25,58.3,2024-25,11.4,2023-24,12.3,2023-24,48.2,2024-25,27.7,2024-25,17.1,2024-25,17.0,2024-25,4.0,2024-25,3.0,2024-25,3.0,2024-25,3.0,2024-25,U55151,
610385,MULTICULTURAL ARTS HS,Multicultural Arts High School,district,District,Network 15,Traditional,,,,9-12,HS,3120 S KOSTNER AVE,41.83528,-87.73528,7a,SOUTH LAWNDALE,22,150162990250836,,197,243,276,-79,-28.6,1.5,2026-27,12.2,2026-27,84.8,2026-27,0.0,2026-27,0.0,2026-27,0.0,2026-27,0.0,2026-27,0.0,2026-27,1.5,2026-27,89.8,2026-27,57.9,2026-27,16.8,2026-27,14.3,2024-25,*,2024-25,4443950,2026-27,22558,2026-27,5088010,2025-26,32.5,2026-27,23509,2024-25,16029,2024-25,7480,2024-25,,,,,,,,,69.6,2024-25,83.2,2024-25,68.6,2024-25,68.4,2024-25,49.0,2024-25,5.1,2023-24,0.0,2023-24,19.3,2024-25,5.3,2024-25,14.1,2024-25,15.0,2024-25,3.0,2024-25,3.0,2024-25,3.0,2024-25,3.0,2024-25,U55181,
610386,PEACE AND EDUCATION HS,Peace & Education Coalition HS,options,District,Options,Options,reengagement,,,10-12,HS,4946 S PAULINA ST,41.80351,-87.66738,8b,NEW CITY,20,,,115,188,191,-76,-39.8,0.9,2026-27,19.1,2026-27,78.3,2026-27,0.9,2026-27,0.9,2026-27,0.0,2026-27,0.0,2026-27,0.0,2026-27,0.0,2026-27,93.9,2026-27,62.6,2026-27,13.0,2026-27,,,,,6380067,2026-27,55479,2026-27,6814438,2025-26,49.0,2026-27,,,,,,,,,,,,,,,,,,,,,,,,,,,,,,,,,,,,,,,,,,,,,U67021,budget_not_comparable
610389,ORR HS,Orr Academy High School,district,District,Network 15,Traditional,,,,9-12,HS,730 N PULASKI RD,41.89455,-87.72666,5a,HUMBOLDT PARK,37,150162990250847,,197,276,302,-105,-34.8,2.0,2026-27,47.2,2026-27,49.7,2026-27,0.0,2026-27,0.5,2026-27,0.0,2026-27,0.5,2026-27,0.0,2026-27,0.0,2026-27,91.9,2026-27,44.2,2026-27,21.3,2026-27,20.5,2024-25,*,2024-25,5724960,2026-27,29061,2026-27,14075677,2025-26,50.0,2026-27,25087,2024-25,17711,2024-25,7376,2024-25,,,,,,,,,71.6,2024-25,81.1,2024-25,63.5,2024-25,75.4,2024-25,40.7,2024-25,1.3,2023-24,0.0,2023-24,1.5,2024-25,0.0,2024-25,10.8,2024-25,13.2,2024-25,3.0,2024-25,3.0,2024-25,3.0,2024-25,3.0,2024-25,U28151,
610390,RICKOVER MILITARY HS,Hyman G Rickover Naval Academy High School,district,District,ISP,Traditional,,application,,9-12,HS,5700 W BERTEAU AVE,41.9576,-87.76994,1b,PORTAGE PARK,38,150162990250828,,576,571,525,51,9.7,15.1,2026-27,2.1,2026-27,78.6,2026-27,1.7,2026-27,1.9,2026-27,0.2,2026-27,0.3,2026-27,0.0,2026-27,0.0,2026-27,69.1,2026-27,28.3,2026-27,13.0,2026-27,*,2024-25,*,2024-25,8607819,2026-27,14944,2026-27,8210326,2025-26,64.0,2026-27,19927,2024-25,13343,2024-25,6584,2024-25,,,,,,,,,89.4,2024-25,37.2,2024-25,97.8,2024-25,97.4,2024-25,71.7,2024-25,17.4,2023-24,7.6,2023-24,30.2,2024-25,17.2,2024-25,16.2,2024-25,16.1,2024-25,3.0,2024-25,3.0,2024-25,4.0,2024-25,4.0,2024-25,U45221,
610391,LINDBLOM HS,Robert Lindblom Math & Science Academy HS,district,District,Network 16,Traditional,,exam,yes,7-12,combo,6130 S WOLCOTT AVE,41.78204,-87.67166,9a,WEST ENGLEWOOD,16,150162990250833,,1226,1268,1290,-64,-5.0,4.0,2026-27,66.4,2026-27,27.2,2026-27,0.6,2026-27,1.6,2026-27,0.0,2026-27,0.2,2026-27,0.0,2026-27,0.0,2026-27,61.3,2026-27,3.6,2026-27,7.5,2026-27,1.1,2024-25,*,2024-25,16261832,2026-27,13264,2026-27,17198455,2025-26,133.5,2026-27,17280,2024-25,11431,2024-25,5850,2024-25,81.0,2024-25,47.3,2024-25,41.6,2024-25,42.2,2024-25,88.6,2024-25,43.1,2024-25,96.0,2024-25,99.0,2024-25,82.3,2024-25,63.2,2023-24,41.6,2023-24,78.6,2024-25,51.1,2024-25,21.0,2024-25,19.5,2024-25,3.0,2024-25,3.0,2024-25,4.0,2024-25,4.0,2024-25,U46511,
610392,WORLD LANGUAGE HS,World Language Academy High School,district,District,Network 15,Traditional,,,,9-12,HS,3120 S KOSTNER AVE,41.8344,-87.73529,7a,SOUTH LAWNDALE,22,150162990250830,,329,361,377,-48,-12.7,0.0,2026-27,4.0,2026-27,96.0,2026-27,0.0,2026-27,0.0,2026-27,0.0,2026-27,0.0,2026-27,0.0,2026-27,0.0,2026-27,90.9,2026-27,62.3,2026-27,20.4,2026-27,8.2,2024-25,*,2024-25,6628802,2026-27,20148,2026-27,7229089,2025-26,49.0,2026-27,23532,2024-25,16453,2024-25,7080,2024-25,,,,,,,,,81.3,2024-25,60.9,2024-25,87.8,2024-25,67.0,2024-25,52.9,2024-25,9.1,2023-24,1.5,2023-24,39.2,2024-25,5.9,2024-25,16.2,2024-25,14.5,2024-25,3.0,2024-25,3.0,2024-25,3.0,2024-25,3.0,2024-25,U52011,
610394,UPLIFT HS,Uplift Community High School,district,District,Network 14,Traditional,,,yes,9-12,HS,900 W WILSON AVE,41.96555,-87.65247,4a,UPTOWN,46,150162990250829,,209,236,226,-17,-7.5,1.9,2026-27,71.3,2026-27,22.5,2026-27,1.9,2026-27,1.0,2026-27,1.0,2026-27,0.0,2026-27,0.0,2026-27,0.5,2026-27,92.8,2026-27,23.9,2026-27,40.2,2026-27,19.0,2024-25,*,2024-25,7550880,2026-27,36129,2026-27,7550860,2025-26,70.0,2026-27,38345,2024-25,26996,2024-25,11350,2024-25,,,,,,,,,72.4,2024-25,77.7,2024-25,69.0,2024-25,56.6,2024-25,*,2024-25,6.9,2023-24,3.4,2023-24,13.6,2024-25,0.0,2024-25,12.1,2024-25,13.5,2024-25,3.0,2024-25,2.0,2024-25,2.0,2024-25,3.0,2024-25,U26861,
610396,TARKINGTON,Tarkington School of Excellence ES,district,District,Network 10,Traditional,,,,PK-8,ES,3330 W 71ST ST,41.76441,-87.70644,8a,CHICAGO LAWN,17,150162990252943,,706,717,791,-85,-10.7,3.3,2026-27,14.0,2026-27,82.2,2026-27,0.1,2026-27,0.1,2026-27,0.3,2026-27,0.0,2026-27,0.0,2026-27,0.0,2026-27,82.6,2026-27,43.3,2026-27,20.8,2026-27,4.7,2024-25,1.3,2024-25,11223859,2026-27,15898,2026-27,10842642,2025-26,99.0,2026-27,17444,2024-25,11476,2024-25,5968,2024-25,39.5,2024-25,18.6,2024-25,53.1,2024-25,50.9,2024-25,90.8,2024-25,33.9,2024-25,,,,,,,,,,,,,,,,,,,2.0,2024-25,3.0,2024-25,3.0,2024-25,,,U26791,
610402,DEVRY HS,DeVry University Advantage Academy HS,district,District,Network 14,Traditional,,application,,11-12,HS,1900 W LAWRENCE AVE,41.96882,-87.67633,2b,LINCOLN SQUARE,47,150162990250832,,130,165,152,-22,-14.5,9.2,2026-27,26.2,2026-27,50.8,2026-27,12.3,2026-27,1.5,2026-27,0.0,2026-27,0.0,2026-27,0.0,2026-27,0.0,2026-27,66.2,2026-27,14.6,2026-27,7.7,2026-27,*,2024-25,*,2024-25,3262134,2026-27,25093,2026-27,3065372,2025-26,18.5,2026-27,27065,2024-25,18076,2024-25,8989,2024-25,,,,,,,,,92.6,2024-25,28.4,2024-25,100.0,2024-25,,,87.2,2024-25,31.1,2023-24,25.7,2023-24,66.2,2024-25,37.7,2024-25,20.3,2024-25,19.1,2024-25,5.0,2024-25,5.0,2024-25,5.0,2024-25,5.0,2024-25,U46521,
610405,SUDER,Suder Montessori Magnet ES,district,District,Network 6,Traditional,,application,,PE-8,ES,2022 W WASHINGTON BLVD,41.88321,-87.67764,5b,NEAR WEST SIDE,27,150162990252941,,478,476,425,53,12.5,19.9,2026-27,50.4,2026-27,14.0,2026-27,3.8,2026-27,10.0,2026-27,0.2,2026-27,0.2,2026-27,0.0,2026-27,1.5,2026-27,37.4,2026-27,4.2,2026-27,14.9,2026-27,*,2024-25,*,2024-25,7532118,2026-27,15758,2026-27,7346598,2025-26,72.5,2026-27,21376,2024-25,14353,2024-25,7023,2024-25,46.3,2024-25,25.3,2024-25,54.5,2024-25,48.1,2024-25,92.7,2024-25,23.4,2024-25,,,,,,,,,,,,,,,,,,,3.0,2024-25,3.0,2024-25,4.0,2024-25,,,U26881,
610499,COLLINS STEAM HS,Collins Academy STEAM High School,district,District,Network 15,Traditional,,,,9-12,HS,1313 S SACRAMENTO DR,41.86415,-87.70204,5b,NORTH LAWNDALE,24,150162990250841,,211,199,198,13,6.6,0.0,2026-27,96.7,2026-27,2.8,2026-27,0.0,2026-27,0.5,2026-27,0.0,2026-27,0.0,2026-27,0.0,2026-27,0.0,2026-27,92.9,2026-27,0.0,2026-27,23.2,2026-27,35.2,2024-25,*,2024-25,5322190,2026-27,25224,2026-27,5790841,2025-26,43.5,2026-27,33347,2024-25,24758,2024-25,8589,2024-25,,,,,,,,,80.5,2024-25,66.1,2024-25,78.7,2024-25,84.6,2024-25,58.3,2024-25,1.7,2023-24,0.0,2023-24,10.0,2024-25,3.3,2024-25,11.4,2024-25,13.3,2024-25,4.0,2024-25,4.0,2024-25,3.0,2024-25,4.0,2024-25,U49131,
610503,FRAZIER PROSPECTIVE,Frazier Prospective IB Magnet ES,district,District,ISP,Traditional,,application,,K-8,ES,4027 W GRENSHAW ST,41.86698,-87.72724,5b,NORTH LAWNDALE,24,150162990252945,,106,111,130,-24,-18.5,1.9,2026-27,81.1,2026-27,17.0,2026-27,0.0,2026-27,0.0,2026-27,0.0,2026-27,0.0,2026-27,0.0,2026-27,0.0,2026-27,78.3,2026-27,17.0,2026-27,15.1,2026-27,*,2024-25,*,2024-25,4004738,2026-27,37781,2026-27,3855074,2025-26,34.0,2026-27,36195,2024-25,26117,2024-25,10078,2024-25,36.4,2024-25,8.1,2024-25,42.8,2024-25,43.1,2024-25,89.2,2024-25,44.9,2024-25,,,,,,,,,,,,,,,,,,,3.0,2024-25,3.0,2024-25,3.0,2024-25,,,U29411,
610504,THOMAS,Velma F Thomas Early Childhood Center,district,District,Network 8,Early Childhood,early_childhood,,,PE-PK,ES,3625 S HOYNE AVE,41.82777,-87.67754,8b,MCKINLEY PARK,12,150162990253787,,121,119,131,-10,-7.6,15.7,2026-27,3.3,2026-27,70.2,2026-27,5.8,2026-27,4.1,2026-27,0.8,2026-27,0.0,2026-27,0.0,2026-27,0.0,2026-27,23.1,2026-27,60.3,2026-27,38.8,2026-27,*,2024-25,*,2024-25,4518542,2026-27,37343,2026-27,5020322,2025-26,38.5,2026-27,40949,2024-25,27690,2024-25,13258,2024-25,,,,,,,,,*,2024-25,,,,,,,,,,,,,,,,,,,,,,,,,,,,,U26891,
610513,HOLMES HS,Air Force Academy High School,district,District,Network 16,Traditional,,application,,9-12,HS,3630 S WELLS ST,41.82815,-87.63276,8b,ARMOUR SQUARE,11,150162990250848,,146,155,130,16,12.3,5.5,2026-27,63.0,2026-27,30.1,2026-27,0.7,2026-27,0.7,2026-27,0.0,2026-27,0.0,2026-27,0.0,2026-27,0.0,2026-27,91.1,2026-27,19.2,2026-27,30.1,2026-27,*,2024-25,*,2024-25,5168582,2026-27,35401,2026-27,4805750,2025-26,40.0,2026-27,38052,2024-25,26681,2024-25,11372,2024-25,,,,,,,,,89.0,2024-25,42.3,2024-25,87.5,2024-25,82.9,2024-25,50.0,2024-25,22.7,2023-24,13.6,2023-24,18.5,2024-25,7.4,2024-25,14.4,2024-25,15.4,2024-25,2.0,2024-25,3.0,2024-25,3.0,2024-25,3.0,2024-25,U45231,
610515,DISNEY II ES,Disney II Magnet School,district,District,Network 14,Traditional,,application,,PK-6,ES,3815 N KEDVALE AVE,41.95046,-87.73068,1b,IRVING PARK,30,150162990252949,,421,424,424,-3,-0.7,38.7,2026-27,6.9,2026-27,43.0,2026-27,6.7,2026-27,4.5,2026-27,0.0,2026-27,0.2,2026-27,0.0,2026-27,0.0,2026-27,26.1,2026-27,13.5,2026-27,14.3,2026-27,*,2024-25,*,2024-25,16771941,2026-27,39838,2026-27,16464278,2025-26,132.5,2026-27,17616,2024-25,11649,2024-25,5967,2024-25,70.0,2024-25,54.1,2024-25,55.5,2024-25,59.9,2024-25,93.9,2024-25,14.8,2024-25,,,,,,,,,,,,,,,,,,,,,,,,,,,U26921,
610518,AUSTIN CCA HS,Austin College and Career Academy High School,district,District,Network 15,Traditional,,,,9-12,HS,231 N PINE AVE,41.88599,-87.76192,5a,AUSTIN,37,150162990250844,,114,140,140,-26,-18.6,0.0,2026-27,78.9,2026-27,21.1,2026-27,0.0,2026-27,0.0,2026-27,0.0,2026-27,0.0,2026-27,0.0,2026-27,0.0,2026-27,91.2,2026-27,14.0,2026-27,28.9,2026-27,22.1,2024-25,*,2024-25,4610826,2026-27,40446,2026-27,4763247,2025-26,37.5,2026-27,39254,2024-25,29688,2024-25,9566,2024-25,,,,,,,,,67.3,2024-25,87.4,2024-25,54.5,2024-25,70.8,2024-25,*,2024-25,0.0,2023-24,3.8,2023-24,5.6,2024-25,2.8,2024-25,11.5,2024-25,14.1,2024-25,3.0,2024-25,3.0,2024-25,2.0,2024-25,3.0,2024-25,U46621,
610520,LASALLE II,LaSalle II Magnet Elementary School,district,District,ISP,Traditional,,application,,PE-8,ES,1148 N HONORE ST,41.90291,-87.6737,5a,WEST TOWN,1,150162990252955,,585,593,594,-9,-1.5,31.3,2026-27,16.4,2026-27,39.0,2026-27,3.9,2026-27,9.2,2026-27,0.0,2026-27,0.2,2026-27,0.0,2026-27,0.0,2026-27,28.0,2026-27,10.4,2026-27,16.8,2026-27,*,2024-25,*,2024-25,8175012,2026-27,13974,2026-27,8255612,2025-26,63.0,2026-27,18289,2024-25,11619,2024-25,6670,2024-25,67.5,2024-25,61.3,2024-25,54.5,2024-25,56.8,2024-25,93.7,2024-25,14.7,2024-25,,,,,,,,,,,,,,,,,,,4.0,2024-25,4.0,2024-25,4.0,2024-25,,,U29101,
610521,DAVIS M,Sir Miles Davis Magnet Elementary Academy,district,District,ISP,Traditional,,application,,PK-8,ES,6740 S PAULINA ST,41.77122,-87.66653,9a,WEST ENGLEWOOD,16,150162990252954,,118,119,121,-3,-2.5,0.8,2026-27,65.3,2026-27,32.2,2026-27,0.0,2026-27,1.7,2026-27,0.0,2026-27,0.0,2026-27,0.0,2026-27,0.0,2026-27,78.0,2026-27,18.6,2026-27,26.3,2026-27,*,2024-25,*,2024-25,4111150,2026-27,34840,2026-27,3960341,2025-26,32.0,2026-27,37419,2024-25,26808,2024-25,10611,2024-25,44.8,2024-25,38.6,2024-25,66.6,2024-25,78.6,2024-25,92.2,2024-25,32.5,2024-25,,,,,,,,,,,,,,,,,,,3.0,2024-25,3.0,2024-25,4.0,2024-25,,,U29391,
610523,EDISON PARK,Edison Park Elementary School,district,District,Network 1,Traditional,,,yes,K-8,ES,6220 N OLCOTT AVE,41.99424,-87.81377,1a,NORWOOD PARK,41,150162990252953,,427,413,408,19,4.7,66.0,2026-27,1.2,2026-27,25.1,2026-27,4.7,2026-27,2.8,2026-27,0.2,2026-27,0.0,2026-27,0.0,2026-27,0.0,2026-27,15.9,2026-27,12.4,2026-27,28.1,2026-27,*,2024-25,*,2024-25,8163825,2026-27,19119,2026-27,8374205,2025-26,71.5,2026-27,24342,2024-25,17137,2024-25,7205,2024-25,73.0,2024-25,49.1,2024-25,58.9,2024-25,49.3,2024-25,94.2,2024-25,13.0,2024-25,,,,,,,,,,,,,,,,,,,4.0,2024-25,4.0,2024-25,5.0,2024-25,,,U28081,
610524,ALCOTT HS,Louisa May Alcott College Preparatory HS,district,District,Network 15,Traditional,,,,9-12,HS,2957 N HOYNE AVE,41.93579,-87.68056,4b,NORTH CENTER,32,150162990250849,,335,314,363,-28,-7.7,17.9,2026-27,11.3,2026-27,66.9,2026-27,1.2,2026-27,2.1,2026-27,0.0,2026-27,0.6,2026-27,0.0,2026-27,0.0,2026-27,75.8,2026-27,38.2,2026-27,36.4,2026-27,7.5,2024-25,*,2024-25,7513560,2026-27,22429,2026-27,7969471,2025-26,60.5,2026-27,25046,2024-25,17198,2024-25,7848,2024-25,,,,,,,,,84.3,2024-25,53.8,2024-25,91.2,2024-25,87.6,2024-25,69.4,2024-25,16.3,2023-24,13.5,2023-24,14.8,2024-25,11.5,2024-25,13.8,2024-25,15.2,2024-25,3.0,2024-25,2.0,2024-25,2.0,2024-25,3.0,2024-25,U70241,
610529,OGDEN HS,Ogden International High School,district,District,Network 15,Traditional,,,,9-12,HS,1250 W ERIE ST,41.89355,-87.6594,5b,WEST TOWN,27,150162990250855,,508,519,514,-6,-1.2,11.6,2026-27,46.9,2026-27,37.6,2026-27,2.0,2026-27,1.8,2026-27,0.0,2026-27,0.2,2026-27,0.0,2026-27,0.0,2026-27,75.0,2026-27,16.5,2026-27,11.8,2026-27,9.2,2024-25,*,2024-25,20365670,2026-27,40090,2026-27,20519139,2025-26,168.5,2026-27,,,,,,,,,,,,,,,83.3,2024-25,65.3,2024-25,92.1,2024-25,97.1,2024-25,73.5,2024-25,16.8,2023-24,12.1,2023-24,52.3,2024-25,21.3,2024-25,17.8,2024-25,16.5,2024-25,3.0,2024-25,3.0,2024-25,3.0,2024-25,3.0,2024-25,U24731,
610530,SOUTH SHORE ES,South Shore Fine Arts Academy,district,District,Network 12,Traditional,,,yes,PE-8,ES,1415 E 70TH ST,41.76776,-87.5904,10a,SOUTH SHORE,5,150162990252960,,251,236,222,29,13.1,0.8,2026-27,95.2,2026-27,3.6,2026-27,0.0,2026-27,0.4,2026-27,0.0,2026-27,0.0,2026-27,0.0,2026-27,0.0,2026-27,71.7,2026-27,2.4,2026-27,42.6,2026-27,*,2024-25,*,2024-25,6540484,2026-27,26058,2026-27,6602184,2025-26,59.5,2026-27,35750,2024-25,25229,2024-25,10521,2024-25,41.9,2024-25,23.5,2024-25,53.5,2024-25,47.2,2024-25,92.8,2024-25,22.1,2024-25,,,,,,,,,,,,,,,,,,,4.0,2024-25,4.0,2024-25,4.0,2024-25,,,U22251,
610532,HERNANDEZ,Irene C. Hernandez Middle School for the Advancement of Science,district,District,Network 8,Traditional,,,,6-8,ES,3510 W 55TH ST,41.79348,-87.71137,7b,GAGE PARK,14,150162990252597,,649,694,720,-71,-9.9,0.9,2026-27,2.3,2026-27,95.8,2026-27,0.0,2026-27,0.2,2026-27,0.8,2026-27,0.0,2026-27,0.0,2026-27,0.0,2026-27,89.1,2026-27,44.2,2026-27,11.6,2026-27,6.3,2024-25,*,2024-25,9154110,2026-27,14105,2026-27,9442354,2025-26,70.0,2026-27,17273,2024-25,11340,2024-25,5932,2024-25,31.9,2024-25,17.9,2024-25,43.4,2024-25,49.9,2024-25,91.9,2024-25,28.5,2024-25,,,,,,,,,,,,,,,,,,,4.0,2024-25,4.0,2024-25,4.0,2024-25,,,U22441,
610533,PRIETO,Dr Jorge Prieto Math and Science,district,District,Network 3,Traditional,,,yes,PE-8,ES,2231 N CENTRAL AVE,41.92132,-87.76578,3b,BELMONT CRAGIN,36,150162990252958,,704,720,731,-27,-3.7,1.1,2026-27,4.0,2026-27,93.0,2026-27,0.3,2026-27,0.6,2026-27,1.0,2026-27,0.0,2026-27,0.0,2026-27,0.0,2026-27,81.7,2026-27,51.0,2026-27,21.3,2026-27,*,2024-25,*,2024-25,11028058,2026-27,15665,2026-27,11165316,2025-26,89.0,2026-27,18964,2024-25,12680,2024-25,6284,2024-25,38.4,2024-25,14.4,2024-25,54.0,2024-25,49.9,2024-25,92.3,2024-25,25.7,2024-25,,,,,,,,,,,,,,,,,,,3.0,2024-25,3.0,2024-25,3.0,2024-25,,,U22581,
610534,SKINNER NORTH,Skinner North,district,District,Network 4,Traditional,,exam,,K-8,ES,640 W SCOTT ST,41.90511,-87.64484,6a,NEAR NORTH SIDE,27,150162990252959,,514,505,515,-1,-0.2,21.0,2026-27,2.7,2026-27,4.5,2026-27,57.6,2026-27,13.6,2026-27,0.6,2026-27,0.0,2026-27,0.0,2026-27,0.0,2026-27,13.0,2026-27,1.6,2026-27,6.2,2026-27,*,2024-25,*,2024-25,5183166,2026-27,10084,2026-27,5464173,2025-26,40.0,2026-27,15070,2024-25,8897,2024-25,6173,2024-25,97.4,2024-25,95.6,2024-25,46.2,2024-25,55.6,2024-25,94.9,2024-25,11.8,2024-25,,,,,,,,,,,,,,,,,,,4.0,2024-25,4.0,2024-25,4.0,2024-25,,,U22591,
610539,CAMRAS,Marvin Camras Elementary School,district,District,ISP,Traditional,,,,PE-8,ES,3000 N MANGO AVE,41.93493,-87.77013,1b,BELMONT CRAGIN,30,150162990252963,,703,684,701,2,0.3,4.8,2026-27,2.3,2026-27,90.2,2026-27,1.6,2026-27,0.6,2026-27,0.4,2026-27,0.0,2026-27,0.0,2026-27,0.1,2026-27,72.8,2026-27,47.2,2026-27,21.9,2026-27,*,2024-25,*,2024-25,11456628,2026-27,16297,2026-27,11426531,2025-26,87.0,2026-27,18956,2024-25,12771,2024-25,6185,2024-25,34.7,2024-25,18.7,2024-25,46.4,2024-25,44.9,2024-25,91.1,2024-25,33.0,2024-25,,,,,,,,,,,,,,,,,,,3.0,2024-25,3.0,2024-25,3.0,2024-25,,,U22691,
610541,LORCA,Federico Garcia Lorca Elementary School,district,District,Network 4,Traditional,,,,PE-8,ES,3231 N SPRINGFIELD AVE,41.94003,-87.72478,3a,AVONDALE,30,150162990252964,,558,561,638,-80,-12.5,7.3,2026-27,1.6,2026-27,88.7,2026-27,0.9,2026-27,0.5,2026-27,0.7,2026-27,0.0,2026-27,0.2,2026-27,0.0,2026-27,76.9,2026-27,49.8,2026-27,16.8,2026-27,2.5,2024-25,*,2024-25,8990857,2026-27,16113,2026-27,9399091,2025-26,69.0,2026-27,18401,2024-25,12227,2024-25,6174,2024-25,41.1,2024-25,27.2,2024-25,49.2,2024-25,54.7,2024-25,91.9,2024-25,27.7,2024-25,,,,,,,,,,,,,,,,,,,3.0,2024-25,4.0,2024-25,3.0,2024-25,,,U22341,
610542,WEST RIDGE,West Ridge Elementary School,district,District,ISP,Traditional,,,,PE-8,ES,6700 N WHIPPLE ST,42.00296,-87.70592,2a,WEST RIDGE,50,150162990252965,,655,698,683,-28,-4.1,27.0,2026-27,13.1,2026-27,17.7,2026-27,38.8,2026-27,2.3,2026-27,0.2,2026-27,0.5,2026-27,0.5,2026-27,0.0,2026-27,79.5,2026-27,50.8,2026-27,20.6,2026-27,4.0,2024-25,*,2024-25,11105983,2026-27,16956,2026-27,10522161,2025-26,100.0,2026-27,18755,2024-25,12420,2024-25,6335,2024-25,41.6,2024-25,32.2,2024-25,47.4,2024-25,51.6,2024-25,90.4,2024-25,35.7,2024-25,,,,,,,,,,,,,,,,,,,3.0,2024-25,3.0,2024-25,3.0,2024-25,,,U22381,
610543,SOLORIO HS,Eric Solorio Academy High School,district,District,Network 15,Traditional,,,,9-12,HS,5400 S ST LOUIS AVE,41.7952,-87.71106,7b,GAGE PARK,14,150162990250859,,1223,1233,1252,-29,-2.3,0.9,2026-27,1.1,2026-27,97.5,2026-27,0.2,2026-27,0.1,2026-27,0.1,2026-27,0.1,2026-27,0.0,2026-27,0.0,2026-27,87.1,2026-27,36.1,2026-27,11.4,2026-27,1.0,2024-25,*,2024-25,16052205,2026-27,13125,2026-27,16509853,2025-26,131.0,2026-27,17100,2024-25,11232,2024-25,5868,2024-25,,,,,,,,,89.0,2024-25,36.0,2024-25,88.5,2024-25,87.0,2024-25,66.6,2024-25,18.4,2023-24,19.1,2023-24,40.9,2024-25,28.2,2024-25,16.1,2024-25,17.2,2024-25,3.0,2024-25,3.0,2024-25,3.0,2024-25,3.0,2024-25,U46101,
610544,AZUELA,Mariano Azuela Elementary School,district,District,Network 10,Traditional,,,,K-8,ES,4707 W MARQUETTE RD,41.77108,-87.73992,8a,WEST LAWN,23,150162990252966,,645,677,690,-45,-6.5,2.3,2026-27,0.8,2026-27,95.8,2026-27,0.2,2026-27,0.3,2026-27,0.6,2026-27,0.0,2026-27,0.0,2026-27,0.0,2026-27,76.3,2026-27,41.1,2026-27,18.3,2026-27,2.8,2024-25,*,2024-25,9360083,2026-27,14512,2026-27,8838461,2025-26,77.0,2026-27,16795,2024-25,10799,2024-25,5995,2024-25,41.9,2024-25,19.3,2024-25,40.6,2024-25,42.7,2024-25,89.1,2024-25,42.5,2024-25,,,,,,,,,,,,,,,,,,,2.0,2024-25,3.0,2024-25,3.0,2024-25,,,U22921,
610547,SOUTH SHORE INTL HS,South Shore Intl College Prep High School,district,District,Network 17,Traditional,,exam,yes,9-12,HS,1955 E 75TH ST,41.75879,-87.57635,10b,SOUTH SHORE,8,150162990250860,,610,555,595,15,2.5,0.2,2026-27,96.4,2026-27,3.0,2026-27,0.0,2026-27,0.3,2026-27,0.0,2026-27,0.0,2026-27,0.2,2026-27,0.0,2026-27,79.8,2026-27,2.8,2026-27,11.8,2026-27,4.9,2024-25,*,2024-25,10195193,2026-27,16713,2026-27,10564097,2025-26,84.0,2026-27,20797,2024-25,13983,2024-25,6814,2024-25,,,,,,,,,79.9,2024-25,75.2,2024-25,90.8,2024-25,91.4,2024-25,60.2,2024-25,7.8,2023-24,5.0,2023-24,56.8,2024-25,35.6,2024-25,18.2,2024-25,18.8,2024-25,3.0,2024-25,3.0,2024-25,3.0,2024-25,3.0,2024-25,U46631,
610548,STEM,STEM Magnet Academy,district,District,ISP,Traditional,,application,,K-8,ES,1522 W FILLMORE ST,41.86858,-87.66497,7a,NEAR WEST SIDE,28,150162990252967,,421,404,401,20,5.0,5.0,2026-27,30.2,2026-27,18.1,2026-27,43.5,2026-27,2.9,2026-27,0.5,2026-27,0.0,2026-27,0.0,2026-27,0.0,2026-27,45.8,2026-27,15.7,2026-27,10.9,2026-27,*,2024-25,*,2024-25,5343565,2026-27,12693,2026-27,5508278,2025-26,44.5,2026-27,17231,2024-25,10817,2024-25,6415,2024-25,73.4,2024-25,60.3,2024-25,49.8,2024-25,53.5,2024-25,95.3,2024-25,10.7,2024-25,,,,,,,,,,,,,,,,,,,,,,,,,,,U22711,
610557,PATHWAYS - ASHBURN HS,Pathways in Education- Ashburn,contract,ALOP,Options,Options,reengagement,,,9-12,HS,3284 W 87TH ST,41.73524,-87.70406,8a,ASHBURN,18,,,250,273,276,-26,-9.4,3.2,2026-27,38.0,2026-27,58.4,2026-27,0.0,2026-27,0.4,2026-27,0.0,2026-27,0.0,2026-27,0.0,2026-27,0.0,2026-27,92.0,2026-27,19.2,2026-27,16.0,2026-27,,,,,5141305,2026-27,20565,2026-27,4012411,2025-26,0.0,2026-27,,,,,,,,,,,,,,,,,,,,,,,,,,,,,,,,,,,,,,,,,,,,,U65018,budget_not_comparable
610558,GOODE HS,Sarah E. Goode STEM Academy,district,District,Network 16,Traditional,,,,9-12,HS,7651 S HOMAN AVE,41.75375,-87.70735,8a,ASHBURN,18,150162990250861,,924,942,967,-43,-4.4,1.2,2026-27,30.3,2026-27,67.4,2026-27,0.1,2026-27,0.6,2026-27,0.2,2026-27,0.1,2026-27,0.0,2026-27,0.0,2026-27,86.8,2026-27,30.2,2026-27,18.8,2026-27,1.4,2024-25,*,2024-25,14309175,2026-27,15486,2026-27,14011167,2025-26,116.5,2026-27,18558,2024-25,12505,2024-25,6053,2024-25,,,,,,,,,84.5,2024-25,56.5,2024-25,90.9,2024-25,64.5,2024-25,46.8,2024-25,7.6,2023-24,6.3,2023-24,22.3,2024-25,8.7,2024-25,14.5,2024-25,15.0,2024-25,3.0,2024-25,3.0,2024-25,3.0,2024-25,3.0,2024-25,U46611,
610559,SHIELDS MIDDLE,James Shields Middle School,district,District,Network 8,Traditional,,,,5-8,ES,2611 W 48TH ST,41.80649,-87.68978,8b,BRIGHTON PARK,15,150162990252968,,277,312,327,-50,-15.3,0.7,2026-27,1.4,2026-27,97.5,2026-27,0.0,2026-27,0.4,2026-27,0.0,2026-27,0.0,2026-27,0.0,2026-27,0.0,2026-27,93.9,2026-27,40.8,2026-27,18.8,2026-27,*,2024-25,*,2024-25,5286572,2026-27,19085,2026-27,5303348,2025-26,40.5,2026-27,21553,2024-25,14628,2024-25,6925,2024-25,38.0,2024-25,13.2,2024-25,55.0,2024-25,48.7,2024-25,89.8,2024-25,40.1,2024-25,,,,,,,,,,,,,,,,,,,4.0,2024-25,4.0,2024-25,4.0,2024-25,,,U27091,
610561,CRANE MEDICAL HS,Richard T Crane Medical Preparatory HS,district,District,Network 15,Traditional,,application,,9-12,HS,2245 W JACKSON BLVD,41.87695,-87.6833,5b,NEAR WEST SIDE,27,150162990250052,,257,305,283,-26,-9.2,0.0,2026-27,90.3,2026-27,9.3,2026-27,0.0,2026-27,0.4,2026-27,0.0,2026-27,0.0,2026-27,0.0,2026-27,0.0,2026-27,92.6,2026-27,5.1,2026-27,12.5,2026-27,8.9,2024-25,*,2024-25,5489866,2026-27,21361,2026-27,6315589,2025-26,44.5,2026-27,25160,2024-25,17311,2024-25,7848,2024-25,,,,,,,,,72.6,2024-25,81.9,2024-25,88.9,2024-25,85.0,2024-25,64.7,2024-25,3.6,2023-24,0.0,2023-24,13.3,2024-25,5.3,2024-25,13.5,2024-25,14.2,2024-25,3.0,2024-25,3.0,2024-25,2.0,2024-25,3.0,2024-25,U46641,
610563,BACK OF THE YARDS HS,Back of the Yards IB High School,district,District,Network 16,Traditional,,,,9-12,HS,2111 W 47TH ST,41.80841,-87.67754,8b,NEW CITY,12,150162990250014,,1028,1039,1015,13,1.3,1.5,2026-27,1.4,2026-27,96.7,2026-27,0.2,2026-27,0.2,2026-27,0.0,2026-27,0.1,2026-27,0.0,2026-27,0.0,2026-27,90.7,2026-27,48.5,2026-27,10.4,2026-27,*,2024-25,*,2024-25,13979294,2026-27,13599,2026-27,14380787,2025-26,115.0,2026-27,17467,2024-25,11410,2024-25,6057,2024-25,,,,,,,,,85.9,2024-25,48.7,2024-25,88.0,2024-25,92.2,2024-25,71.1,2024-25,16.9,2023-24,16.9,2023-24,48.5,2024-25,28.3,2024-25,17.3,2024-25,17.1,2024-25,3.0,2024-25,4.0,2024-25,4.0,2024-25,4.0,2024-25,U46551,
610564,DISNEY II HS,Disney II Magnet High School,district,District,Network 14,Traditional,,application,,7-12,combo,3900 N LAWNDALE AVE,41.95249,-87.72136,1b,IRVING PARK,45,150162990250053,,771,773,727,44,6.1,18.4,2026-27,15.2,2026-27,59.4,2026-27,3.1,2026-27,3.2,2026-27,0.4,2026-27,0.1,2026-27,0.0,2026-27,0.1,2026-27,61.7,2026-27,16.7,2026-27,15.2,2026-27,5.0,2024-25,*,2024-25,16771941,2026-27,21753,2026-27,16464278,2025-26,132.5,2026-27,,,,,,,65.3,2024-25,35.4,2024-25,41.0,2024-25,38.4,2024-25,84.8,2024-25,54.5,2024-25,91.5,2024-25,96.1,2024-25,78.5,2024-25,33.3,2023-24,6.5,2023-24,51.2,2024-25,24.8,2024-25,17.5,2024-25,16.6,2024-25,3.0,2024-25,3.0,2024-25,4.0,2024-25,3.0,2024-25,U26921,
610565,EXCEL ENGLEWOOD HS,Excel Academy of Englewood,contract,Contract,Options,Options,reengagement,,,10-12,HS,7141 S MORGAN ST,41.7639,-87.64912,9a,ENGLEWOOD,17,,,256,267,260,-4,-1.5,0.4,2026-27,94.5,2026-27,4.3,2026-27,0.0,2026-27,0.0,2026-27,0.0,2026-27,0.0,2026-27,0.0,2026-27,0.8,2026-27,92.6,2026-27,2.3,2026-27,21.5,2026-27,,,,,4443006,2026-27,17355,2026-27,4761599,2025-26,0.0,2026-27,,,,,,,,,,,,,,,,,,,,,,,,,,,,,,,,,,,,,,,,,,,,,U63142,budget_not_comparable
610568,PATHWAYS - AVONDALE HS,Pathways in Education- Avondale,contract,ALOP,Options,Options,reengagement,,,9-12,HS,3100 W BELMONT AVE,41.93943,-87.70521,3a,AVONDALE,33,,,306,319,307,-1,-0.3,13.7,2026-27,10.1,2026-27,71.6,2026-27,2.3,2026-27,0.3,2026-27,1.3,2026-27,0.3,2026-27,0.0,2026-27,0.3,2026-27,86.3,2026-27,33.0,2026-27,17.6,2026-27,,,,,5679677,2026-27,18561,2026-27,4524236,2025-26,0.0,2026-27,,,,,,,,,,,,,,,,,,,,,,,,,,,,,,,,,,,,,,,,,,,,,U65016,budget_not_comparable
610569,OMBUDSMAN - NORTHWEST HS,Ombudsman Chicago- Northwest,contract,ALOP,Options,Options,reengagement,,,9-12,HS,7500 N HARLEM AVE,42.01717,-87.80668,1a,EDISON PARK,41,,,258,280,260,-2,-0.8,17.1,2026-27,9.3,2026-27,61.2,2026-27,9.7,2026-27,1.6,2026-27,0.8,2026-27,0.4,2026-27,0.0,2026-27,0.0,2026-27,83.3,2026-27,40.3,2026-27,20.9,2026-27,,,,,5004193,2026-27,19396,2026-27,4002341,2025-26,0.0,2026-27,,,,,,,,,,,,,,,,,,,,,,,,,,,,,,,,,,,,,,,,,,,,,U65013,budget_not_comparable
610570,OMBUDSMAN - SOUTH HS,Ombudsman Chicago - South,contract,ALOP,Options,Options,reengagement,,,9-12,HS,6057 S WESTERN AVE,41.78303,-87.68363,8b,CHICAGO LAWN,16,,,260,260,235,25,10.6,0.4,2026-27,61.5,2026-27,36.9,2026-27,0.0,2026-27,0.8,2026-27,0.0,2026-27,0.4,2026-27,0.0,2026-27,0.0,2026-27,95.4,2026-27,21.2,2026-27,16.9,2026-27,,,,,4660626,2026-27,17925,2026-27,2874925,2025-26,0.0,2026-27,,,,,,,,,,,,,,,,,,,,,,,,,,,,,,,,,,,,,,,,,,,,,U65014,budget_not_comparable
610571,OMBUDSMAN - WEST HS,Ombudsman Chicago- West,contract,ALOP,Options,Options,reengagement,,,9-12,HS,3210 W ROOSEVELT AVE,41.86643,-87.70614,5b,NORTH LAWNDALE,24,,,165,145,197,-32,-16.2,0.6,2026-27,80.0,2026-27,17.6,2026-27,0.6,2026-27,0.6,2026-27,0.6,2026-27,0.0,2026-27,0.0,2026-27,0.0,2026-27,93.3,2026-27,10.3,2026-27,21.2,2026-27,,,,,2701148,2026-27,16371,2026-27,1827048,2025-26,0.0,2026-27,,,,,,,,,,,,,,,,,,,,,,,,,,,,,,,,,,,,,,,,,,,,,U65015,budget_not_comparable
610572,SAFE ACHIEVE ES,Safe Achieve Academy Elementary,contract,SAFE,Options,Options,behavioral_referral,,,7-8,ES,7877 S COLES AVE,41.75312,-87.55051,10a,SOUTH CHICAGO,7,,,6,5,7,-1,-14.3,0.0,2026-27,100.0,2026-27,0.0,2026-27,0.0,2026-27,0.0,2026-27,0.0,2026-27,0.0,2026-27,0.0,2026-27,0.0,2026-27,100.0,2026-27,0.0,2026-27,16.7,2026-27,,,,,,,,,,,,,,,,,,,,,,,,,,,,,,,,,,,,,,,,,,,,,,,,,,,,,,,,,,budget_not_comparable;community_area_mismatch;low_n;no_budget_unit
610573,SAFE ACHIEVE HS,Safe Achieve Academy HS,contract,SAFE,Options,Options,behavioral_referral,,,9-12,HS,7877 S COLES AVE,41.75311,-87.5518,10a,SOUTH CHICAGO,7,,,27,40,23,4,17.4,0.0,2026-27,85.2,2026-27,14.8,2026-27,0.0,2026-27,0.0,2026-27,0.0,2026-27,0.0,2026-27,0.0,2026-27,0.0,2026-27,92.6,2026-27,7.4,2026-27,25.9,2026-27,,,,,1799995,2026-27,66666,2026-27,2022313,2025-26,0.0,2026-27,,,,,,,,,,,,,,,,,,,,,,,,,,,,,,,,,,,,,,,,,,,,,U66011,budget_not_comparable;budget_pp_outlier;community_area_mismatch;low_n
610586,SADLOWSKI,Edward E. Sadlowski Elementary School,district,District,Network 13,Traditional,,,yes,PE-8,ES,3930 E 105TH ST,41.70486,-87.52799,10b,EAST SIDE,10,150162990252969,,686,685,656,30,4.6,3.6,2026-27,5.8,2026-27,89.9,2026-27,0.3,2026-27,0.1,2026-27,0.0,2026-27,0.1,2026-27,0.0,2026-27,0.0,2026-27,74.5,2026-27,44.2,2026-27,27.7,2026-27,*,2024-25,*,2024-25,12827655,2026-27,18699,2026-27,12020121,2025-26,117.5,2026-27,22125,2024-25,14932,2024-25,7193,2024-25,26.1,2024-25,18.7,2024-25,50.9,2024-25,52.5,2024-25,91.8,2024-25,31.2,2024-25,,,,,,,,,,,,,,,,,,,4.0,2024-25,3.0,2024-25,3.0,2024-25,,,U22631,
610587,DYETT ARTS HS,Walter Henri Dyett High School for the Arts,district,District,Network 17,Traditional,,,,9-12,HS,555 E 51ST ST,41.8012,-87.61224,6b,WASHINGTON PARK,20,150162990250863,,516,484,516,0,0.0,0.0,2026-27,95.2,2026-27,4.3,2026-27,0.0,2026-27,0.4,2026-27,0.0,2026-27,0.0,2026-27,0.0,2026-27,0.2,2026-27,93.4,2026-27,2.5,2026-27,22.7,2026-27,7.1,2024-25,*,2024-25,7671201,2026-27,14867,2026-27,7430838,2025-26,66.0,2026-27,21310,2024-25,13574,2024-25,7737,2024-25,,,,,,,,,79.0,2024-25,72.3,2024-25,92.0,2024-25,77.9,2024-25,61.3,2024-25,2.2,2023-24,0.0,2023-24,7.2,2024-25,4.3,2024-25,11.7,2024-25,14.3,2024-25,3.0,2024-25,3.0,2024-25,3.0,2024-25,3.0,2024-25,U46681,
610588,RICHARDSON,Robert J. Richardson Middle School,district,District,Network 10,Traditional,,,,5-8,ES,6018 S KARLOV AVE,41.78383,-87.72542,8a,WEST LAWN,13,150162990252970,,717,785,838,-121,-14.4,1.1,2026-27,0.8,2026-27,97.9,2026-27,0.0,2026-27,0.1,2026-27,0.0,2026-27,0.0,2026-27,0.0,2026-27,0.0,2026-27,87.0,2026-27,38.4,2026-27,11.4,2026-27,1.4,2024-25,*,2024-25,10917285,2026-27,15226,2026-27,10858927,2025-26,84.0,2026-27,17518,2024-25,11719,2024-25,5799,2024-25,35.6,2024-25,18.7,2024-25,41.5,2024-25,45.5,2024-25,90.6,2024-25,33.7,2024-25,,,,,,,,,,,,,,,,,,,4.0,2024-25,4.0,2024-25,4.0,2024-25,,,U23381,
610589,SOR JUANA,Sor Juana Ines de la Cruz ES,district,District,Network 8,Traditional,,,,PK-8,ES,4034 W 56TH ST,41.79146,-87.72447,8a,WEST ELSDON,13,150162990252971,,533,538,545,-12,-2.2,6.8,2026-27,2.4,2026-27,89.9,2026-27,0.0,2026-27,0.9,2026-27,0.0,2026-27,0.0,2026-27,0.0,2026-27,0.0,2026-27,43.5,2026-27,15.2,2026-27,10.9,2026-27,*,2024-25,*,2024-25,6875833,2026-27,12900,2026-27,6904170,2025-26,55.5,2026-27,16345,2024-25,10119,2024-25,6226,2024-25,78.3,2024-25,63.5,2024-25,54.2,2024-25,54.7,2024-25,95.3,2024-25,6.4,2024-25,,,,,,,,,,,,,,,,,,,3.0,2024-25,3.0,2024-25,3.0,2024-25,,,U23521,
610590,BRONZEVILLE CLASSICAL,Bronzeville Classical Elementary School,district,District,Network 9,Traditional,,exam,,K-8,ES,8 W ROOT ST,41.81925,-87.62662,6b,GRAND BOULEVARD,3,150162990252972,,438,441,457,-19,-4.2,5.3,2026-27,75.6,2026-27,4.6,2026-27,7.3,2026-27,6.8,2026-27,0.5,2026-27,0.0,2026-27,0.0,2026-27,0.0,2026-27,16.0,2026-27,0.0,2026-27,3.0,2026-27,*,2024-25,*,2024-25,5195586,2026-27,11862,2026-27,5180550,2025-26,40.0,2026-27,15884,2024-25,9697,2024-25,6187,2024-25,92.4,2024-25,79.9,2024-25,64.2,2024-25,57.6,2024-25,95.4,2024-25,9.1,2024-25,,,,,,,,,,,,,,,,,,,4.0,2024-25,4.0,2024-25,4.0,2024-25,,,U26181,
610592,ENGLEWOOD STEM HS,Englewood STEM High School,district,District,Network 16,Traditional,,,yes,9-12,HS,6835 S NORMAL BLVD,41.77025,-87.63685,6b,ENGLEWOOD,6,150162990250867,,504,514,631,-127,-20.1,1.0,2026-27,65.1,2026-27,32.7,2026-27,0.0,2026-27,0.4,2026-27,0.4,2026-27,0.4,2026-27,0.0,2026-27,0.0,2026-27,91.3,2026-27,29.6,2026-27,19.6,2026-27,9.4,2024-25,*,2024-25,9871655,2026-27,19587,2026-27,10237188,2025-26,85.0,2026-27,21639,2024-25,15120,2024-25,6518,2024-25,,,,,,,,,63.7,2024-25,87.5,2024-25,62.4,2024-25,69.9,2024-25,43.5,2024-25,2.3,2023-24,1.1,2023-24,8.0,2024-25,1.2,2024-25,11.2,2024-25,13.2,2024-25,2.0,2024-25,2.0,2024-25,2.0,2024-25,2.0,2024-25,U46691,
610593,OMBUDSMAN - ROSELAND HS,Ombudsman Chicago - Roseland,contract,ALOP,Options,Options,reengagement,,,9-12,HS,10928 S HALSTED ST,41.69511,-87.64282,9b,MORGAN PARK,21,,,123,125,161,-38,-23.6,0.8,2026-27,94.3,2026-27,4.9,2026-27,0.0,2026-27,0.0,2026-27,0.0,2026-27,0.0,2026-27,0.0,2026-27,0.0,2026-27,88.6,2026-27,3.3,2026-27,18.7,2026-27,,,,,2360030,2026-27,19187,2026-27,1932750,2025-26,0.0,2026-27,,,,,,,,,,,,,,,,,,,,,,,,,,,,,,,,,,,,,,,,,,,,,U69617,budget_not_comparable
610594,PATHWAYS - HUMBOLDT PARK HS,Pathways in Education - Humboldt Park,contract,ALOP,Options,Options,reengagement,,,9-12,HS,2421 W DIVISION ST,41.90284,-87.68795,5a,WEST TOWN,26,,,151,141,144,7,4.9,5.3,2026-27,38.4,2026-27,53.0,2026-27,1.3,2026-27,0.0,2026-27,2.0,2026-27,0.0,2026-27,0.0,2026-27,0.0,2026-27,90.1,2026-27,26.5,2026-27,21.2,2026-27,,,,,2756441,2026-27,18255,2026-27,2157322,2025-26,0.0,2026-27,,,,,,,,,,,,,,,,,,,,,,,,,,,,,,,,,,,,,,,,,,,,,U69618,budget_not_comparable
610595,FISHER,Dr. Fisher Early Learning Center,district,District,Network 4,Early Childhood,early_childhood,,,PE-PK,ES,1840 N. CLARK ST,41.91601,-87.63464,4b,LINCOLN PARK,43,,,123,133,139,-16,-11.5,35.8,2026-27,29.3,2026-27,13.0,2026-27,11.4,2026-27,10.6,2026-27,0.0,2026-27,0.0,2026-27,0.0,2026-27,0.0,2026-27,13.0,2026-27,17.1,2026-27,28.5,2026-27,,,,,3361229,2026-27,27327,2026-27,3172553,2025-26,32.0,2026-27,,,,,,,,,,,,,,,,,,,,,,,,,,,,,,,,,,,,,,,,,,,,,U30151,
610599,CATALPA,Catalpa Early Childhood Center,district,District,Network 1,Early Childhood,early_childhood,,,PE-PK,ES,5252 N LONG AVE,41.96198,-87.75779,1b,JEFFERSON PARK,45,,,221,212,223,-2,-0.9,38.5,2026-27,1.4,2026-27,35.7,2026-27,8.1,2026-27,10.0,2026-27,1.4,2026-27,0.0,2026-27,0.0,2026-27,5.0,2026-27,10.0,2026-27,40.3,2026-27,26.2,2026-27,,,,,4246489,2026-27,19215,2026-27,4333746,2025-26,40.0,2026-27,,,,,,,,,,,,,,,,,,,,,,,,,,,,,,,,,,,,,,,,,,,,,U26081,community_area_mismatch
610601,SAFE ACHIEVE WEST HS,SAFE Achieve Academy West HS,contract,SAFE,Options,Options,behavioral_referral,,,10-12,HS,230 N KOLMAR AVE,41.8843,-87.73925,5b,WEST GARFIELD PARK,28,,,26,26,24,2,8.3,0.0,2026-27,53.8,2026-27,46.2,2026-27,0.0,2026-27,0.0,2026-27,0.0,2026-27,0.0,2026-27,0.0,2026-27,0.0,2026-27,96.2,2026-27,11.5,2026-27,19.2,2026-27,,,,,1402638,2026-27,53948,2026-27,1487649,2025-26,0.0,2026-27,,,,,,,,,,,,,,,,,,,,,,,,,,,,,,,,,,,,,,,,,,,,,U66012,budget_not_comparable;low_n
610602,FUENTES,,district,District,Network 4,Traditional,,,,K-8,ES,2845 W BARRY AVE,41.93748,-87.69959,3a,AVONDALE,35,15016299025261C,400082,180,242,371,-191,-51.5,1.7,2026-27,0.6,2026-27,97.8,2026-27,0.0,2026-27,0.0,2026-27,0.0,2026-27,0.0,2026-27,0.0,2026-27,0.0,2026-27,86.7,2026-27,57.8,2026-27,25.6,2026-27,7.6,2024-25,*,2024-25,4456135,2026-27,24756,2026-27,120206,2025-26,38.0,2026-27,23016,2024-25,21583,2024-25,1432,2024-25,25.8,2024-25,14.6,2024-25,39.3,2024-25,50.3,2024-25,91.3,2024-25,33.3,2024-25,,,,,,,,,,,,,,,,,,,3.0,2024-25,3.0,2024-25,3.0,2024-25,,,U23691,coords_from_predecessor;history_from_predecessor;isbe_predecessor_charter
610603,SANTIAGO,,district,District,Network 5,Traditional,,,,K-8,ES,2510 W CORTEZ ST,41.90034,-87.6899,5a,WEST TOWN,36,15016299025267C,400114,143,175,223,-80,-35.9,4.9,2026-27,7.7,2026-27,84.6,2026-27,0.0,2026-27,1.4,2026-27,1.4,2026-27,0.0,2026-27,0.0,2026-27,0.0,2026-27,86.7,2026-27,50.3,2026-27,18.9,2026-27,*,2024-25,*,2024-25,3972580,2026-27,27780,2026-27,53274,2025-26,33.0,2026-27,21711,2024-25,20224,2024-25,1487,2024-25,34.3,2024-25,23.1,2024-25,48.7,2024-25,52.7,2024-25,94.8,2024-25,11.4,2024-25,,,,,,,,,,,,,,,,,,,3.0,2024-25,4.0,2024-25,4.0,2024-25,,,U23701,coords_from_predecessor;history_from_predecessor;isbe_predecessor_charter
610604,DE LAS CASAS,,district,District,Network 6,Traditional,,,,K-8,ES,1641 W 16TH ST,41.8595,-87.66795,7a,LOWER WEST SIDE,25,15016299025262C,400081,151,147,225,-74,-32.9,2.0,2026-27,0.7,2026-27,97.4,2026-27,0.0,2026-27,0.0,2026-27,0.0,2026-27,0.0,2026-27,0.0,2026-27,0.0,2026-27,84.1,2026-27,71.5,2026-27,16.6,2026-27,4.4,2024-25,*,2024-25,3786453,2026-27,25076,2026-27,173587,2025-26,32.0,2026-27,24987,2024-25,23501,2024-25,1486,2024-25,24.0,2024-25,9.1,2024-25,45.2,2024-25,42.5,2024-25,90.6,2024-25,39.4,2024-25,,,,,,,,,,,,,,,,,,,3.0,2024-25,2.0,2024-25,2.0,2024-25,,,U23781,coords_from_predecessor;history_from_predecessor;isbe_predecessor_charter
610605,CISNEROS,,district,District,Network 7,Traditional,,,,K-8,ES,2744 W PERSHING RD,41.82288,-87.694,8b,BRIGHTON PARK,12,15016299025266C,400101,157,233,327,-170,-52.0,3.8,2026-27,0.0,2026-27,96.2,2026-27,0.0,2026-27,0.0,2026-27,0.0,2026-27,0.0,2026-27,0.0,2026-27,0.0,2026-27,88.5,2026-27,51.6,2026-27,17.8,2026-27,*,2024-25,*,2024-25,4000549,2026-27,25481,2026-27,128671,2025-26,33.5,2026-27,26377,2024-25,24934,2024-25,1443,2024-25,26.1,2024-25,9.9,2024-25,49.3,2024-25,50.8,2024-25,91.8,2024-25,29.7,2024-25,,,,,,,,,,,,,,,,,,,2.0,2024-25,3.0,2024-25,3.0,2024-25,,,U24111,coords_from_predecessor;history_from_predecessor;isbe_predecessor_charter
610606,TAMAYO,,district,District,Network 8,Traditional,,,,K-8,ES,5135 S CALIFORNIA AVE,41.79993,-87.69386,7b,GAGE PARK,14,15016299025260C,400084,248,267,268,-20,-7.5,0.8,2026-27,0.0,2026-27,99.2,2026-27,0.0,2026-27,0.0,2026-27,0.0,2026-27,0.0,2026-27,0.0,2026-27,0.0,2026-27,87.9,2026-27,60.9,2026-27,17.3,2026-27,*,2024-25,*,2024-25,4011055,2026-27,16174,2026-27,111456,2025-26,33.0,2026-27,20388,2024-25,18924,2024-25,1464,2024-25,54.3,2024-25,27.3,2024-25,59.1,2024-25,49.8,2024-25,93.2,2024-25,18.0,2024-25,,,,,,,,,,,,,,,,,,,4.0,2024-25,4.0,2024-25,4.0,2024-25,,,U24211,coords_from_predecessor;history_from_predecessor;isbe_predecessor_charter
610607,CHICAGO ARTS HS,,district,District,Network 15,Traditional,,,,9-12,HS,2714 W AUGUSTA BLVD,41.89938,-87.69495,3b,WEST TOWN,26,150162990250851,400022,494,559,577,-83,-14.4,15.2,2026-27,33.8,2026-27,47.4,2026-27,1.2,2026-27,2.0,2026-27,0.4,2026-27,0.0,2026-27,0.0,2026-27,0.0,2026-27,60.3,2026-27,8.5,2026-27,16.2,2026-27,*,2024-25,*,2024-25,,,,,10346302,2025-26,,,26891,2024-25,25197,2024-25,1694,2024-25,,,,,,,,,93.0,2024-25,20.6,2024-25,94.5,2024-25,86.0,2024-25,83.2,2024-25,32.6,2023-24,11.8,2023-24,58.9,2024-25,22.3,2024-25,19.0,2024-25,16.5,2024-25,2.0,2024-25,3.0,2024-25,3.0,2024-25,3.0,2024-25,U63051,budget_zero_unit;coords_from_predecessor;history_from_predecessor;isbe_predecessor_contract
